absolute_95_percent_interval,absolute_MAE_improvement,baseline_rule,baseline_selection_counts,calibration_refit_in_bootstrap,evaluation_split,evidence_scope,family,improvement_probability,inferential_claim,interval_scope,missing_scene_ids,noise_branch,paired_equal_scene_MAE,paired_scene_MAE,paired_scenes,reason,relative_95_percent_interval,relative_MAE_improvement,relative_valid_draws,repetitions_performed,repetitions_requested,requested_scene_ids,sampling_unit,scene_ids,scene_weighting,seed,sign,status,stronger_point_baseline
"[-0.006145784265758427, 0.0018125453237960026]",-4.739881870784862e-05,"min(mean A1 MAE, mean A2 MAE), reselected in every bootstrap sample","{""A1"": 494, ""A2"": 1506}",False,held_scene,deployable,ALL,0.352,pilot scene-cluster interval; no gate decision,conditional on saved LOSO/development fits; retraining uncertainty is not included,[],all,"{""A1"": 0.0407266522913616, ""A2"": 0.03752311459995132, ""A3"": 0.03757051341865917}","[{""scene_id"": ""2001"", ""units"": 48, ""A1"": 0.018155797285218083, ""A2"": 0.02840054152824414, ""A3"": 0.027770728077657438}, {""scene_id"": ""2003"", ""units"": 48, ""A1"": 0.11473379724679512, ""A2"": 0.10161442159404845, ""A3"": 0.09863800279542896}, {""scene_id"": ""2009"", ""units"": 48, ""A1"": 0.015780824532853396, ""A2"": 0.011782035591891756, ""A3"": 0.013898788015254864}, {""scene_id"": ""2014"", ""units"": 48, ""A1"": 0.014236190100579773, ""A2"": 0.008295459685620956, ""A3"": 0.009974534786295414}]",4,,"[-0.35781448889657325, 0.027737055509634952]",-0.0012631898821082968,2000,2000,2000,"[""2001"", ""2003"", ""2014"", ""2009""]","scene, paired across A1/A2/A3","[""2001"", ""2003"", ""2009"", ""2014""]",equal scene mean MAE on common complete units,20261909,positive differences mean lower A3 MAE,RECORDED_SCENE_CLUSTER_BOOTSTRAP,A2
"[-0.00615119392320412, 0.0018000255873443227]",-4.768723865591212e-05,"min(mean A1 MAE, mean A2 MAE), reselected in every bootstrap sample","{""A1"": 494, ""A2"": 1506}",False,held_scene,deployable,ALL,0.352,pilot scene-cluster interval; no gate decision,conditional on saved LOSO/development fits; retraining uncertainty is not included,[],noise_zero,"{""A1"": 0.0407515264388934, ""A2"": 0.037563992207302804, ""A3"": 0.037611679445958716}","[{""scene_id"": ""2001"", ""units"": 16, ""A1"": 0.018225905288264555, ""A2"": 0.028508315439378786, ""A3"": 0.02787850194379711}, {""scene_id"": ""2003"", ""units"": 16, ""A1"": 0.11468762256132453, ""A2"": 0.10159611601374646, ""A3"": 0.09864415981073339}, {""scene_id"": ""2009"", ""units"": 16, ""A1"": 0.015751162701631193, ""A2"": 0.011818902705175752, ""A3"": 0.013935655098732229}, {""scene_id"": ""2014"", ""units"": 16, ""A1"": 0.014341415204353312, ""A2"": 0.008332634670910225, ""A3"": 0.009988400930572123}]",4,,"[-0.3564921104000299, 0.027529959268798695]",-0.0012694933592985163,2000,2000,2000,"[""2001"", ""2003"", ""2014"", ""2009""]","scene, paired across A1/A2/A3","[""2001"", ""2003"", ""2009"", ""2014""]",equal scene mean MAE on common complete units,20261909,positive differences mean lower A3 MAE,RECORDED_SCENE_CLUSTER_BOOTSTRAP,A2
"[-0.006143079437035577, 0.0018188051920218357]",-4.725460873381687e-05,"min(mean A1 MAE, mean A2 MAE), reselected in every bootstrap sample","{""A1"": 494, ""A2"": 1506}",False,held_scene,deployable,ALL,0.352,pilot scene-cluster interval; no gate decision,conditional on saved LOSO/development fits; retraining uncertainty is not included,[],noise_positive,"{""A1"": 0.04071421521759569, ""A2"": 0.037502675796275586, ""A3"": 0.0375499304050094}","[{""scene_id"": ""2001"", ""units"": 32, ""A1"": 0.018120743283694847, ""A2"": 0.028346654572676818, ""A3"": 0.027716841144587598}, {""scene_id"": ""2003"", ""units"": 32, ""A1"": 0.11475688458953041, ""A2"": 0.10162357438419944, ""A3"": 0.09863492428777676}, {""scene_id"": ""2009"", ""units"": 32, ""A1"": 0.015795655448464493, ""A2"": 0.011763602035249758, ""A3"": 0.013880354473516182}, {""scene_id"": ""2014"", ""units"": 32, ""A1"": 0.014183577548693004, ""A2"": 0.008276872192976322, ""A3"": 0.009967601714157061}]",4,,"[-0.35848024380003224, 0.027840710550048272]",-0.0012600329904595702,2000,2000,2000,"[""2001"", ""2003"", ""2014"", ""2009""]","scene, paired across A1/A2/A3","[""2001"", ""2003"", ""2009"", ""2014""]",equal scene mean MAE on common complete units,20261909,positive differences mean lower A3 MAE,RECORDED_SCENE_CLUSTER_BOOTSTRAP,A2
,-0.0016790751006744587,"min(mean A1 MAE, mean A2 MAE), reselected in every bootstrap sample","{""A1"": 0, ""A2"": 0}",False,held_scene,deployable,asymmetric,,pilot scene-cluster interval; no gate decision,conditional on saved LOSO/development fits; retraining uncertainty is not included,[],all,"{""A1"": 0.014236190100579773, ""A2"": 0.008295459685620956, ""A3"": 0.009974534786295414}","[{""scene_id"": ""2014"", ""units"": 48, ""A1"": 0.014236190100579773, ""A2"": 0.008295459685620956, ""A3"": 0.009974534786295414}]",1,AT_LEAST_TWO_PAIRED_SCENES_AND_POSITIVE_REPETITIONS_REQUIRED,,-0.20240892781203018,0,0,2000,"[""2014""]","scene, paired across A1/A2/A3","[""2014""]",equal scene mean MAE on common complete units,20261909,positive differences mean lower A3 MAE,UNDEFINED,A2
,-0.0016557662596618974,"min(mean A1 MAE, mean A2 MAE), reselected in every bootstrap sample","{""A1"": 0, ""A2"": 0}",False,held_scene,deployable,asymmetric,,pilot scene-cluster interval; no gate decision,conditional on saved LOSO/development fits; retraining uncertainty is not included,[],noise_zero,"{""A1"": 0.014341415204353312, ""A2"": 0.008332634670910225, ""A3"": 0.009988400930572123}","[{""scene_id"": ""2014"", ""units"": 16, ""A1"": 0.014341415204353312, ""A2"": 0.008332634670910225, ""A3"": 0.009988400930572123}]",1,AT_LEAST_TWO_PAIRED_SCENES_AND_POSITIVE_REPETITIONS_REQUIRED,,-0.19870861078816837,0,0,2000,"[""2014""]","scene, paired across A1/A2/A3","[""2014""]",equal scene mean MAE on common complete units,20261909,positive differences mean lower A3 MAE,UNDEFINED,A2
,-0.0016907295211807394,"min(mean A1 MAE, mean A2 MAE), reselected in every bootstrap sample","{""A1"": 0, ""A2"": 0}",False,held_scene,deployable,asymmetric,,pilot scene-cluster interval; no gate decision,conditional on saved LOSO/development fits; retraining uncertainty is not included,[],noise_positive,"{""A1"": 0.014183577548693004, ""A2"": 0.008276872192976322, ""A3"": 0.009967601714157061}","[{""scene_id"": ""2014"", ""units"": 32, ""A1"": 0.014183577548693004, ""A2"": 0.008276872192976322, ""A3"": 0.009967601714157061}]",1,AT_LEAST_TWO_PAIRED_SCENES_AND_POSITIVE_REPETITIONS_REQUIRED,,-0.20427155110785414,0,0,2000,"[""2014""]","scene, paired across A1/A2/A3","[""2014""]",equal scene mean MAE on common complete units,20261909,positive differences mean lower A3 MAE,UNDEFINED,A2
"[-0.009614930792439354, 0.0029764187986194846]",0.0018031161246030852,"min(mean A1 MAE, mean A2 MAE), reselected in every bootstrap sample","{""A1"": 499, ""A2"": 1501}",False,held_scene,deployable,gaussian,0.7505,pilot scene-cluster interval; no gate decision,conditional on saved LOSO/development fits; retraining uncertainty is not included,[],all,"{""A1"": 0.0664447972660066, ""A2"": 0.06500748156114629, ""A3"": 0.0632043654365432}","[{""scene_id"": ""2001"", ""units"": 48, ""A1"": 0.018155797285218083, ""A2"": 0.02840054152824414, ""A3"": 0.027770728077657438}, {""scene_id"": ""2003"", ""units"": 48, ""A1"": 0.11473379724679512, ""A2"": 0.10161442159404845, ""A3"": 0.09863800279542896}]",2,,"[-0.5295791003498121, 0.029291302867523416]",0.027737055509634952,2000,2000,2000,"[""2001"", ""2003""]","scene, paired across A1/A2/A3","[""2001"", ""2003""]",equal scene mean MAE on common complete units,20261909,positive differences mean lower A3 MAE,RECORDED_SCENE_CLUSTER_BOOTSTRAP,A2
"[-0.009652596655532555, 0.0029519562030130703]",0.001790884849297375,"min(mean A1 MAE, mean A2 MAE), reselected in every bootstrap sample","{""A1"": 499, ""A2"": 1501}",False,held_scene,deployable,gaussian,0.7505,pilot scene-cluster interval; no gate decision,conditional on saved LOSO/development fits; retraining uncertainty is not included,[],noise_zero,"{""A1"": 0.06645676392479455, ""A2"": 0.06505221572656263, ""A3"": 0.06326133087726525}","[{""scene_id"": ""2001"", ""units"": 16, ""A1"": 0.018225905288264555, ""A2"": 0.028508315439378786, ""A3"": 0.02787850194379711}, {""scene_id"": ""2003"", ""units"": 16, ""A1"": 0.11468762256132453, ""A2"": 0.10159611601374646, ""A3"": 0.09864415981073339}]",2,,"[-0.529608625901713, 0.029055797788703416]",0.027529959268798695,2000,2000,2000,"[""2001"", ""2003""]","scene, paired across A1/A2/A3","[""2001"", ""2003""]",equal scene mean MAE on common complete units,20261909,positive differences mean lower A3 MAE,RECORDED_SCENE_CLUSTER_BOOTSTRAP,A2
"[-0.00959609786089275, 0.0029886500964226848]",0.0018092317622559473,"min(mean A1 MAE, mean A2 MAE), reselected in every bootstrap sample","{""A1"": 499, ""A2"": 1501}",False,held_scene,deployable,gaussian,0.7505,pilot scene-cluster interval; no gate decision,conditional on saved LOSO/development fits; retraining uncertainty is not included,[],noise_positive,"{""A1"": 0.06643881393661263, ""A2"": 0.06498511447843813, ""A3"": 0.06317588271618219}","[{""scene_id"": ""2001"", ""units"": 32, ""A1"": 0.018120743283694847, ""A2"": 0.028346654572676818, ""A3"": 0.027716841144587598}, {""scene_id"": ""2003"", ""units"": 32, ""A1"": 0.11475688458953041, ""A2"": 0.10162357438419944, ""A3"": 0.09863492428777676}]",2,,"[-0.5295642518995, 0.029409023590567226]",0.027840710550048272,2000,2000,2000,"[""2001"", ""2003""]","scene, paired across A1/A2/A3","[""2001"", ""2003""]",equal scene mean MAE on common complete units,20261909,positive differences mean lower A3 MAE,RECORDED_SCENE_CLUSTER_BOOTSTRAP,A2
,-0.002116752423363108,"min(mean A1 MAE, mean A2 MAE), reselected in every bootstrap sample","{""A1"": 0, ""A2"": 0}",False,held_scene,deployable,shell,,pilot scene-cluster interval; no gate decision,conditional on saved LOSO/development fits; retraining uncertainty is not included,[],all,"{""A1"": 0.015780824532853396, ""A2"": 0.011782035591891756, ""A3"": 0.013898788015254864}","[{""scene_id"": ""2009"", ""units"": 48, ""A1"": 0.015780824532853396, ""A2"": 0.011782035591891756, ""A3"": 0.013898788015254864}]",1,AT_LEAST_TWO_PAIRED_SCENES_AND_POSITIVE_REPETITIONS_REQUIRED,,-0.17965931327009652,0,0,2000,"[""2009""]","scene, paired across A1/A2/A3","[""2009""]",equal scene mean MAE on common complete units,20261909,positive differences mean lower A3 MAE,UNDEFINED,A2
,-0.002116752393556477,"min(mean A1 MAE, mean A2 MAE), reselected in every bootstrap sample","{""A1"": 0, ""A2"": 0}",False,held_scene,deployable,shell,,pilot scene-cluster interval; no gate decision,conditional on saved LOSO/development fits; retraining uncertainty is not included,[],noise_zero,"{""A1"": 0.015751162701631193, ""A2"": 0.011818902705175752, ""A3"": 0.013935655098732229}","[{""scene_id"": ""2009"", ""units"": 16, ""A1"": 0.015751162701631193, ""A2"": 0.011818902705175752, ""A3"": 0.013935655098732229}]",1,AT_LEAST_TWO_PAIRED_SCENES_AND_POSITIVE_REPETITIONS_REQUIRED,,-0.1790988932187,0,0,2000,"[""2009""]","scene, paired across A1/A2/A3","[""2009""]",equal scene mean MAE on common complete units,20261909,positive differences mean lower A3 MAE,UNDEFINED,A2
,-0.0021167524382664244,"min(mean A1 MAE, mean A2 MAE), reselected in every bootstrap sample","{""A1"": 0, ""A2"": 0}",False,held_scene,deployable,shell,,pilot scene-cluster interval; no gate decision,conditional on saved LOSO/development fits; retraining uncertainty is not included,[],noise_positive,"{""A1"": 0.015795655448464493, ""A2"": 0.011763602035249758, ""A3"": 0.013880354473516182}","[{""scene_id"": ""2009"", ""units"": 32, ""A1"": 0.015795655448464493, ""A2"": 0.011763602035249758, ""A3"": 0.013880354473516182}]",1,AT_LEAST_TWO_PAIRED_SCENES_AND_POSITIVE_REPETITIONS_REQUIRED,,-0.17994084056257204,0,0,2000,"[""2009""]","scene, paired across A1/A2/A3","[""2009""]",equal scene mean MAE on common complete units,20261909,positive differences mean lower A3 MAE,UNDEFINED,A2
