capacity,evaluate_scene_ids,evaluation_split,evidence_scope,fit_scene_ids,fit_units,fold,held_out,intercept,label_target,loss,method,method_scope,missing_fit_scene_ids,missing_fit_units,outlier_filter,parameter_count,reason,requested_fit_scene_ids,scale,status,unit
one scalar per method,"[""2001""]",held_scene,deployable,"[""2003"", ""2009"", ""2014""]",144,2001,True,0.0,absolute coefficient error,unweighted squared absolute coefficient error,A0,deployable,[],0,NONE,1,,"[""2003"", ""2014"", ""2009""]",0.3925607827351254,FITTED,noise-draw mean
one scalar per method,"[""2001""]",held_scene,deployable,"[""2003"", ""2009"", ""2014""]",144,2001,True,0.0,absolute coefficient error,unweighted squared absolute coefficient error,A1,deployable,[],0,NONE,1,,"[""2003"", ""2014"", ""2009""]",0.4984370991207941,FITTED,noise-draw mean
one scalar per method,"[""2001""]",held_scene,deployable,"[""2003"", ""2009"", ""2014""]",144,2001,True,0.0,absolute coefficient error,unweighted squared absolute coefficient error,A2,deployable,[],0,NONE,1,,"[""2003"", ""2014"", ""2009""]",0.0002321340427108529,FITTED,noise-draw mean
one scalar per method,"[""2001""]",held_scene,deployable,"[""2003"", ""2009"", ""2014""]",144,2001,True,0.0,absolute coefficient error,unweighted squared absolute coefficient error,A3,deployable,[],0,NONE,1,,"[""2003"", ""2014"", ""2009""]",0.0011518683194846418,FITTED,noise-draw mean
one scalar per method,"[""2001""]",held_scene,deployable,"[""2003"", ""2009"", ""2014""]",144,2001,True,0.0,absolute coefficient error,unweighted squared absolute coefficient error,full_J,offline_full_J,[],0,NONE,1,,"[""2003"", ""2014"", ""2009""]",0.2707945218560755,FITTED,noise-draw mean
one scalar per method,"[""2001""]",held_scene,deployable,"[""2003"", ""2009"", ""2014""]",144,2001,True,0.0,absolute coefficient error,unweighted squared absolute coefficient error,full_J_total,offline_full_J,[],0,NONE,1,,"[""2003"", ""2014"", ""2009""]",0.25583135407907087,FITTED,noise-draw mean
one scalar per method,"[""2003""]",held_scene,deployable,"[""2001"", ""2009"", ""2014""]",144,2003,True,0.0,absolute coefficient error,unweighted squared absolute coefficient error,A0,deployable,[],0,NONE,1,,"[""2001"", ""2014"", ""2009""]",0.4282803863672123,FITTED,noise-draw mean
one scalar per method,"[""2003""]",held_scene,deployable,"[""2001"", ""2009"", ""2014""]",144,2003,True,0.0,absolute coefficient error,unweighted squared absolute coefficient error,A1,deployable,[],0,NONE,1,,"[""2001"", ""2014"", ""2009""]",0.44901320750288776,FITTED,noise-draw mean
one scalar per method,"[""2003""]",held_scene,deployable,"[""2001"", ""2009"", ""2014""]",144,2003,True,0.0,absolute coefficient error,unweighted squared absolute coefficient error,A2,deployable,[],0,NONE,1,,"[""2001"", ""2014"", ""2009""]",0.00016900946280043097,FITTED,noise-draw mean
one scalar per method,"[""2003""]",held_scene,deployable,"[""2001"", ""2009"", ""2014""]",144,2003,True,0.0,absolute coefficient error,unweighted squared absolute coefficient error,A3,deployable,[],0,NONE,1,,"[""2001"", ""2014"", ""2009""]",0.0008249355590163155,FITTED,noise-draw mean
one scalar per method,"[""2003""]",held_scene,deployable,"[""2001"", ""2009"", ""2014""]",144,2003,True,0.0,absolute coefficient error,unweighted squared absolute coefficient error,full_J,offline_full_J,[],0,NONE,1,,"[""2001"", ""2014"", ""2009""]",0.2787131090551129,FITTED,noise-draw mean
one scalar per method,"[""2003""]",held_scene,deployable,"[""2001"", ""2009"", ""2014""]",144,2003,True,0.0,absolute coefficient error,unweighted squared absolute coefficient error,full_J_total,offline_full_J,[],0,NONE,1,,"[""2001"", ""2014"", ""2009""]",0.38300580710790927,FITTED,noise-draw mean
one scalar per method,"[""2014""]",held_scene,deployable,"[""2001"", ""2003"", ""2009""]",144,2014,True,0.0,absolute coefficient error,unweighted squared absolute coefficient error,A0,deployable,[],0,NONE,1,,"[""2001"", ""2003"", ""2009""]",0.27498158737533024,FITTED,noise-draw mean
one scalar per method,"[""2014""]",held_scene,deployable,"[""2001"", ""2003"", ""2009""]",144,2014,True,0.0,absolute coefficient error,unweighted squared absolute coefficient error,A1,deployable,[],0,NONE,1,,"[""2001"", ""2003"", ""2009""]",0.40226037045423757,FITTED,noise-draw mean
one scalar per method,"[""2014""]",held_scene,deployable,"[""2001"", ""2003"", ""2009""]",144,2014,True,0.0,absolute coefficient error,unweighted squared absolute coefficient error,A2,deployable,[],0,NONE,1,,"[""2001"", ""2003"", ""2009""]",0.0001976094222113038,FITTED,noise-draw mean
one scalar per method,"[""2014""]",held_scene,deployable,"[""2001"", ""2003"", ""2009""]",144,2014,True,0.0,absolute coefficient error,unweighted squared absolute coefficient error,A3,deployable,[],0,NONE,1,,"[""2001"", ""2003"", ""2009""]",0.00100198119825093,FITTED,noise-draw mean
one scalar per method,"[""2014""]",held_scene,deployable,"[""2001"", ""2003"", ""2009""]",144,2014,True,0.0,absolute coefficient error,unweighted squared absolute coefficient error,full_J,offline_full_J,[],0,NONE,1,,"[""2001"", ""2003"", ""2009""]",0.23566638983105542,FITTED,noise-draw mean
one scalar per method,"[""2014""]",held_scene,deployable,"[""2001"", ""2003"", ""2009""]",144,2014,True,0.0,absolute coefficient error,unweighted squared absolute coefficient error,full_J_total,offline_full_J,[],0,NONE,1,,"[""2001"", ""2003"", ""2009""]",0.18875850959261856,FITTED,noise-draw mean
one scalar per method,"[""2009""]",held_scene,deployable,"[""2001"", ""2003"", ""2014""]",144,2009,True,0.0,absolute coefficient error,unweighted squared absolute coefficient error,A0,deployable,[],0,NONE,1,,"[""2001"", ""2003"", ""2014""]",0.3507698344257462,FITTED,noise-draw mean
one scalar per method,"[""2009""]",held_scene,deployable,"[""2001"", ""2003"", ""2014""]",144,2009,True,0.0,absolute coefficient error,unweighted squared absolute coefficient error,A1,deployable,[],0,NONE,1,,"[""2001"", ""2003"", ""2014""]",0.44825198970649915,FITTED,noise-draw mean
one scalar per method,"[""2009""]",held_scene,deployable,"[""2001"", ""2003"", ""2014""]",144,2009,True,0.0,absolute coefficient error,unweighted squared absolute coefficient error,A2,deployable,[],0,NONE,1,,"[""2001"", ""2003"", ""2014""]",0.0002054603876244345,FITTED,noise-draw mean
one scalar per method,"[""2009""]",held_scene,deployable,"[""2001"", ""2003"", ""2014""]",144,2009,True,0.0,absolute coefficient error,unweighted squared absolute coefficient error,A3,deployable,[],0,NONE,1,,"[""2001"", ""2003"", ""2014""]",0.0010472724267920836,FITTED,noise-draw mean
one scalar per method,"[""2009""]",held_scene,deployable,"[""2001"", ""2003"", ""2014""]",144,2009,True,0.0,absolute coefficient error,unweighted squared absolute coefficient error,full_J,offline_full_J,[],0,NONE,1,,"[""2001"", ""2003"", ""2014""]",0.26550374273854105,FITTED,noise-draw mean
one scalar per method,"[""2009""]",held_scene,deployable,"[""2001"", ""2003"", ""2014""]",144,2009,True,0.0,absolute coefficient error,unweighted squared absolute coefficient error,full_J_total,offline_full_J,[],0,NONE,1,,"[""2001"", ""2003"", ""2014""]",0.24255781857894054,FITTED,noise-draw mean
