available_scene_ids,equal_scene_MAE,equal_scene_coverage,equal_scene_coverage_all_attempted,equal_scene_mean_failure_AUC,evaluation_split,evidence_scope,family,median_scene_spearman,method,method_scope,missing_scene_ids,noise_branch,pooled_failure_AUC,pooled_failure_AUC_status,pooled_failure_AUC_weighting,requested_scene_ids,scenes_with_defined_failure_AUC,scenes_with_defined_spearman,status
"[""2001"", ""2003"", ""2009"", ""2014""]",0.04716840634258331,0.125,0.125,,held_scene,deployable,ALL,0.41114499281880573,A0,deployable,[],all,,UNDEFINED,equal scene; each complete unit weight 1 / classified units in its scene,"[""2001"", ""2003"", ""2014"", ""2009""]",0,4,RECORDED
"[""2001"", ""2003"", ""2009"", ""2014""]",0.0407266522913616,0.20833333333333334,0.20833333333333334,,held_scene,deployable,ALL,0.5031502263505174,A1,deployable,[],all,,UNDEFINED,equal scene; each complete unit weight 1 / classified units in its scene,"[""2001"", ""2003"", ""2014"", ""2009""]",0,4,RECORDED
"[""2001"", ""2003"", ""2009"", ""2014""]",0.03752311459995132,0.3958333333333333,0.3958333333333333,,held_scene,deployable,ALL,0.4811658706035606,A2,deployable,[],all,,UNDEFINED,equal scene; each complete unit weight 1 / classified units in its scene,"[""2001"", ""2003"", ""2014"", ""2009""]",0,4,RECORDED
"[""2001"", ""2003"", ""2009"", ""2014""]",0.03757051341865917,0.40625,0.40625,,held_scene,deployable,ALL,0.5068931828050369,A3,deployable,[],all,,UNDEFINED,equal scene; each complete unit weight 1 / classified units in its scene,"[""2001"", ""2003"", ""2014"", ""2009""]",0,4,RECORDED
"[""2001"", ""2003"", ""2009"", ""2014""]",0.039598829949561855,0.234375,0.234375,,held_scene,deployable,ALL,0.4847926295773659,full_J,offline_full_J,[],all,,UNDEFINED,equal scene; each complete unit weight 1 / classified units in its scene,"[""2001"", ""2003"", ""2014"", ""2009""]",0,4,RECORDED
"[""2001"", ""2003"", ""2009"", ""2014""]",0.05007096942730958,0.078125,0.078125,,held_scene,deployable,ALL,0.41114499281880573,full_J_total,offline_full_J,[],all,,UNDEFINED,equal scene; each complete unit weight 1 / classified units in its scene,"[""2001"", ""2003"", ""2014"", ""2009""]",0,4,RECORDED
"[""2001"", ""2003"", ""2009"", ""2014""]",0.047213570016623845,0.125,0.125,,held_scene,deployable,ALL,0.48817422671649935,A0,deployable,[],noise_zero,,UNDEFINED,equal scene; each complete unit weight 1 / classified units in its scene,"[""2001"", ""2003"", ""2014"", ""2009""]",0,4,RECORDED
"[""2001"", ""2003"", ""2009"", ""2014""]",0.0407515264388934,0.203125,0.203125,,held_scene,deployable,ALL,0.5029673851018478,A1,deployable,[],noise_zero,,UNDEFINED,equal scene; each complete unit weight 1 / classified units in its scene,"[""2001"", ""2003"", ""2014"", ""2009""]",0,4,RECORDED
"[""2001"", ""2003"", ""2009"", ""2014""]",0.037563992207302804,0.390625,0.390625,,held_scene,deployable,ALL,0.48235294117647054,A2,deployable,[],noise_zero,,UNDEFINED,equal scene; each complete unit weight 1 / classified units in its scene,"[""2001"", ""2003"", ""2014"", ""2009""]",0,4,RECORDED
"[""2001"", ""2003"", ""2009"", ""2014""]",0.037611679445958716,0.40625,0.40625,,held_scene,deployable,ALL,0.5088235294117647,A3,deployable,[],noise_zero,,UNDEFINED,equal scene; each complete unit weight 1 / classified units in its scene,"[""2001"", ""2003"", ""2014"", ""2009""]",0,4,RECORDED
"[""2001"", ""2003"", ""2009"", ""2014""]",0.03962317833620088,0.234375,0.234375,,held_scene,deployable,ALL,0.48817422671649935,full_J,offline_full_J,[],noise_zero,,UNDEFINED,equal scene; each complete unit weight 1 / classified units in its scene,"[""2001"", ""2003"", ""2014"", ""2009""]",0,4,RECORDED
"[""2001"", ""2003"", ""2009"", ""2014""]",0.050097535864672076,0.078125,0.078125,,held_scene,deployable,ALL,0.48817422671649935,full_J_total,offline_full_J,[],noise_zero,,UNDEFINED,equal scene; each complete unit weight 1 / classified units in its scene,"[""2001"", ""2003"", ""2014"", ""2009""]",0,4,RECORDED
"[""2001"", ""2003"", ""2009"", ""2014""]",0.047145824505563046,0.125,0.125,,held_scene,deployable,ALL,0.4196039766217974,A0,deployable,[],noise_positive,,UNDEFINED,equal scene; each complete unit weight 1 / classified units in its scene,"[""2001"", ""2003"", ""2014"", ""2009""]",0,4,RECORDED
"[""2001"", ""2003"", ""2009"", ""2014""]",0.04071421521759569,0.2109375,0.2109375,,held_scene,deployable,ALL,0.5033045073914998,A1,deployable,[],noise_positive,,UNDEFINED,equal scene; each complete unit weight 1 / classified units in its scene,"[""2001"", ""2003"", ""2014"", ""2009""]",0,4,RECORDED
"[""2001"", ""2003"", ""2009"", ""2014""]",0.037502675796275586,0.3984375,0.3984375,,held_scene,deployable,ALL,0.48167155425219943,A2,deployable,[],noise_positive,,UNDEFINED,equal scene; each complete unit weight 1 / classified units in its scene,"[""2001"", ""2003"", ""2014"", ""2009""]",0,4,RECORDED
"[""2001"", ""2003"", ""2009"", ""2014""]",0.0375499304050094,0.40625,0.40625,,held_scene,deployable,ALL,0.5065982404692082,A3,deployable,[],noise_positive,,UNDEFINED,equal scene; each complete unit weight 1 / classified units in its scene,"[""2001"", ""2003"", ""2014"", ""2009""]",0,4,RECORDED
"[""2001"", ""2003"", ""2009"", ""2014""]",0.039586655756242345,0.234375,0.234375,,held_scene,deployable,ALL,0.4853162354278357,full_J,offline_full_J,[],noise_positive,,UNDEFINED,equal scene; each complete unit weight 1 / classified units in its scene,"[""2001"", ""2003"", ""2014"", ""2009""]",0,4,RECORDED
"[""2001"", ""2003"", ""2009"", ""2014""]",0.05005768620862834,0.078125,0.078125,,held_scene,deployable,ALL,0.4196039766217974,full_J_total,offline_full_J,[],noise_positive,,UNDEFINED,equal scene; each complete unit weight 1 / classified units in its scene,"[""2001"", ""2003"", ""2014"", ""2009""]",0,4,RECORDED
"[""2014""]",0.025715058026385074,0.0,0.0,,held_scene,deployable,asymmetric,0.8881166344218113,A0,deployable,[],all,,UNDEFINED,equal scene; each complete unit weight 1 / classified units in its scene,"[""2014""]",0,1,RECORDED
"[""2014""]",0.014236190100579773,0.0,0.0,,held_scene,deployable,asymmetric,0.9489465408890586,A1,deployable,[],all,,UNDEFINED,equal scene; each complete unit weight 1 / classified units in its scene,"[""2014""]",0,1,RECORDED
"[""2014""]",0.008295459685620956,0.125,0.125,,held_scene,deployable,asymmetric,0.9457229700390795,A2,deployable,[],all,,UNDEFINED,equal scene; each complete unit weight 1 / classified units in its scene,"[""2014""]",0,1,RECORDED
"[""2014""]",0.009974534786295414,0.1875,0.1875,,held_scene,deployable,asymmetric,0.9457229700390795,A3,deployable,[],all,,UNDEFINED,equal scene; each complete unit weight 1 / classified units in its scene,"[""2014""]",0,1,RECORDED
"[""2014""]",0.013773483059305907,0.0,0.0,,held_scene,deployable,asymmetric,0.9513362872145577,full_J,offline_full_J,[],all,,UNDEFINED,equal scene; each complete unit weight 1 / classified units in its scene,"[""2014""]",0,1,RECORDED
"[""2014""]",0.026942234373542213,0.0,0.0,,held_scene,deployable,asymmetric,0.8881166344218113,full_J_total,offline_full_J,[],all,,UNDEFINED,equal scene; each complete unit weight 1 / classified units in its scene,"[""2014""]",0,1,RECORDED
"[""2014""]",0.025817885427965648,0.0,0.0,,held_scene,deployable,asymmetric,0.905341293183326,A0,deployable,[],noise_zero,,UNDEFINED,equal scene; each complete unit weight 1 / classified units in its scene,"[""2014""]",0,1,RECORDED
"[""2014""]",0.014341415204353312,0.0,0.0,,held_scene,deployable,asymmetric,0.9526794000164411,A1,deployable,[],noise_zero,,UNDEFINED,equal scene; each complete unit weight 1 / classified units in its scene,"[""2014""]",0,1,RECORDED
"[""2014""]",0.008332634670910225,0.125,0.125,,held_scene,deployable,asymmetric,0.95,A2,deployable,[],noise_zero,,UNDEFINED,equal scene; each complete unit weight 1 / classified units in its scene,"[""2014""]",0,1,RECORDED
"[""2014""]",0.009988400930572123,0.1875,0.1875,,held_scene,deployable,asymmetric,0.95,A3,deployable,[],noise_zero,,UNDEFINED,equal scene; each complete unit weight 1 / classified units in its scene,"[""2014""]",0,1,RECORDED
"[""2014""]",0.013865538213455937,0.0,0.0,,held_scene,deployable,asymmetric,0.9526794000164411,full_J,offline_full_J,[],noise_zero,,UNDEFINED,equal scene; each complete unit weight 1 / classified units in its scene,"[""2014""]",0,1,RECORDED
"[""2014""]",0.027040015897771746,0.0,0.0,,held_scene,deployable,asymmetric,0.905341293183326,full_J_total,offline_full_J,[],noise_zero,,UNDEFINED,equal scene; each complete unit weight 1 / classified units in its scene,"[""2014""]",0,1,RECORDED
"[""2014""]",0.025663644325594787,0.0,0.0,,held_scene,deployable,asymmetric,0.8957425222722535,A0,deployable,[],noise_positive,,UNDEFINED,equal scene; each complete unit weight 1 / classified units in its scene,"[""2014""]",0,1,RECORDED
"[""2014""]",0.014183577548693004,0.0,0.0,,held_scene,deployable,asymmetric,0.9471375850255795,A1,deployable,[],noise_positive,,UNDEFINED,equal scene; each complete unit weight 1 / classified units in its scene,"[""2014""]",0,1,RECORDED
"[""2014""]",0.008276872192976322,0.125,0.125,,held_scene,deployable,asymmetric,0.9472140762463344,A2,deployable,[],noise_positive,,UNDEFINED,equal scene; each complete unit weight 1 / classified units in its scene,"[""2014""]",0,1,RECORDED
"[""2014""]",0.009967601714157061,0.1875,0.1875,,held_scene,deployable,asymmetric,0.9472140762463344,A3,deployable,[],noise_positive,,UNDEFINED,equal scene; each complete unit weight 1 / classified units in its scene,"[""2014""]",0,1,RECORDED
"[""2014""]",0.013727455482230894,0.0,0.0,,held_scene,deployable,asymmetric,0.9530113064831025,full_J,offline_full_J,[],noise_positive,,UNDEFINED,equal scene; each complete unit weight 1 / classified units in its scene,"[""2014""]",0,1,RECORDED
"[""2014""]",0.02689334361142745,0.0,0.0,,held_scene,deployable,asymmetric,0.8957425222722535,full_J_total,offline_full_J,[],noise_positive,,UNDEFINED,equal scene; each complete unit weight 1 / classified units in its scene,"[""2014""]",0,1,RECORDED
"[""2001"", ""2003""]",0.07124426035947504,0.21875,0.21875,,held_scene,deployable,gaussian,-0.15913538031163815,A0,deployable,[],all,,UNDEFINED,equal scene; each complete unit weight 1 / classified units in its scene,"[""2001"", ""2003""]",0,2,RECORDED
"[""2001"", ""2003""]",0.0664447972660066,0.34375,0.34375,,held_scene,deployable,gaussian,-0.000868998663817816,A1,deployable,[],all,,UNDEFINED,equal scene; each complete unit weight 1 / classified units in its scene,"[""2001"", ""2003""]",0,2,RECORDED
"[""2001"", ""2003""]",0.06500748156114629,0.4479166666666667,0.4479166666666667,,held_scene,deployable,gaussian,-0.07121146330872775,A2,deployable,[],all,,UNDEFINED,equal scene; each complete unit weight 1 / classified units in its scene,"[""2001"", ""2003""]",0,2,RECORDED
"[""2001"", ""2003""]",0.0632043654365432,0.4375,0.4375,,held_scene,deployable,gaussian,0.021927920104211893,A3,deployable,[],all,,UNDEFINED,equal scene; each complete unit weight 1 / classified units in its scene,"[""2001"", ""2003""]",0,2,RECORDED
"[""2001"", ""2003""]",0.0649507750806281,0.375,0.375,,held_scene,deployable,gaussian,-0.17586360459013117,full_J,offline_full_J,[],all,,UNDEFINED,equal scene; each complete unit weight 1 / classified units in its scene,"[""2001"", ""2003""]",0,2,RECORDED
"[""2001"", ""2003""]",0.07545416815813227,0.15625,0.15625,,held_scene,deployable,gaussian,-0.15913538031163815,full_J_total,offline_full_J,[],all,,UNDEFINED,equal scene; each complete unit weight 1 / classified units in its scene,"[""2001"", ""2003""]",0,2,RECORDED
"[""2001"", ""2003""]",0.07129760586791567,0.21875,0.21875,,held_scene,deployable,gaussian,-0.17455926894711188,A0,deployable,[],noise_zero,,UNDEFINED,equal scene; each complete unit weight 1 / classified units in its scene,"[""2001"", ""2003""]",0,2,RECORDED
"[""2001"", ""2003""]",0.06645676392479455,0.3125,0.3125,,held_scene,deployable,gaussian,0.002958631677069695,A1,deployable,[],noise_zero,,UNDEFINED,equal scene; each complete unit weight 1 / classified units in its scene,"[""2001"", ""2003""]",0,2,RECORDED
"[""2001"", ""2003""]",0.06505221572656263,0.4375,0.4375,,held_scene,deployable,gaussian,-0.06911764705882353,A2,deployable,[],noise_zero,,UNDEFINED,equal scene; each complete unit weight 1 / classified units in its scene,"[""2001"", ""2003""]",0,2,RECORDED
"[""2001"", ""2003""]",0.06326133087726525,0.4375,0.4375,,held_scene,deployable,gaussian,0.024999999999999994,A3,deployable,[],noise_zero,,UNDEFINED,equal scene; each complete unit weight 1 / classified units in its scene,"[""2001"", ""2003""]",0,2,RECORDED
"[""2001"", ""2003""]",0.06496608626038156,0.375,0.375,,held_scene,deployable,gaussian,-0.17455926894711188,full_J,offline_full_J,[],noise_zero,,UNDEFINED,equal scene; each complete unit weight 1 / classified units in its scene,"[""2001"", ""2003""]",0,2,RECORDED
"[""2001"", ""2003""]",0.07547047562473477,0.15625,0.15625,,held_scene,deployable,gaussian,-0.17455926894711188,full_J_total,offline_full_J,[],noise_zero,,UNDEFINED,equal scene; each complete unit weight 1 / classified units in its scene,"[""2001"", ""2003""]",0,2,RECORDED
"[""2001"", ""2003""]",0.07121758760525473,0.21875,0.21875,,held_scene,deployable,gaussian,-0.16116023249078656,A0,deployable,[],noise_positive,,UNDEFINED,equal scene; each complete unit weight 1 / classified units in its scene,"[""2001"", ""2003""]",0,2,RECORDED
"[""2001"", ""2003""]",0.06643881393661263,0.359375,0.359375,,held_scene,deployable,gaussian,0.0018355379554759188,A1,deployable,[],noise_positive,,UNDEFINED,equal scene; each complete unit weight 1 / classified units in its scene,"[""2001"", ""2003""]",0,2,RECORDED
"[""2001"", ""2003""]",0.06498511447843813,0.453125,0.453125,,held_scene,deployable,gaussian,-0.06909824046920822,A2,deployable,[],noise_positive,,UNDEFINED,equal scene; each complete unit weight 1 / classified units in its scene,"[""2001"", ""2003""]",0,2,RECORDED
"[""2001"", ""2003""]",0.06317588271618219,0.4375,0.4375,,held_scene,deployable,gaussian,0.023277126099706738,A3,deployable,[],noise_positive,,UNDEFINED,equal scene; each complete unit weight 1 / classified units in its scene,"[""2001"", ""2003""]",0,2,RECORDED
"[""2001"", ""2003""]",0.06494311949075136,0.375,0.375,,held_scene,deployable,gaussian,-0.17437610577021329,full_J,offline_full_J,[],noise_positive,,UNDEFINED,equal scene; each complete unit weight 1 / classified units in its scene,"[""2001"", ""2003""]",0,2,RECORDED
"[""2001"", ""2003""]",0.07544601442483104,0.15625,0.15625,,held_scene,deployable,gaussian,-0.16116023249078656,full_J_total,offline_full_J,[],noise_positive,,UNDEFINED,equal scene; each complete unit weight 1 / classified units in its scene,"[""2001"", ""2003""]",0,2,RECORDED
"[""2009""]",0.02047004662499808,0.0625,0.0625,,held_scene,deployable,shell,0.6213340446297407,A0,deployable,[],all,,UNDEFINED,equal scene; each complete unit weight 1 / classified units in its scene,"[""2009""]",0,1,RECORDED
"[""2009""]",0.015780824532853396,0.14583333333333334,0.14583333333333334,,held_scene,deployable,shell,0.740821360904691,A1,deployable,[],all,,UNDEFINED,equal scene; each complete unit weight 1 / classified units in its scene,"[""2009""]",0,1,RECORDED
"[""2009""]",0.011782035591891756,0.5625,0.5625,,held_scene,deployable,shell,0.7302431610942249,A2,deployable,[],all,,UNDEFINED,equal scene; each complete unit weight 1 / classified units in its scene,"[""2009""]",0,1,RECORDED
"[""2009""]",0.013898788015254864,0.5625,0.5625,,held_scene,deployable,shell,0.7888623534520192,A3,deployable,[],all,,UNDEFINED,equal scene; each complete unit weight 1 / classified units in its scene,"[""2009""]",0,1,RECORDED
"[""2009""]",0.014720286577685324,0.1875,0.1875,,held_scene,deployable,shell,0.735172869589875,full_J,offline_full_J,[],all,,UNDEFINED,equal scene; each complete unit weight 1 / classified units in its scene,"[""2009""]",0,1,RECORDED
"[""2009""]",0.022433307019431577,0.0,0.0,,held_scene,deployable,shell,0.6213340446297407,full_J_total,offline_full_J,[],all,,UNDEFINED,equal scene; each complete unit weight 1 / classified units in its scene,"[""2009""]",0,1,RECORDED
"[""2009""]",0.020441182902698384,0.0625,0.0625,,held_scene,deployable,shell,0.7455751826215626,A0,deployable,[],noise_zero,,UNDEFINED,equal scene; each complete unit weight 1 / classified units in its scene,"[""2009""]",0,1,RECORDED
"[""2009""]",0.015751162701631193,0.1875,0.1875,,held_scene,deployable,shell,0.7455751826215626,A1,deployable,[],noise_zero,,UNDEFINED,equal scene; each complete unit weight 1 / classified units in its scene,"[""2009""]",0,1,RECORDED
"[""2009""]",0.011818902705175752,0.5625,0.5625,,held_scene,deployable,shell,0.7323529411764705,A2,deployable,[],noise_zero,,UNDEFINED,equal scene; each complete unit weight 1 / classified units in its scene,"[""2009""]",0,1,RECORDED
"[""2009""]",0.013935655098732229,0.5625,0.5625,,held_scene,deployable,shell,0.7911764705882353,A3,deployable,[],noise_zero,,UNDEFINED,equal scene; each complete unit weight 1 / classified units in its scene,"[""2009""]",0,1,RECORDED
"[""2009""]",0.01469500261058446,0.1875,0.1875,,held_scene,deployable,shell,0.7455751826215626,full_J,offline_full_J,[],noise_zero,,UNDEFINED,equal scene; each complete unit weight 1 / classified units in its scene,"[""2009""]",0,1,RECORDED
"[""2009""]",0.022409176311447027,0.0,0.0,,held_scene,deployable,shell,0.7455751826215626,full_J_total,offline_full_J,[],noise_zero,,UNDEFINED,equal scene; each complete unit weight 1 / classified units in its scene,"[""2009""]",0,1,RECORDED
"[""2009""]",0.02048447848614793,0.0625,0.0625,,held_scene,deployable,shell,0.6314250566837196,A0,deployable,[],noise_positive,,UNDEFINED,equal scene; each complete unit weight 1 / classified units in its scene,"[""2009""]",0,1,RECORDED
"[""2009""]",0.015795655448464493,0.125,0.125,,held_scene,deployable,shell,0.7415573340122754,A1,deployable,[],noise_positive,,UNDEFINED,equal scene; each complete unit weight 1 / classified units in its scene,"[""2009""]",0,1,RECORDED
"[""2009""]",0.011763602035249758,0.5625,0.5625,,held_scene,deployable,shell,0.7305718475073314,A2,deployable,[],noise_positive,,UNDEFINED,equal scene; each complete unit weight 1 / classified units in its scene,"[""2009""]",0,1,RECORDED
"[""2009""]",0.013880354473516182,0.5625,0.5625,,held_scene,deployable,shell,0.7892228739002932,A3,deployable,[],noise_positive,,UNDEFINED,equal scene; each complete unit weight 1 / classified units in its scene,"[""2009""]",0,1,RECORDED
"[""2009""]",0.014732928561235755,0.1875,0.1875,,held_scene,deployable,shell,0.734949397372562,full_J,offline_full_J,[],noise_positive,,UNDEFINED,equal scene; each complete unit weight 1 / classified units in its scene,"[""2009""]",0,1,RECORDED
"[""2009""]",0.022445372373423852,0.0,0.0,,held_scene,deployable,shell,0.6314250566837196,full_J_total,offline_full_J,[],noise_positive,,UNDEFINED,equal scene; each complete unit weight 1 / classified units in its scene,"[""2009""]",0,1,RECORDED
