degree,descriptive_only_not_gate,duplicate_rows,expected_parent_state_cells,failed_rows,finite_nonoracle_cells,invalid_rows,median_finite_subset_only,method,missing_cells,missing_rows,observed_rows,oracle_rows,parameterization,total_seed_rank,worst_finite_subset_only,zero_reference_rows
0,True,0,10,0,10,0,1.653871063173901,M_total4,0,0,10,0,gaussian,4,13.953243378884093,0
1,True,0,10,0,10,0,1.4847532704195558,M_total4,0,0,10,0,gaussian,4,10.59021011344848,0
2,True,0,10,0,10,0,1.3672529305152137,M_total4,0,0,10,0,gaussian,4,9.385330848466884,0
3,True,0,10,0,10,0,1.345194469012757,M_total4,0,0,10,0,gaussian,4,9.188673278897678,0
4,True,0,10,0,10,0,1.2792095367624698,M_total4,0,0,10,0,gaussian,4,8.503787408588865,0
5,True,0,10,0,10,0,1.2634613481598096,M_total4,0,0,10,0,gaussian,4,8.294278704504874,0
0,True,0,10,0,10,0,1.3724647831877115,OM_total4,0,0,10,0,gaussian,4,9.290159150287158,0
1,True,0,10,0,10,0,1.3502427071867489,OM_total4,0,0,10,0,gaussian,4,6.55789276164935,0
2,True,0,10,0,10,0,1.121800577556413,OM_total4,0,0,10,0,gaussian,4,6.443923943497045,0
3,True,0,10,0,10,0,1.0757858688471598,OM_total4,0,0,10,0,gaussian,4,6.268834801352048,0
4,True,0,10,0,10,0,1.0617484562989175,OM_total4,0,0,10,0,gaussian,4,6.149564926060926,0
5,True,0,10,0,10,0,0.9815796485571698,OM_total4,0,0,10,0,gaussian,4,6.184391769794392,0
0,True,0,10,0,10,0,1.0424312625725298,OPM_forward_total12,0,0,10,0,gaussian,12,6.573211883535582,0
1,True,0,10,0,10,0,0.8761496753352989,OPM_forward_total12,0,0,10,0,gaussian,12,5.431240641679522,0
2,True,0,10,0,10,0,0.869610332884784,OPM_forward_total12,0,0,10,0,gaussian,12,4.940316037085962,0
3,True,0,10,0,10,0,0.7949845189198491,OPM_forward_total12,0,0,10,0,gaussian,12,4.661611082702394,0
4,True,0,10,0,10,0,0.7597640486380611,OPM_forward_total12,0,0,10,0,gaussian,12,4.5942037115422485,0
5,True,0,10,0,10,0,0.7334298917181484,OPM_forward_total12,0,0,10,0,gaussian,12,4.382736108898559,0
0,True,0,10,0,10,0,1.5226914497661301,OPM_total4,0,0,10,0,gaussian,4,7.7212568708496985,0
1,True,0,10,0,10,0,1.1541008609522818,OPM_total4,0,0,10,0,gaussian,4,5.495732671595705,0
2,True,0,10,0,10,0,1.1072978008927663,OPM_total4,0,0,10,0,gaussian,4,5.322691399793733,0
3,True,0,10,0,10,0,1.0043225866709105,OPM_total4,0,0,10,0,gaussian,4,4.9165271052682,0
4,True,0,10,0,10,0,1.0129122234401224,OPM_total4,0,0,10,0,gaussian,4,4.969199962334356,0
5,True,0,10,0,10,0,0.9682773036179934,OPM_total4,0,0,10,0,gaussian,4,4.966576643384523,0
0,True,0,10,0,10,0,1.4619662324578988,O_total4,0,0,10,0,gaussian,4,7.6779625037770725,0
1,True,0,10,0,10,0,1.179084366962731,O_total4,0,0,10,0,gaussian,4,5.664976749171952,0
2,True,0,10,0,10,0,0.7867078931428827,O_total4,0,0,10,0,gaussian,4,5.173234985474143,0
3,True,0,10,0,10,0,0.7760013367871652,O_total4,0,0,10,0,gaussian,4,5.029630387705969,0
4,True,0,10,0,10,0,0.7998417814725152,O_total4,0,0,10,0,gaussian,4,4.94884222649974,0
5,True,0,10,0,10,0,0.785728332973018,O_total4,0,0,10,0,gaussian,4,4.947001810415993,0
0,True,0,10,0,10,0,2.1067594008075012,P_total4,0,0,10,0,gaussian,4,12.358575572237928,0
1,True,0,10,0,10,0,1.8227912449367596,P_total4,0,0,10,0,gaussian,4,10.30948038730111,0
2,True,0,10,0,10,0,1.5939343712673522,P_total4,0,0,10,0,gaussian,4,10.280067675823561,0
3,True,0,10,0,10,0,1.3486350050993765,P_total4,0,0,10,0,gaussian,4,9.823539001761683,0
4,True,0,10,0,10,0,1.3087426487653666,P_total4,0,0,10,0,gaussian,4,9.920092740279204,0
5,True,0,10,0,10,0,1.2830330925410625,P_total4,0,0,10,0,gaussian,4,9.445394173671918,0
0,True,0,10,0,0,0,,current_POD,10,0,0,0,gaussian,,,0
1,True,0,10,0,0,0,,current_POD,10,0,0,0,gaussian,,,0
2,True,0,10,0,0,0,,current_POD,10,0,0,0,gaussian,,,0
3,True,0,10,0,0,0,,current_POD,10,0,0,0,gaussian,,,0
4,True,0,10,0,0,0,,current_POD,10,0,0,0,gaussian,,,0
5,True,0,10,0,0,0,,current_POD,10,0,0,0,gaussian,,,0
0,True,0,10,0,10,0,1.0424312625725298,mixed,0,0,10,0,gaussian,12,6.573211883535582,0
1,True,0,10,0,10,0,0.838891626610045,mixed,0,0,10,0,gaussian,12,5.113195435982987,0
2,True,0,10,0,10,0,0.7819234788839691,mixed,0,0,10,0,gaussian,12,4.704389368516216,0
3,True,0,10,0,10,0,0.7423790836592508,mixed,0,0,10,0,gaussian,12,4.49688065497439,0
4,True,0,10,0,10,0,0.7425355495804151,mixed,0,0,10,0,gaussian,12,4.506540168453662,0
5,True,0,10,0,10,0,0.7271987212592117,mixed,0,0,10,0,gaussian,12,4.416471394074735,0
0,True,0,10,0,10,0,2.1242789773036863,ordinary_right_block_Krylov12,0,0,10,0,gaussian,12,17.36387644109278,0
1,True,0,10,0,10,0,2.105430691040849,ordinary_right_block_Krylov12,0,0,10,0,gaussian,12,16.743715355922394,0
2,True,0,10,0,10,0,2.1290980086474987,ordinary_right_block_Krylov12,0,0,10,0,gaussian,12,16.464479606492514,0
3,True,0,10,0,10,0,2.121553547710533,ordinary_right_block_Krylov12,0,0,10,0,gaussian,12,16.340731414174925,0
4,True,0,10,0,10,0,2.1308602653071103,ordinary_right_block_Krylov12,0,0,10,0,gaussian,12,16.355398940606054,0
5,True,0,10,0,10,0,2.1613019416028214,ordinary_right_block_Krylov12,0,0,10,0,gaussian,12,15.802143837113316,0
0,True,0,10,0,10,0,33.62847516851734,random_current_rank_control_20261005,0,0,10,0,gaussian,20,286.2747669583211,0
1,True,0,10,0,10,0,31.457608105016902,random_current_rank_control_20261005,0,0,10,0,gaussian,32,188.96453156840352,0
2,True,0,10,0,10,0,29.36223237682421,random_current_rank_control_20261005,0,0,10,0,gaussian,44,150.70344993346322,0
3,True,0,10,0,10,0,25.12246677688065,random_current_rank_control_20261005,0,0,10,0,gaussian,56,113.59720813624796,0
4,True,0,10,0,10,0,25.427575684548152,random_current_rank_control_20261005,0,0,10,0,gaussian,68,93.35735448907673,0
5,True,0,10,0,10,0,23.36823391353544,random_current_rank_control_20261005,0,0,10,0,gaussian,80,89.3085416445304,0
0,True,0,10,0,10,0,31.008964381827838,random_current_rank_control_20261006,0,0,10,0,gaussian,20,360.7634410356661,0
1,True,0,10,0,10,0,32.687515820513845,random_current_rank_control_20261006,0,0,10,0,gaussian,32,212.6797636170877,0
2,True,0,10,0,10,0,35.28085003097007,random_current_rank_control_20261006,0,0,10,0,gaussian,44,188.37048539109043,0
3,True,0,10,0,10,0,34.44972906265017,random_current_rank_control_20261006,0,0,10,0,gaussian,56,187.89444457775025,0
4,True,0,10,0,10,0,28.87075462123112,random_current_rank_control_20261006,0,0,10,0,gaussian,68,153.4549777340864,0
5,True,0,10,0,10,0,28.614691055692873,random_current_rank_control_20261006,0,0,10,0,gaussian,80,109.35173443291802,0
0,True,0,10,0,10,0,42.66526059088252,random_current_rank_control_20261007,0,0,10,0,gaussian,20,259.13983118834125,0
1,True,0,10,0,10,0,34.178711093765585,random_current_rank_control_20261007,0,0,10,0,gaussian,32,212.33635779101135,0
2,True,0,10,0,10,0,31.779384783785027,random_current_rank_control_20261007,0,0,10,0,gaussian,44,166.5564803335381,0
3,True,0,10,0,10,0,28.580557368744902,random_current_rank_control_20261007,0,0,10,0,gaussian,56,144.70582779896475,0
4,True,0,10,0,10,0,26.826747264155124,random_current_rank_control_20261007,0,0,10,0,gaussian,68,128.5538834321159,0
5,True,0,10,0,10,0,26.58265598471459,random_current_rank_control_20261007,0,0,10,0,gaussian,80,108.07701239478794,0
0,True,0,10,0,10,0,0.7291864950601807,receiver_SOM_rank_control,0,0,10,0,gaussian,20,2.6904581261549896,0
1,True,0,10,0,10,0,0.487500632257806,receiver_SOM_rank_control,0,0,10,0,gaussian,32,2.2385516798061897,0
2,True,0,10,0,10,0,0.4675037322764462,receiver_SOM_rank_control,0,0,10,0,gaussian,44,2.80130997244876,0
3,True,0,10,0,10,0,0.5441283118215324,receiver_SOM_rank_control,0,0,10,0,gaussian,56,3.2680168299759367,0
4,True,0,10,0,10,0,0.526969913767665,receiver_SOM_rank_control,0,0,10,0,gaussian,68,3.259167266379762,0
5,True,0,10,0,10,0,0.5241697885175016,receiver_SOM_rank_control,0,0,10,0,gaussian,80,3.2892610681750183,0
0,True,0,10,0,0,0,,strong_derivative_goal_aware_ROM,10,0,0,0,gaussian,,,0
1,True,0,10,0,0,0,,strong_derivative_goal_aware_ROM,10,0,0,0,gaussian,,,0
2,True,0,10,0,0,0,,strong_derivative_goal_aware_ROM,10,0,0,0,gaussian,,,0
3,True,0,10,0,0,0,,strong_derivative_goal_aware_ROM,10,0,0,0,gaussian,,,0
4,True,0,10,0,0,0,,strong_derivative_goal_aware_ROM,10,0,0,0,gaussian,,,0
5,True,0,10,0,0,0,,strong_derivative_goal_aware_ROM,10,0,0,0,gaussian,,,0
0,True,0,2,2,0,0,,M_total4,0,2,2,0,voxel,4,,0
1,True,0,2,2,0,0,,M_total4,0,2,2,0,voxel,4,,0
2,True,0,2,2,0,0,,M_total4,0,2,2,0,voxel,4,,0
3,True,0,2,2,0,0,,M_total4,0,2,2,0,voxel,4,,0
4,True,0,2,2,0,0,,M_total4,0,2,2,0,voxel,4,,0
5,True,0,2,2,0,0,,M_total4,0,2,2,0,voxel,4,,0
0,True,0,2,2,0,0,,OM_total4,0,2,2,0,voxel,4,,0
1,True,0,2,2,0,0,,OM_total4,0,2,2,0,voxel,4,,0
2,True,0,2,2,0,0,,OM_total4,0,2,2,0,voxel,4,,0
3,True,0,2,2,0,0,,OM_total4,0,2,2,0,voxel,4,,0
4,True,0,2,2,0,0,,OM_total4,0,2,2,0,voxel,4,,0
5,True,0,2,2,0,0,,OM_total4,0,2,2,0,voxel,4,,0
0,True,0,2,2,0,0,,OPM_forward_total12,0,2,2,0,voxel,12,,0
1,True,0,2,2,0,0,,OPM_forward_total12,0,2,2,0,voxel,12,,0
2,True,0,2,2,0,0,,OPM_forward_total12,0,2,2,0,voxel,12,,0
3,True,0,2,2,0,0,,OPM_forward_total12,0,2,2,0,voxel,12,,0
4,True,0,2,2,0,0,,OPM_forward_total12,0,2,2,0,voxel,12,,0
5,True,0,2,2,0,0,,OPM_forward_total12,0,2,2,0,voxel,12,,0
0,True,0,2,2,0,0,,OPM_total4,0,2,2,0,voxel,4,,0
1,True,0,2,2,0,0,,OPM_total4,0,2,2,0,voxel,4,,0
2,True,0,2,2,0,0,,OPM_total4,0,2,2,0,voxel,4,,0
3,True,0,2,2,0,0,,OPM_total4,0,2,2,0,voxel,4,,0
4,True,0,2,2,0,0,,OPM_total4,0,2,2,0,voxel,4,,0
5,True,0,2,2,0,0,,OPM_total4,0,2,2,0,voxel,4,,0
0,True,0,2,2,0,0,,O_total4,0,2,2,0,voxel,4,,0
1,True,0,2,2,0,0,,O_total4,0,2,2,0,voxel,4,,0
2,True,0,2,2,0,0,,O_total4,0,2,2,0,voxel,4,,0
3,True,0,2,2,0,0,,O_total4,0,2,2,0,voxel,4,,0
4,True,0,2,2,0,0,,O_total4,0,2,2,0,voxel,4,,0
5,True,0,2,2,0,0,,O_total4,0,2,2,0,voxel,4,,0
0,True,0,2,2,0,0,,P_total4,0,2,2,0,voxel,4,,0
1,True,0,2,2,0,0,,P_total4,0,2,2,0,voxel,4,,0
2,True,0,2,2,0,0,,P_total4,0,2,2,0,voxel,4,,0
3,True,0,2,2,0,0,,P_total4,0,2,2,0,voxel,4,,0
4,True,0,2,2,0,0,,P_total4,0,2,2,0,voxel,4,,0
5,True,0,2,2,0,0,,P_total4,0,2,2,0,voxel,4,,0
0,True,0,2,0,0,0,,current_POD,2,0,0,0,voxel,,,0
1,True,0,2,0,0,0,,current_POD,2,0,0,0,voxel,,,0
2,True,0,2,0,0,0,,current_POD,2,0,0,0,voxel,,,0
3,True,0,2,0,0,0,,current_POD,2,0,0,0,voxel,,,0
4,True,0,2,0,0,0,,current_POD,2,0,0,0,voxel,,,0
5,True,0,2,0,0,0,,current_POD,2,0,0,0,voxel,,,0
0,True,0,2,2,0,0,,mixed,0,2,2,0,voxel,12,,0
1,True,0,2,2,0,0,,mixed,0,2,2,0,voxel,12,,0
2,True,0,2,2,0,0,,mixed,0,2,2,0,voxel,12,,0
3,True,0,2,2,0,0,,mixed,0,2,2,0,voxel,12,,0
4,True,0,2,2,0,0,,mixed,0,2,2,0,voxel,12,,0
5,True,0,2,2,0,0,,mixed,0,2,2,0,voxel,12,,0
0,True,0,2,2,0,0,,ordinary_right_block_Krylov12,0,2,2,0,voxel,12,,0
1,True,0,2,2,0,0,,ordinary_right_block_Krylov12,0,2,2,0,voxel,12,,0
2,True,0,2,2,0,0,,ordinary_right_block_Krylov12,0,2,2,0,voxel,12,,0
3,True,0,2,2,0,0,,ordinary_right_block_Krylov12,0,2,2,0,voxel,12,,0
4,True,0,2,2,0,0,,ordinary_right_block_Krylov12,0,2,2,0,voxel,12,,0
5,True,0,2,2,0,0,,ordinary_right_block_Krylov12,0,2,2,0,voxel,12,,0
0,True,0,2,1,0,0,,random_current_rank_control_20261005,0,2,2,0,voxel,20,,0
1,True,0,2,1,0,0,,random_current_rank_control_20261005,0,2,2,0,voxel,32,,0
2,True,0,2,1,0,0,,random_current_rank_control_20261005,0,2,2,0,voxel,44,,0
3,True,0,2,1,0,0,,random_current_rank_control_20261005,0,2,2,0,voxel,56,,0
4,True,0,2,1,0,0,,random_current_rank_control_20261005,0,2,2,0,voxel,68,,0
5,True,0,2,1,0,0,,random_current_rank_control_20261005,0,2,2,0,voxel,80,,0
0,True,0,2,1,0,0,,random_current_rank_control_20261006,0,2,2,0,voxel,20,,0
1,True,0,2,1,0,0,,random_current_rank_control_20261006,0,2,2,0,voxel,32,,0
2,True,0,2,1,0,0,,random_current_rank_control_20261006,0,2,2,0,voxel,44,,0
3,True,0,2,1,0,0,,random_current_rank_control_20261006,0,2,2,0,voxel,56,,0
4,True,0,2,1,0,0,,random_current_rank_control_20261006,0,2,2,0,voxel,68,,0
5,True,0,2,1,0,0,,random_current_rank_control_20261006,0,2,2,0,voxel,80,,0
0,True,0,2,2,0,0,,random_current_rank_control_20261007,0,2,2,0,voxel,20,,0
1,True,0,2,1,0,0,,random_current_rank_control_20261007,0,2,2,0,voxel,32,,0
2,True,0,2,1,0,0,,random_current_rank_control_20261007,0,2,2,0,voxel,44,,0
3,True,0,2,2,0,0,,random_current_rank_control_20261007,0,2,2,0,voxel,56,,0
4,True,0,2,1,0,0,,random_current_rank_control_20261007,0,2,2,0,voxel,68,,0
5,True,0,2,1,0,0,,random_current_rank_control_20261007,0,2,2,0,voxel,80,,0
0,True,0,2,2,0,0,,receiver_SOM_rank_control,0,2,2,0,voxel,20,,0
1,True,0,2,2,0,0,,receiver_SOM_rank_control,0,2,2,0,voxel,32,,0
2,True,0,2,2,0,0,,receiver_SOM_rank_control,0,2,2,0,voxel,44,,0
3,True,0,2,2,0,0,,receiver_SOM_rank_control,0,2,2,0,voxel,56,,0
4,True,0,2,2,0,0,,receiver_SOM_rank_control,0,2,2,0,voxel,68,,0
5,True,0,2,2,0,0,,receiver_SOM_rank_control,0,2,2,0,voxel,80,,0
0,True,0,2,0,0,0,,strong_derivative_goal_aware_ROM,2,0,0,0,voxel,,,0
1,True,0,2,0,0,0,,strong_derivative_goal_aware_ROM,2,0,0,0,voxel,,,0
2,True,0,2,0,0,0,,strong_derivative_goal_aware_ROM,2,0,0,0,voxel,,,0
3,True,0,2,0,0,0,,strong_derivative_goal_aware_ROM,2,0,0,0,voxel,,,0
4,True,0,2,0,0,0,,strong_derivative_goal_aware_ROM,2,0,0,0,voxel,,,0
5,True,0,2,0,0,0,,strong_derivative_goal_aware_ROM,2,0,0,0,voxel,,,0
