gate,key,provenance,source,value
G0_REAL,status,copied_from_existing_gate_not_recomputed,/Volumes/migodam's-external-brain/Research/Inv_SLAM/Gaussian/A20/opm-imaging-route-a/results/G0_REAL.json,PASS
G0_REAL,scope,copied_from_existing_gate_not_recomputed,/Volumes/migodam's-external-brain/Research/Inv_SLAM/Gaussian/A20/opm-imaging-route-a/results/G0_REAL.json,two original historical states; not imaging fidelity or speed
G0_REAL,parents,copied_from_existing_gate_not_recomputed,/Volumes/migodam's-external-brain/Research/Inv_SLAM/Gaussian/A20/opm-imaging-route-a/results/G0_REAL.json,"[2001, 2005]"
G0_REAL,rows,copied_from_existing_gate_not_recomputed,/Volumes/migodam's-external-brain/Research/Inv_SLAM/Gaussian/A20/opm-imaging-route-a/results/G0_REAL.json,"[{""parent_object_id"": 2001, ""iteration"": 0, ""status"": ""PASS"", ""precision"": ""complex128/float64"", ""moving_Galerkin_omitted_term_relative_error"": 0.00030020614528764933, ""checks"": {""full_real_J_adjoint"": 1.9946677273329194e-16, ""original_J_equivalence"": 0.0, ""original_adjoint_equivalence"": 0.0, ""L_adjoint"": 3.7581009861117416e-15, ""F_adjoint"": 6.339570271274459e-14, ""S_adjoint"": 7.101034868536434e-16, ""B_real_adjoint"": 2.032326705934322e-15, ""Schur_operator_equivalence"": 4.1008498310604297e-16, ""Schur_Galerkin_resolvent_equivalence"": 9.274697896219405e-16, ""Schur_feedback_adjoint"": 4.7022541178457674e-14, ""reduced_J_real_adjoint"": 4.526614107709136e-15, ""moving_Galerkin_correct_extra_terms"": 1.6161441963382538e-11, ""frozen_test_Petrov_FD"": 2.27944457538725e-11}, ""full_FD"": [{""h"": 0.001, ""relative_error"": 8.610676269784731e-08}, {""h"": 0.0001, ""relative_error"": 8.610818773520634e-10}, {""h"": 1e-05, ""relative_error"": 1.5939382350692504e-11}, {""h"": 1e-06, ""relative_error"": 1.2633557089899066e-10}], ""frozen_reduced_FD"": [{""h"": 0.001, ""relative_error"": 7.316121707752491e-08}, {""h"": 0.0001, ""relative_error"": 7.317519652878739e-10}, {""h"": 1e-05, ""relative_error"": 1.771877408147486e-11}, {""h"": 1e-06, ""relative_error"": 1.8914158538862316e-10}], ""basis"": {""degree"": 1, ""rank"": 32, ""added_rank"": 24, ""degree_layers"": [0, 0, 0, 0, 0, 0, 0, 0, 0, 0, 0, 0, 1, 1, 1, 1, 1, 1, 1, 1, 1, 1, 1, 1], ""joint_deflation"": [{""input_columns"": 12, ""rank"": 12, ""deflated"": 0, ""scale"": 3.4641016151377526, ""threshold"": 3.464101615137753e-10, ""singular_values"": [1.4303576755917309, 1.3663171284995017, 1.1741835416410928, 1.083026564075552, 1.0229188892710586, 1.0009533118897962, 0.988447085041397, 0.9542677099035193, 0.8637999017682416, 0.7856950014628334, 0.39638741254905957, 0.2812221917678343]}, {""input_columns"": 12, ""rank"": 12, ""deflated"": 0, ""scale"": 3.4641016151377575, ""threshold"": 3.4641016151377576e-10, ""singular_values"": [1.3249371017981872, 1.2104957115365564, 1.1024237236173484, 1.056555150951926, 1.0089806866875706, 0.9968474228305291, 0.9519886592268106, 0.9264336503523143, 0.8061550990436585, 0.6946806271179787, 0.5915029402418249, 0.328117552301428]}], ""separate_stream_recurrences"": {""O"": [{""new_rank"": 4, ""deflation"": {""input_columns"": 4, ""rank"": 4, ""deflated"": 0, ""scale"": 0.07515883619528543, ""threshold"": 7.515883619528544e-12, ""singular_values"": [0.031957836780148165, 0.026521368730013532, 0.02334262621513605, 0.01845670719514552]}, ""arnoldi_tail_norm"": 7.78903498552467e-17}], ""P"": [{""new_rank"": 4, ""deflation"": {""input_columns"": 4, ""rank"": 4, ""deflated"": 0, ""scale"": 0.08083313926798052, ""threshold"": 8.083313926798052e-12, ""singular_values"": [0.031949555449041676, 0.024619305982183853, 0.022825188439371206, 0.0167256953088414]}, ""arnoldi_tail_norm"": 6.564620233347305e-17}], ""M"": [{""new_rank"": 4, ""deflation"": {""input_columns"": 4, ""rank"": 4, ""deflated"": 0, ""scale"": 0.08874111868966364, ""threshold"": 8.874111868966364e-12, ""singular_values"": [0.04764496644815062, 0.04481155109163499, 0.03963094488045775, 0.03826172893404707]}, ""arnoldi_tail_norm"": 1.2245696461274648e-16}]}, ""orthogonality_error"": 8.446265151149157e-15, ""joint_core_is_single_Hessenberg"": false}, ""seed_provenance"": {""O"": {""input_columns"": 24, ""rank"": 4, ""deflated"": 20, ""scale"": 10.376102521621403, ""threshold"": 1.0376102521621403e-09, ""singular_values"": [5.656918611172499, 4.9553254724487665, 3.9730882433774695, 2.861902947643825, 2.560238255849724, 2.251900361322655, 1.947652184469646, 1.795464236843369, 1.4909862442685595, 1.345901527348368, 1.1005128977487566, 1.0768213345610604, 0.9105294732173418, 0.7010144033782941, 0.5789824617935662, 0.45705656387052324, 0.3785384236798266, 0.27439521433201136, 0.011822119198776475, 0.00894699742678305, 0.008524529995277743, 0.005608199845036929, 0.0027290143328134635, 0.002109324274785118], ""source_count"": 6, ""requested_rank"": 4, ""provenance"": ""measured residual plus independent whitened data probes, C*"", ""original_column_norms"": [0.02871900741562553, 2.5749002681726814, 2.405290715748435, 2.1178363556562, 0.032286742441897165, 2.0207010003145554, 1.8233795120184986, 2.469401414593277, 0.015448805961478997, 2.939042593627894, 2.8940438616079316, 1.66687140052372, 0.022177471666337694, 3.14038582456054, 1.699453726047632, 3.0154635887020955, 0.029169955902613863, 3.063347189218507, 2.0189296696111425, 2.1078246447005347, 0.024459071502693688, 3.0390974076950643, 2.10569474906914, 2.0111024052205964], ""no_truth_or_reference_step"": true}, ""P"": {""input_columns"": 6, ""rank"": 4, ""deflated"": 2, ""scale"": 0.2077278563840336, ""threshold"": 2.077278563840336e-11, ""singular_values"": [0.13849736893187448, 0.1077954964737697, 0.07695300256255742, 0.062036256397548395, 0.03734412676659042, 0.034418404112522415], ""source_count"": 6, ""requested_rank"": 4, ""provenance"": ""all known illumination forcing, Kb"", ""original_column_norms"": [0.09748713771398204, 0.0883892488315609, 0.09792129167883082, 0.07281758166715444, 0.08408986164871506, 0.062228422712051236], ""no_truth_or_reference_step"": true}, ""M"": {""input_columns"": 24, ""rank"": 4, ""deflated"": 20, ""scale"": 4.412097563145691, ""threshold"": 4.4120975631456914e-10, ""singular_values"": [1.4400199334639951, 1.424286147890096, 1.325109235920276, 1.1893757717833882, 1.1662925270246285, 1.1150146266525927, 1.0361823963364167, 0.9785697173684971, 0.9502746249121246, 0.938110543581001, 0.8861473421736991, 0.8597257631787912, 0.8303945530848276, 0.7686050949521656, 0.7444868644622827, 0.6344884623346989, 0.6078201353353005, 0.5942023986041273, 0.5677270876004357, 0.5313013124009596, 0.5163942433128097, 0.41188556027222645, 0.3767419097422627, 0.33028871057454673], ""source_count"": 6, ""requested_rank"": 4, ""provenance"": ""real physical-L2 material probes and prior accepted step, KB"", ""original_column_norms"": [0.8310165506227947, 0.9212901231103493, 0.9304785432563625, 0.9096510371906972, 0.8968086360430757, 0.9196851709389804, 0.9204877251644884, 0.9088705352861297, 0.9071270279922323, 0.8563393366258306, 0.9311795629857222, 0.9070377132163018, 0.8941759331036515, 0.8704790522906963, 0.9272268041154399, 0.8985439721251632, 0.8901666127692608, 0.8687772966853893, 0.9336234856559286, 0.8934322583942529, 0.8844530685729907, 0.9064893957654465, 0.9299983719039855, 0.8684523084719482], ""no_truth_or_reference_step"": true}}, ""source_count"": 6, ""receiver_positions"": 64, ""complex_receiver_channels"": 128, ""saved_step_physical_chart_relative_error"": 0.0, ""native_DDA_counters"": {""totals"": {""kernel_build_blocks"": 9, ""kernel_entries"": 26873856, ""full_L_materializations"": 9, ""lu_factorizations"": 9, ""lu_factorizations_full"": 9, ""solve_calls"": 13, ""solve_rhs"": 78, ""solve_rhs_full_forward"": 54, ""solve_rhs_full"": 78, ""goff_rhs"": 138, ""jvp_calls"": 2, ""solve_rhs_full_tangent"": 12, ""jvp_rhs"": 12, ""vjp_calls"": 2, ""solve_rhs_full_adjoint"": 12, ""solve_rhs_adjoint"": 12, ""gs_svd"": 1}, ""timings_s"": {""kernel_build_s"": 5.8185466, ""observation_build_s"": 0.241752, ""state_material_s"": 0.0017043, ""state_matrix_s"": 4.6630876, ""solve_factorize_s"": 18.553032, ""solve_s"": 0.2704582, ""state_exciting_s"": 2.7106677, ""state_field_s"": 0.0640756, ""jvp_s"": 0.0239632, ""field_jvp_s"": 0.0676992, ""vjp_s"": 0.1577945, ""gs_svd_s"": 0.7349937}, ""event_count"": 11, ""events"": [{""kind"": ""solver_init"", ""device"": ""cuda"", ""torch"": true}, {""kind"": ""model_init"", ""N"": 1728, ""P"": 6, ""R"": 64, ""m"": 128, ""volume"": 0.001953125, ""k"": 2.0, ""device"": ""cuda"", ""wall_s"": 6.437976599998365}, {""kind"": ""state"", ""reduced"": false, ""rstate"": 0, ""wall_s"": 4.511390600000595, ""field_shape"": [6, 128]}, {""kind"": ""state"", ""reduced"": false, ""rstate"": 0, ""wall_s"": 3.714453599997796, ""field_shape"": [6, 128]}, {""kind"": ""state"", ""reduced"": false, ""rstate"": 0, ""wall_s"": 3.897441400000389, ""field_shape"": [6, 128]}, {""kind"": ""state"", ""reduced"": false, ""rstate"": 0, ""wall_s"": 3.7072678999975324, ""field_shape"": [6, 128]}, {""kind"": ""state"", ""reduced"": false, ""rstate"": 0, ""wall_s"": 3.711623499999405, ""field_shape"": [6, 128]}, {""kind"": ""state"", ""reduced"": false, ""rstate"": 0, ""wall_s"": 3.6339928999987023, ""field_shape"": [6, 128]}, {""kind"": ""state"", ""reduced"": false, ""rstate"": 0, ""wall_s"": 3.667363500000647, ""field_shape"": [6, 128]}, {""kind"": ""state"", ""reduced"": false, ""rstate"": 0, ""wall_s"": 3.530036800002563, ""field_shape"": [6, 128]}, {""kind"": ""state"", ""reduced"": false, ""rstate"": 0, ""wall_s"": 3.623967499999708, ""field_shape"": [6, 128]}]}, ""wall_seconds"": 89.81675610000093, ""cost"": {""counts"": {""full_forward_calls"": 9, ""full_forward_RHS"": 54, ""full_LU_factorizations"": 9, ""full_state_backward_residual_L_rhs"": 54, ""full_state_receiver_rhs"": 54, ""full_state_Goff_rhs"": 54, ""material_operator_refreshes"": 23, ""L_upload_bytes"": 9889579008, ""full_tangent_calls"": 2, ""full_tangent_RHS"": 12, ""full_tangent_receiver_rhs"": 6, ""full_adjoint_calls"": 2, ""full_adjoint_RHS"": 12, ""full_adjoint_receiver_rhs"": 6, ""L_actions"": 598, ""Maxwell_matvec_rhs"": 684, ""operator_transfer_bytes"": 113467392, ""L_adjoint_actions"": 26, ""F_actions"": 44, ""F_adjoint_actions"": 16, ""S_actions"": 500, ""S_adjoint_actions"": 32, ""B_rhs"": 48, ""B_adjoint_rhs"": 12, ""receiver_SVD_builds"": 1, ""retained_factorizations"": 1, ""forcing_rhs"": 96, ""seed_O_input_rhs"": 24, ""seed_P_input_rhs"": 6, ""seed_M_input_rhs"": 24, ""projected_factorizations"": 15, ""reduced_core_rhs"": 120, ""reduced_forward_RHS"": 84, ""reduced_state_Goff_rhs"": 84}, ""exclusive_walls"": {""physical_geometry_setup"": 6.438180500001181, ""full_forward"": 36.67920849999791, ""material_operator_refresh"": 23.800576799989358, ""full_tangent"": 0.03672949999963748, ""full_adjoint"": 0.0806129000011424, ""original_native_tangent_equivalence"": 0.03198989999873447, ""original_native_adjoint_equivalence"": 0.07835569999951986, ""L"": 1.5140605999949912, ""L_adjoint"": 0.056994700000359444, ""F"": 0.13668909999978496, ""F_adjoint"": 0.08122480000020005, ""S"": 0.4353960000044026, ""S_adjoint"": 0.05724729999928968, ""B"": 0.013150800001312746, ""B_adjoint"": 0.004712999998446321, ""receiver_geometry_SVD"": 0.7426817000014125, ""retained_core_factorization"": 0.0008465999999316409, ""illumination_forcing"": 0.01970590000564698, ""seed_O_compression"": 0.04050719999941066, ""seed_P_compression"": 0.007910500000434695, ""seed_M_compression"": 0.042530999999144115, ""joint_orthogonalization"": 0.03841150000516791, ""native_stream_orthogonalization"": 0.012763000002451008, ""projected_core_factorization"": 0.003916999994544312, ""reduced_core_solve"": 0.004933300006086938, ""reduced_forward"": 4.513988099981361, ""reduced_core_adjoint_solve"": 0.00022360000002663583, ""G0_frozen_test_Petrov_QR"": 0.025715499999932945, ""saved_chart_expansion_check"": 0.036051600000064354}}}, {""parent_object_id"": 2005, ""iteration"": 0, ""status"": ""PASS"", ""precision"": ""complex128/float64"", ""moving_Galerkin_omitted_term_relative_error"": 0.0003633016765008687, ""checks"": {""full_real_J_adjoint"": 2.3235531345767736e-15, ""original_J_equivalence"": 0.0, ""original_adjoint_equivalence"": 0.0, ""L_adjoint"": 8.443670202300104e-15, ""F_adjoint"": 6.225983201653807e-13, ""S_adjoint"": 1.260659033524558e-15, ""B_real_adjoint"": 6.653518802819345e-14, ""Schur_operator_equivalence"": 4.000650884641558e-16, ""Schur_Galerkin_resolvent_equivalence"": 1.0681319588826165e-15, ""Schur_feedback_adjoint"": 2.675491732759097e-13, ""reduced_J_real_adjoint"": 2.981202275900078e-15, ""moving_Galerkin_correct_extra_terms"": 1.9490545696196973e-11, ""frozen_test_Petrov_FD"": 2.1987129854897154e-11}, ""full_FD"": [{""h"": 0.001, ""relative_error"": 6.762963540112659e-08}, {""h"": 0.0001, ""relative_error"": 6.763902488674523e-10}, {""h"": 1e-05, ""relative_error"": 1.7070394454121995e-11}, {""h"": 1e-06, ""relative_error"": 1.620048700228491e-10}], ""frozen_reduced_FD"": [{""h"": 0.001, ""relative_error"": 5.607101149977984e-08}, {""h"": 0.0001, ""relative_error"": 5.60627561232239e-10}, {""h"": 1e-05, ""relative_error"": 2.4344499332338222e-11}, {""h"": 1e-06, ""relative_error"": 2.201156233061102e-10}], ""basis"": {""degree"": 1, ""rank"": 32, ""added_rank"": 24, ""degree_layers"": [0, 0, 0, 0, 0, 0, 0, 0, 0, 0, 0, 0, 1, 1, 1, 1, 1, 1, 1, 1, 1, 1, 1, 1], ""joint_deflation"": [{""input_columns"": 12, ""rank"": 12, ""deflated"": 0, ""scale"": 3.46410161513775, ""threshold"": 3.46410161513775e-10, ""singular_values"": [1.4179252208298023, 1.3661796742156844, 1.2054875772078084, 1.0863011810766865, 1.0417431257515335, 0.9913521699770642, 0.9712299589676069, 0.9172154688169765, 0.8941484798632261, 0.7467008695556608, 0.45615364569729633, 0.2684605288710453]}, {""input_columns"": 12, ""rank"": 12, ""deflated"": 0, ""scale"": 3.4641016151377535, ""threshold"": 3.4641016151377535e-10, ""singular_values"": [1.2605854306267177, 1.2324164304503837, 1.119508681339757, 1.0278473260625893, 0.9888251247714878, 0.9676229755948969, 0.93508628925081, 0.9041017444169617, 0.8456467586898452, 0.6784615836531538, 0.4587700207520822, 0.3779103087152616]}], ""separate_stream_recurrences"": {""O"": [{""new_rank"": 4, ""deflation"": {""input_columns"": 4, ""rank"": 4, ""deflated"": 0, ""scale"": 0.07400479048519666, ""threshold"": 7.400479048519667e-12, ""singular_values"": [0.031343221936155546, 0.028131289207922648, 0.02390504592195949, 0.01786151537817343]}, ""arnoldi_tail_norm"": 1.0174973998656142e-16}], ""P"": [{""new_rank"": 4, ""deflation"": {""input_columns"": 4, ""rank"": 4, ""deflated"": 0, ""scale"": 0.08275243050196403, ""threshold"": 8.275243050196404e-12, ""singular_values"": [0.02977654248354239, 0.02856822926467599, 0.02296889165842521, 0.01589950653728325]}, ""arnoldi_tail_norm"": 1.113262776718889e-16}], ""M"": [{""new_rank"": 4, ""deflation"": {""input_columns"": 4, ""rank"": 4, ""deflated"": 0, ""scale"": 0.08810777207741555, ""threshold"": 8.810777207741555e-12, ""singular_values"": [0.0463509162727288, 0.04523606956717078, 0.04298178585953895, 0.03746250293397971]}, ""arnoldi_tail_norm"": 6.962750141618912e-17}]}, ""orthogonality_error"": 8.593666146784269e-15, ""joint_core_is_single_Hessenberg"": false}, ""seed_provenance"": {""O"": {""input_columns"": 24, ""rank"": 4, ""deflated"": 20, ""scale"": 15.214155236408324, ""threshold"": 1.5214155236408324e-09, ""singular_values"": [8.924339646100583, 7.004053051860179, 5.687234503461037, 4.058129871275868, 3.4946783787117695, 3.0136574747682943, 2.731106325655319, 2.4858084516821446, 2.2398788851394777, 2.054880564021452, 1.7173872916480688, 1.4221341896664916, 1.3377857512996445, 1.0665171928007655, 0.8560273687518007, 0.7802993187720922, 0.5915145564297025, 0.43986025001801654, 0.00780405115974668, 0.006938347889578796, 0.006521121273911927, 0.0003667769359538562, 0.00026044279806715094, 0.00022560951680280567], ""source_count"": 6, ""requested_rank"": 4, ""provenance"": ""measured residual plus independent whitened data probes, C*"", ""original_column_norms"": [0.007207615562428986, 3.5968100718764813, 2.816466164706835, 2.5033428509061917, 0.00700152815183789, 4.003884132630907, 2.9934532977056065, 3.3927000736327013, 0.006495111860726233, 4.080037981927456, 2.9050408407794213, 4.153403473203967, 0.008236129387244632, 3.2742236833988514, 4.142334577416228, 2.7741410127778945, 0.0063722996183436815, 2.582404121839427, 4.84447681556916, 4.397459374510619, 0.0069631178822832365, 3.447546811453838, 3.2035681331295915, 4.277358323292552], ""no_truth_or_reference_step"": true}, ""P"": {""input_columns"": 6, ""rank"": 4, ""deflated"": 2, ""scale"": 0.19246641704303982, ""threshold"": 1.9246641704303984e-11, ""singular_values"": [0.13406418376119975, 0.09320814341761445, 0.0671037617387399, 0.05893868130703095, 0.036005999786405694, 0.033305304504689104], ""source_count"": 6, ""requested_rank"": 4, ""provenance"": ""all known illumination forcing, Kb"", ""original_column_norms"": [0.07786324688831801, 0.0691139220739578, 0.07760247770100466, 0.09059314899055286, 0.06639031421995607, 0.08698830517584023], ""no_truth_or_reference_step"": true}, ""M"": {""input_columns"": 24, ""rank"": 4, ""deflated"": 20, ""scale"": 4.434492055356946, ""threshold"": 4.4344920553569465e-10, ""singular_values"": [1.3881112142004186, 1.3016157095786198, 1.2830284973630335, 1.1651729284885812, 1.1550074537452917, 1.1328088553802957, 1.0566839823625394, 1.0103285835501514, 0.9992195335807049, 0.9200860912796398, 0.8748364826227462, 0.8590334880966551, 0.8357239135278535, 0.8227841475371356, 0.7377220398666212, 0.6987872156111199, 0.6780263659687329, 0.6487414391199117, 0.6074786793744101, 0.5931305003921423, 0.5631260827179488, 0.49549735042085374, 0.43062657410596555, 0.42370062022612903], ""source_count"": 6, ""requested_rank"": 4, ""provenance"": ""real physical-L2 material probes and prior accepted step, KB"", ""original_column_norms"": [0.8691308891674936, 0.9327842941703696, 0.9023197307496834, 0.8819289722296865, 0.8681843970102122, 0.9319444061636095, 0.8880507367651919, 0.8808049979623166, 0.9074922071054352, 0.9256773164626724, 0.9099088434725825, 0.9044831824091194, 0.8894358139952591, 0.9171921974327141, 0.9011717661845247, 0.9103200577330709, 0.9374362260519764, 0.9094187638508934, 0.9161506138404468, 0.9054034364319459, 0.9220247439133689, 0.8952678552018224, 0.9041376526624515, 0.9093724336124986], ""no_truth_or_reference_step"": true}}, ""source_count"": 6, ""receiver_positions"": 64, ""complex_receiver_channels"": 128, ""saved_step_physical_chart_relative_error"": 0.0, ""native_DDA_counters"": {""totals"": {""kernel_build_blocks"": 9, ""kernel_entries"": 26873856, ""full_L_materializations"": 9, ""lu_factorizations"": 9, ""lu_factorizations_full"": 9, ""solve_calls"": 13, ""solve_rhs"": 78, ""solve_rhs_full_forward"": 54, ""solve_rhs_full"": 78, ""goff_rhs"": 138, ""jvp_calls"": 2, ""solve_rhs_full_tangent"": 12, ""jvp_rhs"": 12, ""vjp_calls"": 2, ""solve_rhs_full_adjoint"": 12, ""solve_rhs_adjoint"": 12, ""gs_svd"": 1}, ""timings_s"": {""kernel_build_s"": 5.241259, ""observation_build_s"": 0.2319055, ""state_material_s"": 0.0018441, ""state_matrix_s"": 4.4191426, ""solve_factorize_s"": 17.9045776, ""solve_s"": 0.2041271, ""state_exciting_s"": 2.6663808, ""state_field_s"": 0.0625716, ""jvp_s"": 0.0239453, ""field_jvp_s"": 0.068941, ""vjp_s"": 0.1516553, ""gs_svd_s"": 0.7359234}, ""event_count"": 11, ""events"": [{""kind"": ""solver_init"", ""device"": ""cuda"", ""torch"": true}, {""kind"": ""model_init"", ""N"": 1728, ""P"": 6, ""R"": 64, ""m"": 128, ""volume"": 0.001953125, ""k"": 2.0, ""device"": ""cuda"", ""wall_s"": 5.742444600000454}, {""kind"": ""state"", ""reduced"": false, ""rstate"": 0, ""wall_s"": 3.8937991999991937, ""field_shape"": [6, 128]}, {""kind"": ""state"", ""reduced"": false, ""rstate"": 0, ""wall_s"": 3.622029999998631, ""field_shape"": [6, 128]}, {""kind"": ""state"", ""reduced"": false, ""rstate"": 0, ""wall_s"": 3.784927400000015, ""field_shape"": [6, 128]}, {""kind"": ""state"", ""reduced"": false, ""rstate"": 0, ""wall_s"": 3.8078864000017347, ""field_shape"": [6, 128]}, {""kind"": ""state"", ""reduced"": false, ""rstate"": 0, ""wall_s"": 3.636794199999713, ""field_shape"": [6, 128]}, {""kind"": ""state"", ""reduced"": false, ""rstate"": 0, ""wall_s"": 3.677652999998827, ""field_shape"": [6, 128]}, {""kind"": ""state"", ""reduced"": false, ""rstate"": 0, ""wall_s"": 3.5529729000008956, ""field_shape"": [6, 128]}, {""kind"": ""state"", ""reduced"": false, ""rstate"": 0, ""wall_s"": 3.5621217000007164, ""field_shape"": [6, 128]}, {""kind"": ""state"", ""reduced"": false, ""rstate"": 0, ""wall_s"": 3.54254199999923, ""field_shape"": [6, 128]}]}, ""wall_seconds"": 88.12741549999919, ""cost"": {""counts"": {""full_forward_calls"": 9, ""full_forward_RHS"": 54, ""full_LU_factorizations"": 9, ""full_state_backward_residual_L_rhs"": 54, ""full_state_receiver_rhs"": 54, ""full_state_Goff_rhs"": 54, ""material_operator_refreshes"": 23, ""L_upload_bytes"": 9889579008, ""full_tangent_calls"": 2, ""full_tangent_RHS"": 12, ""full_tangent_receiver_rhs"": 6, ""full_adjoint_calls"": 2, ""full_adjoint_RHS"": 12, ""full_adjoint_receiver_rhs"": 6, ""L_actions"": 598, ""Maxwell_matvec_rhs"": 684, ""operator_transfer_bytes"": 113467392, ""L_adjoint_actions"": 26, ""F_actions"": 44, ""F_adjoint_actions"": 16, ""S_actions"": 500, ""S_adjoint_actions"": 32, ""B_rhs"": 48, ""B_adjoint_rhs"": 12, ""receiver_SVD_builds"": 1, ""retained_factorizations"": 1, ""forcing_rhs"": 96, ""seed_O_input_rhs"": 24, ""seed_P_input_rhs"": 6, ""seed_M_input_rhs"": 24, ""projected_factorizations"": 15, ""reduced_core_rhs"": 120, ""reduced_forward_RHS"": 84, ""reduced_state_Goff_rhs"": 84}, ""exclusive_walls"": {""physical_geometry_setup"": 5.74265430000014, ""full_forward"": 35.77048179999838, ""material_operator_refresh"": 23.94607129999713, ""full_tangent"": 0.034512700000050245, ""full_adjoint"": 0.07701420000012149, ""original_native_tangent_equivalence"": 0.03535560000091209, ""original_native_adjoint_equivalence"": 0.076899500003492, ""L"": 1.505631700008962, ""L_adjoint"": 0.08026489999974729, ""F"": 0.16048069999669679, ""F_adjoint"": 0.08629309999741963, ""S"": 0.4351883000090311, ""S_adjoint"": 0.05855609999707667, ""B"": 0.013971300006232923, ""B_adjoint"": 0.004227499997796258, ""receiver_geometry_SVD"": 0.7454306999970868, ""retained_core_factorization"": 9.790000331122428e-05, ""illumination_forcing"": 0.02084429999740678, ""seed_O_compression"": 0.0397015000016836, ""seed_P_compression"": 0.007033000001683831, ""seed_M_compression"": 0.03913990000000922, ""joint_orthogonalization"": 0.037996300001395866, ""native_stream_orthogonalization"": 0.01278450000245357, ""projected_core_factorization"": 0.004477999998925952, ""reduced_core_solve"": 0.004718099993624492, ""reduced_forward"": 4.4134134000050835, ""reduced_core_adjoint_solve"": 0.00026619999698596075, ""G0_frozen_test_Petrov_QR"": 0.0305993000001763, ""saved_chart_expansion_check"": 0.03548650000084308}}}]"
G0_REAL,thresholds.adjoint_equivalence,copied_from_existing_gate_not_recomputed,/Volumes/migodam's-external-brain/Research/Inv_SLAM/Gaussian/A20/opm-imaging-route-a/results/G0_REAL.json,1e-09
G0_REAL,thresholds.FD_platform,copied_from_existing_gate_not_recomputed,/Volumes/migodam's-external-brain/Research/Inv_SLAM/Gaussian/A20/opm-imaging-route-a/results/G0_REAL.json,1e-05
G0_ALGEBRA,scope,copied_from_existing_gate_not_recomputed,/Volumes/migodam's-external-brain/Research/Inv_SLAM/Gaussian/A20/opm-imaging-route-a/results/G0_ALGEBRA.json,"Synthetic finite-dimensional algebra only. Not A17/A18/A19 replay, not a 3-D Maxwell reconstruction benchmark."
G0_ALGEBRA,random_trials,copied_from_existing_gate_not_recomputed,/Volumes/migodam's-external-brain/Research/Inv_SLAM/Gaussian/A20/opm-imaging-route-a/results/G0_ALGEBRA.json,20
G0_ALGEBRA,checks.schur_feedback_identity.max,copied_from_existing_gate_not_recomputed,/Volumes/migodam's-external-brain/Research/Inv_SLAM/Gaussian/A20/opm-imaging-route-a/results/G0_ALGEBRA.json,5.394273004581926e-16
G0_ALGEBRA,checks.schur_feedback_identity.min,copied_from_existing_gate_not_recomputed,/Volumes/migodam's-external-brain/Research/Inv_SLAM/Gaussian/A20/opm-imaging-route-a/results/G0_ALGEBRA.json,4.2681087979496565e-16
G0_ALGEBRA,checks.schur_feedback_identity.trials,copied_from_existing_gate_not_recomputed,/Volumes/migodam's-external-brain/Research/Inv_SLAM/Gaussian/A20/opm-imaging-route-a/results/G0_ALGEBRA.json,20
G0_ALGEBRA,checks.full_resolvent_schur_identity.max,copied_from_existing_gate_not_recomputed,/Volumes/migodam's-external-brain/Research/Inv_SLAM/Gaussian/A20/opm-imaging-route-a/results/G0_ALGEBRA.json,9.695387715447352e-16
G0_ALGEBRA,checks.full_resolvent_schur_identity.min,copied_from_existing_gate_not_recomputed,/Volumes/migodam's-external-brain/Research/Inv_SLAM/Gaussian/A20/opm-imaging-route-a/results/G0_ALGEBRA.json,7.3190718873353e-16
G0_ALGEBRA,checks.full_resolvent_schur_identity.trials,copied_from_existing_gate_not_recomputed,/Volumes/migodam's-external-brain/Research/Inv_SLAM/Gaussian/A20/opm-imaging-route-a/results/G0_ALGEBRA.json,20
G0_ALGEBRA,checks.dual_residual_defect_identity.max,copied_from_existing_gate_not_recomputed,/Volumes/migodam's-external-brain/Research/Inv_SLAM/Gaussian/A20/opm-imaging-route-a/results/G0_ALGEBRA.json,1.2248183369632969e-15
G0_ALGEBRA,checks.dual_residual_defect_identity.min,copied_from_existing_gate_not_recomputed,/Volumes/migodam's-external-brain/Research/Inv_SLAM/Gaussian/A20/opm-imaging-route-a/results/G0_ALGEBRA.json,7.815242158531667e-16
G0_ALGEBRA,checks.dual_residual_defect_identity.trials,copied_from_existing_gate_not_recomputed,/Volumes/migodam's-external-brain/Research/Inv_SLAM/Gaussian/A20/opm-imaging-route-a/results/G0_ALGEBRA.json,20
G0_ALGEBRA,checks.dual_residual_bound_ratio.max,copied_from_existing_gate_not_recomputed,/Volumes/migodam's-external-brain/Research/Inv_SLAM/Gaussian/A20/opm-imaging-route-a/results/G0_ALGEBRA.json,0.2968154176192359
G0_ALGEBRA,checks.dual_residual_bound_ratio.min,copied_from_existing_gate_not_recomputed,/Volumes/migodam's-external-brain/Research/Inv_SLAM/Gaussian/A20/opm-imaging-route-a/results/G0_ALGEBRA.json,0.18024663338215638
G0_ALGEBRA,checks.dual_residual_bound_ratio.trials,copied_from_existing_gate_not_recomputed,/Volumes/migodam's-external-brain/Research/Inv_SLAM/Gaussian/A20/opm-imaging-route-a/results/G0_ALGEBRA.json,20
G0_ALGEBRA,checks.galerkin_schur_equivalence.max,copied_from_existing_gate_not_recomputed,/Volumes/migodam's-external-brain/Research/Inv_SLAM/Gaussian/A20/opm-imaging-route-a/results/G0_ALGEBRA.json,7.233224146244421e-16
G0_ALGEBRA,checks.galerkin_schur_equivalence.min,copied_from_existing_gate_not_recomputed,/Volumes/migodam's-external-brain/Research/Inv_SLAM/Gaussian/A20/opm-imaging-route-a/results/G0_ALGEBRA.json,5.982771824437945e-16
G0_ALGEBRA,checks.galerkin_schur_equivalence.trials,copied_from_existing_gate_not_recomputed,/Volumes/migodam's-external-brain/Research/Inv_SLAM/Gaussian/A20/opm-imaging-route-a/results/G0_ALGEBRA.json,20
G0_ALGEBRA,checks.gn_stationarity_defect_identity.max,copied_from_existing_gate_not_recomputed,/Volumes/migodam's-external-brain/Research/Inv_SLAM/Gaussian/A20/opm-imaging-route-a/results/G0_ALGEBRA.json,1.334341132940771e-15
G0_ALGEBRA,checks.gn_stationarity_defect_identity.min,copied_from_existing_gate_not_recomputed,/Volumes/migodam's-external-brain/Research/Inv_SLAM/Gaussian/A20/opm-imaging-route-a/results/G0_ALGEBRA.json,2.0612820007787072e-16
G0_ALGEBRA,checks.gn_stationarity_defect_identity.trials,copied_from_existing_gate_not_recomputed,/Volumes/migodam's-external-brain/Research/Inv_SLAM/Gaussian/A20/opm-imaging-route-a/results/G0_ALGEBRA.json,20
G0_ALGEBRA,checks.gn_exact_gap_relative_error.max,copied_from_existing_gate_not_recomputed,/Volumes/migodam's-external-brain/Research/Inv_SLAM/Gaussian/A20/opm-imaging-route-a/results/G0_ALGEBRA.json,3.2516644759261495e-16
G0_ALGEBRA,checks.gn_exact_gap_relative_error.min,copied_from_existing_gate_not_recomputed,/Volumes/migodam's-external-brain/Research/Inv_SLAM/Gaussian/A20/opm-imaging-route-a/results/G0_ALGEBRA.json,0.0
G0_ALGEBRA,checks.gn_exact_gap_relative_error.trials,copied_from_existing_gate_not_recomputed,/Volumes/migodam's-external-brain/Research/Inv_SLAM/Gaussian/A20/opm-imaging-route-a/results/G0_ALGEBRA.json,20
G0_ALGEBRA,checks.hessian_relative_bound_ratio.max,copied_from_existing_gate_not_recomputed,/Volumes/migodam's-external-brain/Research/Inv_SLAM/Gaussian/A20/opm-imaging-route-a/results/G0_ALGEBRA.json,0.321125596202834
G0_ALGEBRA,checks.hessian_relative_bound_ratio.min,copied_from_existing_gate_not_recomputed,/Volumes/migodam's-external-brain/Research/Inv_SLAM/Gaussian/A20/opm-imaging-route-a/results/G0_ALGEBRA.json,0.2413299280890177
G0_ALGEBRA,checks.hessian_relative_bound_ratio.trials,copied_from_existing_gate_not_recomputed,/Volumes/migodam's-external-brain/Research/Inv_SLAM/Gaussian/A20/opm-imaging-route-a/results/G0_ALGEBRA.json,20
G0_ALGEBRA,checks.degree_step_innovation_identity.max,copied_from_existing_gate_not_recomputed,/Volumes/migodam's-external-brain/Research/Inv_SLAM/Gaussian/A20/opm-imaging-route-a/results/G0_ALGEBRA.json,6.4083961571508195e-15
G0_ALGEBRA,checks.degree_step_innovation_identity.min,copied_from_existing_gate_not_recomputed,/Volumes/migodam's-external-brain/Research/Inv_SLAM/Gaussian/A20/opm-imaging-route-a/results/G0_ALGEBRA.json,1.2045872886732689e-15
G0_ALGEBRA,checks.degree_step_innovation_identity.trials,copied_from_existing_gate_not_recomputed,/Volumes/migodam's-external-brain/Research/Inv_SLAM/Gaussian/A20/opm-imaging-route-a/results/G0_ALGEBRA.json,20
G0_ALGEBRA,checks.unitary_gauge_resolvent_identity.max,copied_from_existing_gate_not_recomputed,/Volumes/migodam's-external-brain/Research/Inv_SLAM/Gaussian/A20/opm-imaging-route-a/results/G0_ALGEBRA.json,5.378460284393547e-16
G0_ALGEBRA,checks.unitary_gauge_resolvent_identity.min,copied_from_existing_gate_not_recomputed,/Volumes/migodam's-external-brain/Research/Inv_SLAM/Gaussian/A20/opm-imaging-route-a/results/G0_ALGEBRA.json,4.160192329902581e-16
G0_ALGEBRA,checks.unitary_gauge_resolvent_identity.trials,copied_from_existing_gate_not_recomputed,/Volumes/migodam's-external-brain/Research/Inv_SLAM/Gaussian/A20/opm-imaging-route-a/results/G0_ALGEBRA.json,20
G0_ALGEBRA,checks.prior_safe_restricted_bound_ratio.max,copied_from_existing_gate_not_recomputed,/Volumes/migodam's-external-brain/Research/Inv_SLAM/Gaussian/A20/opm-imaging-route-a/results/G0_ALGEBRA.json,0.9637296151024387
G0_ALGEBRA,checks.prior_safe_restricted_bound_ratio.min,copied_from_existing_gate_not_recomputed,/Volumes/migodam's-external-brain/Research/Inv_SLAM/Gaussian/A20/opm-imaging-route-a/results/G0_ALGEBRA.json,0.864819020713481
G0_ALGEBRA,checks.prior_safe_restricted_bound_ratio.trials,copied_from_existing_gate_not_recomputed,/Volumes/migodam's-external-brain/Research/Inv_SLAM/Gaussian/A20/opm-imaging-route-a/results/G0_ALGEBRA.json,20
G0_ALGEBRA,two_sided_moment_relative_errors_k_0_to_8,copied_from_existing_gate_not_recomputed,/Volumes/migodam's-external-brain/Research/Inv_SLAM/Gaussian/A20/opm-imaging-route-a/results/G0_ALGEBRA.json,"[2.9671879933913647e-15, 3.4735638091641822e-15, 3.918663231122729e-15, 4.69860415234019e-15, 6.161291914735989e-15, 3.730429514271141e-15, 0.6050333035713522, 1.0052361772151173, 0.8240530054039591]"
G0_ALGEBRA,delayed_feedback,copied_from_existing_gate_not_recomputed,/Volumes/migodam's-external-brain/Research/Inv_SLAM/Gaussian/A20/opm-imaging-route-a/results/G0_ALGEBRA.json,"[{""degree"": 0, ""rank"": 2, ""J"": 0.0, ""step"": 0.0}, {""degree"": 1, ""rank"": 4, ""J"": 0.0, ""step"": 0.0}, {""degree"": 2, ""rank"": 6, ""J"": 0.0, ""step"": 0.0}, {""degree"": 3, ""rank"": 7, ""J"": 0.26214400000000015, ""step"": 1.5537269618858762}]"
G0_ALGEBRA,delayed_feedback_full_J,copied_from_existing_gate_not_recomputed,/Volumes/migodam's-external-brain/Research/Inv_SLAM/Gaussian/A20/opm-imaging-route-a/results/G0_ALGEBRA.json,0.2621440000000001
G0_ALGEBRA,nonnormal_counterexample.spectral_radius,copied_from_existing_gate_not_recomputed,/Volumes/migodam's-external-brain/Research/Inv_SLAM/Gaussian/A20/opm-imaging-route-a/results/G0_ALGEBRA.json,0.0
G0_ALGEBRA,nonnormal_counterexample.resolvent_norm,copied_from_existing_gate_not_recomputed,/Volumes/migodam's-external-brain/Research/Inv_SLAM/Gaussian/A20/opm-imaging-route-a/results/G0_ALGEBRA.json,100.00999900019995
G0_ALGEBRA,galerkin_breakdown.full_determinant,copied_from_existing_gate_not_recomputed,/Volumes/migodam's-external-brain/Research/Inv_SLAM/Gaussian/A20/opm-imaging-route-a/results/G0_ALGEBRA.json,1.0
G0_ALGEBRA,galerkin_breakdown.reduced_entry,copied_from_existing_gate_not_recomputed,/Volumes/migodam's-external-brain/Research/Inv_SLAM/Gaussian/A20/opm-imaging-route-a/results/G0_ALGEBRA.json,0.0
G0_ALGEBRA,global_norm_counterexample.task_error,copied_from_existing_gate_not_recomputed,/Volumes/migodam's-external-brain/Research/Inv_SLAM/Gaussian/A20/opm-imaging-route-a/results/G0_ALGEBRA.json,0.0
G0_ALGEBRA,global_norm_counterexample.operator_error,copied_from_existing_gate_not_recomputed,/Volumes/migodam's-external-brain/Research/Inv_SLAM/Gaussian/A20/opm-imaging-route-a/results/G0_ALGEBRA.json,1.0
G0_ALGEBRA,false_weak_counterexample.reduced_data_change,copied_from_existing_gate_not_recomputed,/Volumes/migodam's-external-brain/Research/Inv_SLAM/Gaussian/A20/opm-imaging-route-a/results/G0_ALGEBRA.json,0.0
G0_ALGEBRA,false_weak_counterexample.full_data_change,copied_from_existing_gate_not_recomputed,/Volumes/migodam's-external-brain/Research/Inv_SLAM/Gaussian/A20/opm-imaging-route-a/results/G0_ALGEBRA.json,1.0
G0_ALGEBRA,scalar_bias_variance_counterexample,copied_from_existing_gate_not_recomputed,/Volumes/migodam's-external-brain/Research/Inv_SLAM/Gaussian/A20/opm-imaging-route-a/results/G0_ALGEBRA.json,"[{""a_m"": 0.1, ""bias_squared"": 0.00826446280991736, ""variance"": 0.008264462809917356, ""risk"": 0.016528925619834718}, {""a_m"": 0.2, ""bias_squared"": 0.18367346938775514, ""variance"": 0.020408163265306124, ""risk"": 0.20408163265306126}, {""a_m"": 0.4, ""bias_squared"": 0.28994082840236696, ""variance"": 0.023668639053254444, ""risk"": 0.3136094674556214}, {""a_m"": 0.8, ""bias_squared"": 0.006574141709276818, ""variance"": 0.01168736303871439, ""risk"": 0.01826150474799121}, {""a_m"": 1.0, ""bias_squared"": 0.00826446280991736, ""variance"": 0.008264462809917356, ""risk"": 0.016528925619834718}]"
G0_ALGEBRA,frozen_basis_derivative_relative_error,copied_from_existing_gate_not_recomputed,/Volumes/migodam's-external-brain/Research/Inv_SLAM/Gaussian/A20/opm-imaging-route-a/results/G0_ALGEBRA.json,3.091430283932506e-10
G0_ALGEBRA,moving_basis_missing_derivative_relative_error,copied_from_existing_gate_not_recomputed,/Volumes/migodam's-external-brain/Research/Inv_SLAM/Gaussian/A20/opm-imaging-route-a/results/G0_ALGEBRA.json,0.41247486969197433
G0_ALGEBRA,status,copied_from_existing_gate_not_recomputed,/Volumes/migodam's-external-brain/Research/Inv_SLAM/Gaussian/A20/opm-imaging-route-a/results/G0_ALGEBRA.json,ALL ASSERTIONS PASSED
REPRESENTATION_GATE,status,copied_from_existing_gate_not_recomputed,/Volumes/migodam's-external-brain/Research/Inv_SLAM/Gaussian/A20/opm-imaging-route-a/results/REPRESENTATION_GATE.json,HOLD
REPRESENTATION_GATE,eligible,copied_from_existing_gate_not_recomputed,/Volumes/migodam's-external-brain/Research/Inv_SLAM/Gaussian/A20/opm-imaging-route-a/results/REPRESENTATION_GATE.json,[]
REPRESENTATION_GATE,degrees.0.status,copied_from_existing_gate_not_recomputed,/Volumes/migodam's-external-brain/Research/Inv_SLAM/Gaussian/A20/opm-imaging-route-a/results/REPRESENTATION_GATE.json,HOLD
REPRESENTATION_GATE,degrees.0.valid_states,copied_from_existing_gate_not_recomputed,/Volumes/migodam's-external-brain/Research/Inv_SLAM/Gaussian/A20/opm-imaging-route-a/results/REPRESENTATION_GATE.json,10
REPRESENTATION_GATE,degrees.0.missing_states,copied_from_existing_gate_not_recomputed,/Volumes/migodam's-external-brain/Research/Inv_SLAM/Gaussian/A20/opm-imaging-route-a/results/REPRESENTATION_GATE.json,[]
REPRESENTATION_GATE,degrees.0.duplicate_states,copied_from_existing_gate_not_recomputed,/Volumes/migodam's-external-brain/Research/Inv_SLAM/Gaussian/A20/opm-imaging-route-a/results/REPRESENTATION_GATE.json,[]
REPRESENTATION_GATE,degrees.0.unexpected_states,copied_from_existing_gate_not_recomputed,/Volumes/migodam's-external-brain/Research/Inv_SLAM/Gaussian/A20/opm-imaging-route-a/results/REPRESENTATION_GATE.json,[]
REPRESENTATION_GATE,degrees.0.observed_failures,copied_from_existing_gate_not_recomputed,/Volumes/migodam's-external-brain/Research/Inv_SLAM/Gaussian/A20/opm-imaging-route-a/results/REPRESENTATION_GATE.json,2
REPRESENTATION_GATE,degrees.0.missing_reference_states,copied_from_existing_gate_not_recomputed,/Volumes/migodam's-external-brain/Research/Inv_SLAM/Gaussian/A20/opm-imaging-route-a/results/REPRESENTATION_GATE.json,"[[2010, 0], [2010, 17]]"
REPRESENTATION_GATE,degrees.0.method_validation_status,copied_from_existing_gate_not_recomputed,/Volumes/migodam's-external-brain/Research/Inv_SLAM/Gaussian/A20/opm-imaging-route-a/results/REPRESENTATION_GATE.json,FAIL
REPRESENTATION_GATE,degrees.0.unresolved_reference_or_floor,copied_from_existing_gate_not_recomputed,/Volumes/migodam's-external-brain/Research/Inv_SLAM/Gaussian/A20/opm-imaging-route-a/results/REPRESENTATION_GATE.json,0
REPRESENTATION_GATE,degrees.0.median_relative_H_step_error,copied_from_existing_gate_not_recomputed,/Volumes/migodam's-external-brain/Research/Inv_SLAM/Gaussian/A20/opm-imaging-route-a/results/REPRESENTATION_GATE.json,
REPRESENTATION_GATE,degrees.0.worst_relative_H_step_error,copied_from_existing_gate_not_recomputed,/Volumes/migodam's-external-brain/Research/Inv_SLAM/Gaussian/A20/opm-imaging-route-a/results/REPRESENTATION_GATE.json,6.573211883535582
REPRESENTATION_GATE,degrees.1.status,copied_from_existing_gate_not_recomputed,/Volumes/migodam's-external-brain/Research/Inv_SLAM/Gaussian/A20/opm-imaging-route-a/results/REPRESENTATION_GATE.json,HOLD
REPRESENTATION_GATE,degrees.1.valid_states,copied_from_existing_gate_not_recomputed,/Volumes/migodam's-external-brain/Research/Inv_SLAM/Gaussian/A20/opm-imaging-route-a/results/REPRESENTATION_GATE.json,10
REPRESENTATION_GATE,degrees.1.missing_states,copied_from_existing_gate_not_recomputed,/Volumes/migodam's-external-brain/Research/Inv_SLAM/Gaussian/A20/opm-imaging-route-a/results/REPRESENTATION_GATE.json,[]
REPRESENTATION_GATE,degrees.1.duplicate_states,copied_from_existing_gate_not_recomputed,/Volumes/migodam's-external-brain/Research/Inv_SLAM/Gaussian/A20/opm-imaging-route-a/results/REPRESENTATION_GATE.json,[]
REPRESENTATION_GATE,degrees.1.unexpected_states,copied_from_existing_gate_not_recomputed,/Volumes/migodam's-external-brain/Research/Inv_SLAM/Gaussian/A20/opm-imaging-route-a/results/REPRESENTATION_GATE.json,[]
REPRESENTATION_GATE,degrees.1.observed_failures,copied_from_existing_gate_not_recomputed,/Volumes/migodam's-external-brain/Research/Inv_SLAM/Gaussian/A20/opm-imaging-route-a/results/REPRESENTATION_GATE.json,2
REPRESENTATION_GATE,degrees.1.missing_reference_states,copied_from_existing_gate_not_recomputed,/Volumes/migodam's-external-brain/Research/Inv_SLAM/Gaussian/A20/opm-imaging-route-a/results/REPRESENTATION_GATE.json,"[[2010, 0], [2010, 17]]"
REPRESENTATION_GATE,degrees.1.method_validation_status,copied_from_existing_gate_not_recomputed,/Volumes/migodam's-external-brain/Research/Inv_SLAM/Gaussian/A20/opm-imaging-route-a/results/REPRESENTATION_GATE.json,FAIL
REPRESENTATION_GATE,degrees.1.unresolved_reference_or_floor,copied_from_existing_gate_not_recomputed,/Volumes/migodam's-external-brain/Research/Inv_SLAM/Gaussian/A20/opm-imaging-route-a/results/REPRESENTATION_GATE.json,0
REPRESENTATION_GATE,degrees.1.median_relative_H_step_error,copied_from_existing_gate_not_recomputed,/Volumes/migodam's-external-brain/Research/Inv_SLAM/Gaussian/A20/opm-imaging-route-a/results/REPRESENTATION_GATE.json,
REPRESENTATION_GATE,degrees.1.worst_relative_H_step_error,copied_from_existing_gate_not_recomputed,/Volumes/migodam's-external-brain/Research/Inv_SLAM/Gaussian/A20/opm-imaging-route-a/results/REPRESENTATION_GATE.json,5.113195435982987
REPRESENTATION_GATE,degrees.2.status,copied_from_existing_gate_not_recomputed,/Volumes/migodam's-external-brain/Research/Inv_SLAM/Gaussian/A20/opm-imaging-route-a/results/REPRESENTATION_GATE.json,HOLD
REPRESENTATION_GATE,degrees.2.valid_states,copied_from_existing_gate_not_recomputed,/Volumes/migodam's-external-brain/Research/Inv_SLAM/Gaussian/A20/opm-imaging-route-a/results/REPRESENTATION_GATE.json,10
REPRESENTATION_GATE,degrees.2.missing_states,copied_from_existing_gate_not_recomputed,/Volumes/migodam's-external-brain/Research/Inv_SLAM/Gaussian/A20/opm-imaging-route-a/results/REPRESENTATION_GATE.json,[]
REPRESENTATION_GATE,degrees.2.duplicate_states,copied_from_existing_gate_not_recomputed,/Volumes/migodam's-external-brain/Research/Inv_SLAM/Gaussian/A20/opm-imaging-route-a/results/REPRESENTATION_GATE.json,[]
REPRESENTATION_GATE,degrees.2.unexpected_states,copied_from_existing_gate_not_recomputed,/Volumes/migodam's-external-brain/Research/Inv_SLAM/Gaussian/A20/opm-imaging-route-a/results/REPRESENTATION_GATE.json,[]
REPRESENTATION_GATE,degrees.2.observed_failures,copied_from_existing_gate_not_recomputed,/Volumes/migodam's-external-brain/Research/Inv_SLAM/Gaussian/A20/opm-imaging-route-a/results/REPRESENTATION_GATE.json,2
REPRESENTATION_GATE,degrees.2.missing_reference_states,copied_from_existing_gate_not_recomputed,/Volumes/migodam's-external-brain/Research/Inv_SLAM/Gaussian/A20/opm-imaging-route-a/results/REPRESENTATION_GATE.json,"[[2010, 0], [2010, 17]]"
REPRESENTATION_GATE,degrees.2.method_validation_status,copied_from_existing_gate_not_recomputed,/Volumes/migodam's-external-brain/Research/Inv_SLAM/Gaussian/A20/opm-imaging-route-a/results/REPRESENTATION_GATE.json,FAIL
REPRESENTATION_GATE,degrees.2.unresolved_reference_or_floor,copied_from_existing_gate_not_recomputed,/Volumes/migodam's-external-brain/Research/Inv_SLAM/Gaussian/A20/opm-imaging-route-a/results/REPRESENTATION_GATE.json,0
REPRESENTATION_GATE,degrees.2.median_relative_H_step_error,copied_from_existing_gate_not_recomputed,/Volumes/migodam's-external-brain/Research/Inv_SLAM/Gaussian/A20/opm-imaging-route-a/results/REPRESENTATION_GATE.json,
REPRESENTATION_GATE,degrees.2.worst_relative_H_step_error,copied_from_existing_gate_not_recomputed,/Volumes/migodam's-external-brain/Research/Inv_SLAM/Gaussian/A20/opm-imaging-route-a/results/REPRESENTATION_GATE.json,4.704389368516216
REPRESENTATION_GATE,degrees.3.status,copied_from_existing_gate_not_recomputed,/Volumes/migodam's-external-brain/Research/Inv_SLAM/Gaussian/A20/opm-imaging-route-a/results/REPRESENTATION_GATE.json,HOLD
REPRESENTATION_GATE,degrees.3.valid_states,copied_from_existing_gate_not_recomputed,/Volumes/migodam's-external-brain/Research/Inv_SLAM/Gaussian/A20/opm-imaging-route-a/results/REPRESENTATION_GATE.json,10
REPRESENTATION_GATE,degrees.3.missing_states,copied_from_existing_gate_not_recomputed,/Volumes/migodam's-external-brain/Research/Inv_SLAM/Gaussian/A20/opm-imaging-route-a/results/REPRESENTATION_GATE.json,[]
REPRESENTATION_GATE,degrees.3.duplicate_states,copied_from_existing_gate_not_recomputed,/Volumes/migodam's-external-brain/Research/Inv_SLAM/Gaussian/A20/opm-imaging-route-a/results/REPRESENTATION_GATE.json,[]
REPRESENTATION_GATE,degrees.3.unexpected_states,copied_from_existing_gate_not_recomputed,/Volumes/migodam's-external-brain/Research/Inv_SLAM/Gaussian/A20/opm-imaging-route-a/results/REPRESENTATION_GATE.json,[]
REPRESENTATION_GATE,degrees.3.observed_failures,copied_from_existing_gate_not_recomputed,/Volumes/migodam's-external-brain/Research/Inv_SLAM/Gaussian/A20/opm-imaging-route-a/results/REPRESENTATION_GATE.json,2
REPRESENTATION_GATE,degrees.3.missing_reference_states,copied_from_existing_gate_not_recomputed,/Volumes/migodam's-external-brain/Research/Inv_SLAM/Gaussian/A20/opm-imaging-route-a/results/REPRESENTATION_GATE.json,"[[2010, 0], [2010, 17]]"
REPRESENTATION_GATE,degrees.3.method_validation_status,copied_from_existing_gate_not_recomputed,/Volumes/migodam's-external-brain/Research/Inv_SLAM/Gaussian/A20/opm-imaging-route-a/results/REPRESENTATION_GATE.json,FAIL
REPRESENTATION_GATE,degrees.3.unresolved_reference_or_floor,copied_from_existing_gate_not_recomputed,/Volumes/migodam's-external-brain/Research/Inv_SLAM/Gaussian/A20/opm-imaging-route-a/results/REPRESENTATION_GATE.json,0
REPRESENTATION_GATE,degrees.3.median_relative_H_step_error,copied_from_existing_gate_not_recomputed,/Volumes/migodam's-external-brain/Research/Inv_SLAM/Gaussian/A20/opm-imaging-route-a/results/REPRESENTATION_GATE.json,
REPRESENTATION_GATE,degrees.3.worst_relative_H_step_error,copied_from_existing_gate_not_recomputed,/Volumes/migodam's-external-brain/Research/Inv_SLAM/Gaussian/A20/opm-imaging-route-a/results/REPRESENTATION_GATE.json,4.49688065497439
REPRESENTATION_GATE,expected_states,copied_from_existing_gate_not_recomputed,/Volumes/migodam's-external-brain/Research/Inv_SLAM/Gaussian/A20/opm-imaging-route-a/results/REPRESENTATION_GATE.json,12
