actual_rank,control,control_error,control_replicates_averaged_within_state,control_rows,degree,difference_mixed_minus_control,matched,matched_control_rows,mixed_error,mixed_rows,parameterization,parent,reason,row_id,state,total_seed_rank
,M_total4,,,1,0,,False,,,0,gaussian,2001,total_seed_rank_unmatched_or_missing,,0,4
,M_total4,,,1,0,,False,,,0,gaussian,2001,total_seed_rank_unmatched_or_missing,,17,4
,M_total4,,,1,0,,False,,,0,gaussian,2005,total_seed_rank_unmatched_or_missing,,0,4
,M_total4,,,1,0,,False,,,0,gaussian,2005,total_seed_rank_unmatched_or_missing,,17,4
,M_total4,,,1,0,,False,,,0,gaussian,2003,total_seed_rank_unmatched_or_missing,,0,4
,M_total4,,,1,0,,False,,,0,gaussian,2003,total_seed_rank_unmatched_or_missing,,17,4
,M_total4,,,1,0,,False,,,0,gaussian,2007,total_seed_rank_unmatched_or_missing,,0,4
,M_total4,,,1,0,,False,,,0,gaussian,2007,total_seed_rank_unmatched_or_missing,,17,4
,M_total4,,,1,0,,False,,,0,gaussian,2013,total_seed_rank_unmatched_or_missing,,0,4
,M_total4,,,1,0,,False,,,0,gaussian,2013,total_seed_rank_unmatched_or_missing,,17,4
,OM_total4,,,1,0,,False,,,0,gaussian,2001,total_seed_rank_unmatched_or_missing,,0,4
,OM_total4,,,1,0,,False,,,0,gaussian,2001,total_seed_rank_unmatched_or_missing,,17,4
,OM_total4,,,1,0,,False,,,0,gaussian,2005,total_seed_rank_unmatched_or_missing,,0,4
,OM_total4,,,1,0,,False,,,0,gaussian,2005,total_seed_rank_unmatched_or_missing,,17,4
,OM_total4,,,1,0,,False,,,0,gaussian,2003,total_seed_rank_unmatched_or_missing,,0,4
,OM_total4,,,1,0,,False,,,0,gaussian,2003,total_seed_rank_unmatched_or_missing,,17,4
,OM_total4,,,1,0,,False,,,0,gaussian,2007,total_seed_rank_unmatched_or_missing,,0,4
,OM_total4,,,1,0,,False,,,0,gaussian,2007,total_seed_rank_unmatched_or_missing,,17,4
,OM_total4,,,1,0,,False,,,0,gaussian,2013,total_seed_rank_unmatched_or_missing,,0,4
,OM_total4,,,1,0,,False,,,0,gaussian,2013,total_seed_rank_unmatched_or_missing,,17,4
,OPM_total4,,,1,0,,False,,,0,gaussian,2001,total_seed_rank_unmatched_or_missing,,0,4
,OPM_total4,,,1,0,,False,,,0,gaussian,2001,total_seed_rank_unmatched_or_missing,,17,4
,OPM_total4,,,1,0,,False,,,0,gaussian,2005,total_seed_rank_unmatched_or_missing,,0,4
,OPM_total4,,,1,0,,False,,,0,gaussian,2005,total_seed_rank_unmatched_or_missing,,17,4
,OPM_total4,,,1,0,,False,,,0,gaussian,2003,total_seed_rank_unmatched_or_missing,,0,4
,OPM_total4,,,1,0,,False,,,0,gaussian,2003,total_seed_rank_unmatched_or_missing,,17,4
,OPM_total4,,,1,0,,False,,,0,gaussian,2007,total_seed_rank_unmatched_or_missing,,0,4
,OPM_total4,,,1,0,,False,,,0,gaussian,2007,total_seed_rank_unmatched_or_missing,,17,4
,OPM_total4,,,1,0,,False,,,0,gaussian,2013,total_seed_rank_unmatched_or_missing,,0,4
,OPM_total4,,,1,0,,False,,,0,gaussian,2013,total_seed_rank_unmatched_or_missing,,17,4
,O_total4,,,1,0,,False,,,0,gaussian,2001,total_seed_rank_unmatched_or_missing,,0,4
,O_total4,,,1,0,,False,,,0,gaussian,2001,total_seed_rank_unmatched_or_missing,,17,4
,O_total4,,,1,0,,False,,,0,gaussian,2005,total_seed_rank_unmatched_or_missing,,0,4
,O_total4,,,1,0,,False,,,0,gaussian,2005,total_seed_rank_unmatched_or_missing,,17,4
,O_total4,,,1,0,,False,,,0,gaussian,2003,total_seed_rank_unmatched_or_missing,,0,4
,O_total4,,,1,0,,False,,,0,gaussian,2003,total_seed_rank_unmatched_or_missing,,17,4
,O_total4,,,1,0,,False,,,0,gaussian,2007,total_seed_rank_unmatched_or_missing,,0,4
,O_total4,,,1,0,,False,,,0,gaussian,2007,total_seed_rank_unmatched_or_missing,,17,4
,O_total4,,,1,0,,False,,,0,gaussian,2013,total_seed_rank_unmatched_or_missing,,0,4
,O_total4,,,1,0,,False,,,0,gaussian,2013,total_seed_rank_unmatched_or_missing,,17,4
,P_total4,,,1,0,,False,,,0,gaussian,2001,total_seed_rank_unmatched_or_missing,,0,4
,P_total4,,,1,0,,False,,,0,gaussian,2001,total_seed_rank_unmatched_or_missing,,17,4
,P_total4,,,1,0,,False,,,0,gaussian,2005,total_seed_rank_unmatched_or_missing,,0,4
,P_total4,,,1,0,,False,,,0,gaussian,2005,total_seed_rank_unmatched_or_missing,,17,4
,P_total4,,,1,0,,False,,,0,gaussian,2003,total_seed_rank_unmatched_or_missing,,0,4
,P_total4,,,1,0,,False,,,0,gaussian,2003,total_seed_rank_unmatched_or_missing,,17,4
,P_total4,,,1,0,,False,,,0,gaussian,2007,total_seed_rank_unmatched_or_missing,,0,4
,P_total4,,,1,0,,False,,,0,gaussian,2007,total_seed_rank_unmatched_or_missing,,17,4
,P_total4,,,1,0,,False,,,0,gaussian,2013,total_seed_rank_unmatched_or_missing,,0,4
,P_total4,,,1,0,,False,,,0,gaussian,2013,total_seed_rank_unmatched_or_missing,,17,4
20,OPM_forward_total12,0.02184201409527977,1,1,0,0.0,True,1,0.02184201409527977,1,gaussian,2001,exact_seed_and_actual_rank_match,,0,12
20,OPM_forward_total12,4.127244585045161,1,1,0,0.0,True,1,4.127244585045161,1,gaussian,2001,exact_seed_and_actual_rank_match,,17,12
20,OPM_forward_total12,0.042679128569347066,1,1,0,0.0,True,1,0.042679128569347066,1,gaussian,2005,exact_seed_and_actual_rank_match,,0,12
20,OPM_forward_total12,6.573211883535582,1,1,0,0.0,True,1,6.573211883535582,1,gaussian,2005,exact_seed_and_actual_rank_match,,17,12
20,OPM_forward_total12,0.02528990331352254,1,1,0,0.0,True,1,0.02528990331352254,1,gaussian,2003,exact_seed_and_actual_rank_match,,0,12
20,OPM_forward_total12,2.042183396575713,1,1,0,0.0,True,1,2.042183396575713,1,gaussian,2003,exact_seed_and_actual_rank_match,,17,12
20,OPM_forward_total12,0.0346370100980737,1,1,0,0.0,True,1,0.0346370100980737,1,gaussian,2007,exact_seed_and_actual_rank_match,,0,12
20,OPM_forward_total12,3.986573787496384,1,1,0,0.0,True,1,3.986573787496384,1,gaussian,2007,exact_seed_and_actual_rank_match,,17,12
20,OPM_forward_total12,0.03561526362200619,1,1,0,0.0,True,1,0.03561526362200619,1,gaussian,2013,exact_seed_and_actual_rank_match,,0,12
20,OPM_forward_total12,2.4264466222701397,1,1,0,0.0,True,1,2.4264466222701397,1,gaussian,2013,exact_seed_and_actual_rank_match,,17,12
20,ordinary_right_block_Krylov12,0.02867668476931103,1,1,0,-0.006834670674031259,True,1,0.02184201409527977,1,gaussian,2001,exact_seed_and_actual_rank_match,,0,12
20,ordinary_right_block_Krylov12,9.485583636217212,1,1,0,-5.3583390511720514,True,1,4.127244585045161,1,gaussian,2001,exact_seed_and_actual_rank_match,,17,12
20,ordinary_right_block_Krylov12,0.07143892193968442,1,1,0,-0.02875979337033735,True,1,0.042679128569347066,1,gaussian,2005,exact_seed_and_actual_rank_match,,0,12
20,ordinary_right_block_Krylov12,17.36387644109278,1,1,0,-10.7906645575572,True,1,6.573211883535582,1,gaussian,2005,exact_seed_and_actual_rank_match,,17,12
20,ordinary_right_block_Krylov12,0.03751397565137862,1,1,0,-0.012224072337856082,True,1,0.02528990331352254,1,gaussian,2003,exact_seed_and_actual_rank_match,,0,12
20,ordinary_right_block_Krylov12,4.177119032667688,1,1,0,-2.1349356360919756,True,1,2.042183396575713,1,gaussian,2003,exact_seed_and_actual_rank_match,,17,12
20,ordinary_right_block_Krylov12,0.06307090798331129,1,1,0,-0.02843389788523759,True,1,0.0346370100980737,1,gaussian,2007,exact_seed_and_actual_rank_match,,0,12
20,ordinary_right_block_Krylov12,12.96640318471745,1,1,0,-8.979829397221065,True,1,3.986573787496384,1,gaussian,2007,exact_seed_and_actual_rank_match,,17,12
20,ordinary_right_block_Krylov12,0.03960666291466513,1,1,0,-0.003991399292658938,True,1,0.03561526362200619,1,gaussian,2013,exact_seed_and_actual_rank_match,,0,12
20,ordinary_right_block_Krylov12,7.147155182365987,1,1,0,-4.720708560095847,True,1,2.4264466222701397,1,gaussian,2013,exact_seed_and_actual_rank_match,,17,12
,random_current_rank_control_20261005,,,1,0,,False,,,0,gaussian,2001,total_seed_rank_unmatched_or_missing,,0,20
,random_current_rank_control_20261005,,,1,0,,False,,,0,gaussian,2001,total_seed_rank_unmatched_or_missing,,17,20
,random_current_rank_control_20261005,,,1,0,,False,,,0,gaussian,2005,total_seed_rank_unmatched_or_missing,,0,20
,random_current_rank_control_20261005,,,1,0,,False,,,0,gaussian,2005,total_seed_rank_unmatched_or_missing,,17,20
,random_current_rank_control_20261005,,,1,0,,False,,,0,gaussian,2003,total_seed_rank_unmatched_or_missing,,0,20
,random_current_rank_control_20261005,,,1,0,,False,,,0,gaussian,2003,total_seed_rank_unmatched_or_missing,,17,20
,random_current_rank_control_20261005,,,1,0,,False,,,0,gaussian,2007,total_seed_rank_unmatched_or_missing,,0,20
,random_current_rank_control_20261005,,,1,0,,False,,,0,gaussian,2007,total_seed_rank_unmatched_or_missing,,17,20
,random_current_rank_control_20261005,,,1,0,,False,,,0,gaussian,2013,total_seed_rank_unmatched_or_missing,,0,20
,random_current_rank_control_20261005,,,1,0,,False,,,0,gaussian,2013,total_seed_rank_unmatched_or_missing,,17,20
,random_current_rank_control_20261006,,,1,0,,False,,,0,gaussian,2001,total_seed_rank_unmatched_or_missing,,0,20
,random_current_rank_control_20261006,,,1,0,,False,,,0,gaussian,2001,total_seed_rank_unmatched_or_missing,,17,20
,random_current_rank_control_20261006,,,1,0,,False,,,0,gaussian,2005,total_seed_rank_unmatched_or_missing,,0,20
,random_current_rank_control_20261006,,,1,0,,False,,,0,gaussian,2005,total_seed_rank_unmatched_or_missing,,17,20
,random_current_rank_control_20261006,,,1,0,,False,,,0,gaussian,2003,total_seed_rank_unmatched_or_missing,,0,20
,random_current_rank_control_20261006,,,1,0,,False,,,0,gaussian,2003,total_seed_rank_unmatched_or_missing,,17,20
,random_current_rank_control_20261006,,,1,0,,False,,,0,gaussian,2007,total_seed_rank_unmatched_or_missing,,0,20
,random_current_rank_control_20261006,,,1,0,,False,,,0,gaussian,2007,total_seed_rank_unmatched_or_missing,,17,20
,random_current_rank_control_20261006,,,1,0,,False,,,0,gaussian,2013,total_seed_rank_unmatched_or_missing,,0,20
,random_current_rank_control_20261006,,,1,0,,False,,,0,gaussian,2013,total_seed_rank_unmatched_or_missing,,17,20
,random_current_rank_control_20261007,,,1,0,,False,,,0,gaussian,2001,total_seed_rank_unmatched_or_missing,,0,20
,random_current_rank_control_20261007,,,1,0,,False,,,0,gaussian,2001,total_seed_rank_unmatched_or_missing,,17,20
,random_current_rank_control_20261007,,,1,0,,False,,,0,gaussian,2005,total_seed_rank_unmatched_or_missing,,0,20
,random_current_rank_control_20261007,,,1,0,,False,,,0,gaussian,2005,total_seed_rank_unmatched_or_missing,,17,20
,random_current_rank_control_20261007,,,1,0,,False,,,0,gaussian,2003,total_seed_rank_unmatched_or_missing,,0,20
,random_current_rank_control_20261007,,,1,0,,False,,,0,gaussian,2003,total_seed_rank_unmatched_or_missing,,17,20
,random_current_rank_control_20261007,,,1,0,,False,,,0,gaussian,2007,total_seed_rank_unmatched_or_missing,,0,20
,random_current_rank_control_20261007,,,1,0,,False,,,0,gaussian,2007,total_seed_rank_unmatched_or_missing,,17,20
,random_current_rank_control_20261007,,,1,0,,False,,,0,gaussian,2013,total_seed_rank_unmatched_or_missing,,0,20
,random_current_rank_control_20261007,,,1,0,,False,,,0,gaussian,2013,total_seed_rank_unmatched_or_missing,,17,20
,receiver_SOM_rank_control,,,1,0,,False,,,0,gaussian,2001,total_seed_rank_unmatched_or_missing,,0,20
,receiver_SOM_rank_control,,,1,0,,False,,,0,gaussian,2001,total_seed_rank_unmatched_or_missing,,17,20
,receiver_SOM_rank_control,,,1,0,,False,,,0,gaussian,2005,total_seed_rank_unmatched_or_missing,,0,20
,receiver_SOM_rank_control,,,1,0,,False,,,0,gaussian,2005,total_seed_rank_unmatched_or_missing,,17,20
,receiver_SOM_rank_control,,,1,0,,False,,,0,gaussian,2003,total_seed_rank_unmatched_or_missing,,0,20
,receiver_SOM_rank_control,,,1,0,,False,,,0,gaussian,2003,total_seed_rank_unmatched_or_missing,,17,20
,receiver_SOM_rank_control,,,1,0,,False,,,0,gaussian,2007,total_seed_rank_unmatched_or_missing,,0,20
,receiver_SOM_rank_control,,,1,0,,False,,,0,gaussian,2007,total_seed_rank_unmatched_or_missing,,17,20
,receiver_SOM_rank_control,,,1,0,,False,,,0,gaussian,2013,total_seed_rank_unmatched_or_missing,,0,20
,receiver_SOM_rank_control,,,1,0,,False,,,0,gaussian,2013,total_seed_rank_unmatched_or_missing,,17,20
,M_total4,,,1,1,,False,,,0,gaussian,2001,total_seed_rank_unmatched_or_missing,,0,4
,M_total4,,,1,1,,False,,,0,gaussian,2001,total_seed_rank_unmatched_or_missing,,17,4
,M_total4,,,1,1,,False,,,0,gaussian,2005,total_seed_rank_unmatched_or_missing,,0,4
,M_total4,,,1,1,,False,,,0,gaussian,2005,total_seed_rank_unmatched_or_missing,,17,4
,M_total4,,,1,1,,False,,,0,gaussian,2003,total_seed_rank_unmatched_or_missing,,0,4
,M_total4,,,1,1,,False,,,0,gaussian,2003,total_seed_rank_unmatched_or_missing,,17,4
,M_total4,,,1,1,,False,,,0,gaussian,2007,total_seed_rank_unmatched_or_missing,,0,4
,M_total4,,,1,1,,False,,,0,gaussian,2007,total_seed_rank_unmatched_or_missing,,17,4
,M_total4,,,1,1,,False,,,0,gaussian,2013,total_seed_rank_unmatched_or_missing,,0,4
,M_total4,,,1,1,,False,,,0,gaussian,2013,total_seed_rank_unmatched_or_missing,,17,4
,OM_total4,,,1,1,,False,,,0,gaussian,2001,total_seed_rank_unmatched_or_missing,,0,4
,OM_total4,,,1,1,,False,,,0,gaussian,2001,total_seed_rank_unmatched_or_missing,,17,4
,OM_total4,,,1,1,,False,,,0,gaussian,2005,total_seed_rank_unmatched_or_missing,,0,4
,OM_total4,,,1,1,,False,,,0,gaussian,2005,total_seed_rank_unmatched_or_missing,,17,4
,OM_total4,,,1,1,,False,,,0,gaussian,2003,total_seed_rank_unmatched_or_missing,,0,4
,OM_total4,,,1,1,,False,,,0,gaussian,2003,total_seed_rank_unmatched_or_missing,,17,4
,OM_total4,,,1,1,,False,,,0,gaussian,2007,total_seed_rank_unmatched_or_missing,,0,4
,OM_total4,,,1,1,,False,,,0,gaussian,2007,total_seed_rank_unmatched_or_missing,,17,4
,OM_total4,,,1,1,,False,,,0,gaussian,2013,total_seed_rank_unmatched_or_missing,,0,4
,OM_total4,,,1,1,,False,,,0,gaussian,2013,total_seed_rank_unmatched_or_missing,,17,4
,OPM_total4,,,1,1,,False,,,0,gaussian,2001,total_seed_rank_unmatched_or_missing,,0,4
,OPM_total4,,,1,1,,False,,,0,gaussian,2001,total_seed_rank_unmatched_or_missing,,17,4
,OPM_total4,,,1,1,,False,,,0,gaussian,2005,total_seed_rank_unmatched_or_missing,,0,4
,OPM_total4,,,1,1,,False,,,0,gaussian,2005,total_seed_rank_unmatched_or_missing,,17,4
,OPM_total4,,,1,1,,False,,,0,gaussian,2003,total_seed_rank_unmatched_or_missing,,0,4
,OPM_total4,,,1,1,,False,,,0,gaussian,2003,total_seed_rank_unmatched_or_missing,,17,4
,OPM_total4,,,1,1,,False,,,0,gaussian,2007,total_seed_rank_unmatched_or_missing,,0,4
,OPM_total4,,,1,1,,False,,,0,gaussian,2007,total_seed_rank_unmatched_or_missing,,17,4
,OPM_total4,,,1,1,,False,,,0,gaussian,2013,total_seed_rank_unmatched_or_missing,,0,4
,OPM_total4,,,1,1,,False,,,0,gaussian,2013,total_seed_rank_unmatched_or_missing,,17,4
,O_total4,,,1,1,,False,,,0,gaussian,2001,total_seed_rank_unmatched_or_missing,,0,4
,O_total4,,,1,1,,False,,,0,gaussian,2001,total_seed_rank_unmatched_or_missing,,17,4
,O_total4,,,1,1,,False,,,0,gaussian,2005,total_seed_rank_unmatched_or_missing,,0,4
,O_total4,,,1,1,,False,,,0,gaussian,2005,total_seed_rank_unmatched_or_missing,,17,4
,O_total4,,,1,1,,False,,,0,gaussian,2003,total_seed_rank_unmatched_or_missing,,0,4
,O_total4,,,1,1,,False,,,0,gaussian,2003,total_seed_rank_unmatched_or_missing,,17,4
,O_total4,,,1,1,,False,,,0,gaussian,2007,total_seed_rank_unmatched_or_missing,,0,4
,O_total4,,,1,1,,False,,,0,gaussian,2007,total_seed_rank_unmatched_or_missing,,17,4
,O_total4,,,1,1,,False,,,0,gaussian,2013,total_seed_rank_unmatched_or_missing,,0,4
,O_total4,,,1,1,,False,,,0,gaussian,2013,total_seed_rank_unmatched_or_missing,,17,4
,P_total4,,,1,1,,False,,,0,gaussian,2001,total_seed_rank_unmatched_or_missing,,0,4
,P_total4,,,1,1,,False,,,0,gaussian,2001,total_seed_rank_unmatched_or_missing,,17,4
,P_total4,,,1,1,,False,,,0,gaussian,2005,total_seed_rank_unmatched_or_missing,,0,4
,P_total4,,,1,1,,False,,,0,gaussian,2005,total_seed_rank_unmatched_or_missing,,17,4
,P_total4,,,1,1,,False,,,0,gaussian,2003,total_seed_rank_unmatched_or_missing,,0,4
,P_total4,,,1,1,,False,,,0,gaussian,2003,total_seed_rank_unmatched_or_missing,,17,4
,P_total4,,,1,1,,False,,,0,gaussian,2007,total_seed_rank_unmatched_or_missing,,0,4
,P_total4,,,1,1,,False,,,0,gaussian,2007,total_seed_rank_unmatched_or_missing,,17,4
,P_total4,,,1,1,,False,,,0,gaussian,2013,total_seed_rank_unmatched_or_missing,,0,4
,P_total4,,,1,1,,False,,,0,gaussian,2013,total_seed_rank_unmatched_or_missing,,17,4
32,OPM_forward_total12,0.019775874999421655,1,1,1,-0.0007992585220209548,True,1,0.0189766164774007,1,gaussian,2001,exact_seed_and_actual_rank_match,,0,12
32,OPM_forward_total12,3.146868507008228,1,1,1,-0.03205018002290272,True,1,3.114818326985325,1,gaussian,2001,exact_seed_and_actual_rank_match,,17,12
32,OPM_forward_total12,0.03868092579501281,1,1,1,0.00024845562178767155,True,1,0.03892938141680048,1,gaussian,2005,exact_seed_and_actual_rank_match,,0,12
32,OPM_forward_total12,5.431240641679522,1,1,1,-0.31804520569653505,True,1,5.113195435982987,1,gaussian,2005,exact_seed_and_actual_rank_match,,17,12
32,OPM_forward_total12,0.02097520114318925,1,1,1,0.00042827174944043075,True,1,0.021403472892629682,1,gaussian,2003,exact_seed_and_actual_rank_match,,0,12
32,OPM_forward_total12,1.753369930781711,1,1,1,-0.11451605897842154,True,1,1.6388538718032895,1,gaussian,2003,exact_seed_and_actual_rank_match,,17,12
32,OPM_forward_total12,0.034027089723418086,1,1,1,0.00010176725490815275,True,1,0.03412885697832624,1,gaussian,2007,exact_seed_and_actual_rank_match,,0,12
32,OPM_forward_total12,3.427513263794272,1,1,1,0.31293407121766537,True,1,3.7404473350119374,1,gaussian,2007,exact_seed_and_actual_rank_match,,17,12
32,OPM_forward_total12,0.03201256785814742,1,1,1,-0.0007134180940449111,True,1,0.03129914976410251,1,gaussian,2013,exact_seed_and_actual_rank_match,,0,12
32,OPM_forward_total12,1.713618424875585,1,1,1,-0.007902852245130765,True,1,1.7057155726304543,1,gaussian,2013,exact_seed_and_actual_rank_match,,17,12
32,ordinary_right_block_Krylov12,0.03080737754553935,1,1,1,-0.01183076106813865,True,1,0.0189766164774007,1,gaussian,2001,exact_seed_and_actual_rank_match,,0,12
32,ordinary_right_block_Krylov12,9.580647769695174,1,1,1,-6.465829442709849,True,1,3.114818326985325,1,gaussian,2001,exact_seed_and_actual_rank_match,,17,12
32,ordinary_right_block_Krylov12,0.07131493487123497,1,1,1,-0.03238555345443449,True,1,0.03892938141680048,1,gaussian,2005,exact_seed_and_actual_rank_match,,0,12
32,ordinary_right_block_Krylov12,16.743715355922394,1,1,1,-11.630519919939406,True,1,5.113195435982987,1,gaussian,2005,exact_seed_and_actual_rank_match,,17,12
32,ordinary_right_block_Krylov12,0.03650052536535126,1,1,1,-0.01509705247272158,True,1,0.021403472892629682,1,gaussian,2003,exact_seed_and_actual_rank_match,,0,12
32,ordinary_right_block_Krylov12,4.1395464472104635,1,1,1,-2.5006925754071743,True,1,1.6388538718032895,1,gaussian,2003,exact_seed_and_actual_rank_match,,17,12
32,ordinary_right_block_Krylov12,0.06319829386360738,1,1,1,-0.029069436885281144,True,1,0.03412885697832624,1,gaussian,2007,exact_seed_and_actual_rank_match,,0,12
32,ordinary_right_block_Krylov12,12.75396056590046,1,1,1,-9.013513230888522,True,1,3.7404473350119374,1,gaussian,2007,exact_seed_and_actual_rank_match,,17,12
32,ordinary_right_block_Krylov12,0.037816621560134274,1,1,1,-0.006517471796031765,True,1,0.03129914976410251,1,gaussian,2013,exact_seed_and_actual_rank_match,,0,12
32,ordinary_right_block_Krylov12,7.111297741916715,1,1,1,-5.4055821692862605,True,1,1.7057155726304543,1,gaussian,2013,exact_seed_and_actual_rank_match,,17,12
,random_current_rank_control_20261005,,,1,1,,False,,,0,gaussian,2001,total_seed_rank_unmatched_or_missing,,0,32
,random_current_rank_control_20261005,,,1,1,,False,,,0,gaussian,2001,total_seed_rank_unmatched_or_missing,,17,32
,random_current_rank_control_20261005,,,1,1,,False,,,0,gaussian,2005,total_seed_rank_unmatched_or_missing,,0,32
,random_current_rank_control_20261005,,,1,1,,False,,,0,gaussian,2005,total_seed_rank_unmatched_or_missing,,17,32
,random_current_rank_control_20261005,,,1,1,,False,,,0,gaussian,2003,total_seed_rank_unmatched_or_missing,,0,32
,random_current_rank_control_20261005,,,1,1,,False,,,0,gaussian,2003,total_seed_rank_unmatched_or_missing,,17,32
,random_current_rank_control_20261005,,,1,1,,False,,,0,gaussian,2007,total_seed_rank_unmatched_or_missing,,0,32
,random_current_rank_control_20261005,,,1,1,,False,,,0,gaussian,2007,total_seed_rank_unmatched_or_missing,,17,32
,random_current_rank_control_20261005,,,1,1,,False,,,0,gaussian,2013,total_seed_rank_unmatched_or_missing,,0,32
,random_current_rank_control_20261005,,,1,1,,False,,,0,gaussian,2013,total_seed_rank_unmatched_or_missing,,17,32
,random_current_rank_control_20261006,,,1,1,,False,,,0,gaussian,2001,total_seed_rank_unmatched_or_missing,,0,32
,random_current_rank_control_20261006,,,1,1,,False,,,0,gaussian,2001,total_seed_rank_unmatched_or_missing,,17,32
,random_current_rank_control_20261006,,,1,1,,False,,,0,gaussian,2005,total_seed_rank_unmatched_or_missing,,0,32
,random_current_rank_control_20261006,,,1,1,,False,,,0,gaussian,2005,total_seed_rank_unmatched_or_missing,,17,32
,random_current_rank_control_20261006,,,1,1,,False,,,0,gaussian,2003,total_seed_rank_unmatched_or_missing,,0,32
,random_current_rank_control_20261006,,,1,1,,False,,,0,gaussian,2003,total_seed_rank_unmatched_or_missing,,17,32
,random_current_rank_control_20261006,,,1,1,,False,,,0,gaussian,2007,total_seed_rank_unmatched_or_missing,,0,32
,random_current_rank_control_20261006,,,1,1,,False,,,0,gaussian,2007,total_seed_rank_unmatched_or_missing,,17,32
,random_current_rank_control_20261006,,,1,1,,False,,,0,gaussian,2013,total_seed_rank_unmatched_or_missing,,0,32
,random_current_rank_control_20261006,,,1,1,,False,,,0,gaussian,2013,total_seed_rank_unmatched_or_missing,,17,32
,random_current_rank_control_20261007,,,1,1,,False,,,0,gaussian,2001,total_seed_rank_unmatched_or_missing,,0,32
,random_current_rank_control_20261007,,,1,1,,False,,,0,gaussian,2001,total_seed_rank_unmatched_or_missing,,17,32
,random_current_rank_control_20261007,,,1,1,,False,,,0,gaussian,2005,total_seed_rank_unmatched_or_missing,,0,32
,random_current_rank_control_20261007,,,1,1,,False,,,0,gaussian,2005,total_seed_rank_unmatched_or_missing,,17,32
,random_current_rank_control_20261007,,,1,1,,False,,,0,gaussian,2003,total_seed_rank_unmatched_or_missing,,0,32
,random_current_rank_control_20261007,,,1,1,,False,,,0,gaussian,2003,total_seed_rank_unmatched_or_missing,,17,32
,random_current_rank_control_20261007,,,1,1,,False,,,0,gaussian,2007,total_seed_rank_unmatched_or_missing,,0,32
,random_current_rank_control_20261007,,,1,1,,False,,,0,gaussian,2007,total_seed_rank_unmatched_or_missing,,17,32
,random_current_rank_control_20261007,,,1,1,,False,,,0,gaussian,2013,total_seed_rank_unmatched_or_missing,,0,32
,random_current_rank_control_20261007,,,1,1,,False,,,0,gaussian,2013,total_seed_rank_unmatched_or_missing,,17,32
,receiver_SOM_rank_control,,,1,1,,False,,,0,gaussian,2001,total_seed_rank_unmatched_or_missing,,0,32
,receiver_SOM_rank_control,,,1,1,,False,,,0,gaussian,2001,total_seed_rank_unmatched_or_missing,,17,32
,receiver_SOM_rank_control,,,1,1,,False,,,0,gaussian,2005,total_seed_rank_unmatched_or_missing,,0,32
,receiver_SOM_rank_control,,,1,1,,False,,,0,gaussian,2005,total_seed_rank_unmatched_or_missing,,17,32
,receiver_SOM_rank_control,,,1,1,,False,,,0,gaussian,2003,total_seed_rank_unmatched_or_missing,,0,32
,receiver_SOM_rank_control,,,1,1,,False,,,0,gaussian,2003,total_seed_rank_unmatched_or_missing,,17,32
,receiver_SOM_rank_control,,,1,1,,False,,,0,gaussian,2007,total_seed_rank_unmatched_or_missing,,0,32
,receiver_SOM_rank_control,,,1,1,,False,,,0,gaussian,2007,total_seed_rank_unmatched_or_missing,,17,32
,receiver_SOM_rank_control,,,1,1,,False,,,0,gaussian,2013,total_seed_rank_unmatched_or_missing,,0,32
,receiver_SOM_rank_control,,,1,1,,False,,,0,gaussian,2013,total_seed_rank_unmatched_or_missing,,17,32
,M_total4,,,1,2,,False,,,0,gaussian,2001,total_seed_rank_unmatched_or_missing,,0,4
,M_total4,,,1,2,,False,,,0,gaussian,2001,total_seed_rank_unmatched_or_missing,,17,4
,M_total4,,,1,2,,False,,,0,gaussian,2005,total_seed_rank_unmatched_or_missing,,0,4
,M_total4,,,1,2,,False,,,0,gaussian,2005,total_seed_rank_unmatched_or_missing,,17,4
,M_total4,,,1,2,,False,,,0,gaussian,2003,total_seed_rank_unmatched_or_missing,,0,4
,M_total4,,,1,2,,False,,,0,gaussian,2003,total_seed_rank_unmatched_or_missing,,17,4
,M_total4,,,1,2,,False,,,0,gaussian,2007,total_seed_rank_unmatched_or_missing,,0,4
,M_total4,,,1,2,,False,,,0,gaussian,2007,total_seed_rank_unmatched_or_missing,,17,4
,M_total4,,,1,2,,False,,,0,gaussian,2013,total_seed_rank_unmatched_or_missing,,0,4
,M_total4,,,1,2,,False,,,0,gaussian,2013,total_seed_rank_unmatched_or_missing,,17,4
,OM_total4,,,1,2,,False,,,0,gaussian,2001,total_seed_rank_unmatched_or_missing,,0,4
,OM_total4,,,1,2,,False,,,0,gaussian,2001,total_seed_rank_unmatched_or_missing,,17,4
,OM_total4,,,1,2,,False,,,0,gaussian,2005,total_seed_rank_unmatched_or_missing,,0,4
,OM_total4,,,1,2,,False,,,0,gaussian,2005,total_seed_rank_unmatched_or_missing,,17,4
,OM_total4,,,1,2,,False,,,0,gaussian,2003,total_seed_rank_unmatched_or_missing,,0,4
,OM_total4,,,1,2,,False,,,0,gaussian,2003,total_seed_rank_unmatched_or_missing,,17,4
,OM_total4,,,1,2,,False,,,0,gaussian,2007,total_seed_rank_unmatched_or_missing,,0,4
,OM_total4,,,1,2,,False,,,0,gaussian,2007,total_seed_rank_unmatched_or_missing,,17,4
,OM_total4,,,1,2,,False,,,0,gaussian,2013,total_seed_rank_unmatched_or_missing,,0,4
,OM_total4,,,1,2,,False,,,0,gaussian,2013,total_seed_rank_unmatched_or_missing,,17,4
,OPM_total4,,,1,2,,False,,,0,gaussian,2001,total_seed_rank_unmatched_or_missing,,0,4
,OPM_total4,,,1,2,,False,,,0,gaussian,2001,total_seed_rank_unmatched_or_missing,,17,4
,OPM_total4,,,1,2,,False,,,0,gaussian,2005,total_seed_rank_unmatched_or_missing,,0,4
,OPM_total4,,,1,2,,False,,,0,gaussian,2005,total_seed_rank_unmatched_or_missing,,17,4
,OPM_total4,,,1,2,,False,,,0,gaussian,2003,total_seed_rank_unmatched_or_missing,,0,4
,OPM_total4,,,1,2,,False,,,0,gaussian,2003,total_seed_rank_unmatched_or_missing,,17,4
,OPM_total4,,,1,2,,False,,,0,gaussian,2007,total_seed_rank_unmatched_or_missing,,0,4
,OPM_total4,,,1,2,,False,,,0,gaussian,2007,total_seed_rank_unmatched_or_missing,,17,4
,OPM_total4,,,1,2,,False,,,0,gaussian,2013,total_seed_rank_unmatched_or_missing,,0,4
,OPM_total4,,,1,2,,False,,,0,gaussian,2013,total_seed_rank_unmatched_or_missing,,17,4
,O_total4,,,1,2,,False,,,0,gaussian,2001,total_seed_rank_unmatched_or_missing,,0,4
,O_total4,,,1,2,,False,,,0,gaussian,2001,total_seed_rank_unmatched_or_missing,,17,4
,O_total4,,,1,2,,False,,,0,gaussian,2005,total_seed_rank_unmatched_or_missing,,0,4
,O_total4,,,1,2,,False,,,0,gaussian,2005,total_seed_rank_unmatched_or_missing,,17,4
,O_total4,,,1,2,,False,,,0,gaussian,2003,total_seed_rank_unmatched_or_missing,,0,4
,O_total4,,,1,2,,False,,,0,gaussian,2003,total_seed_rank_unmatched_or_missing,,17,4
,O_total4,,,1,2,,False,,,0,gaussian,2007,total_seed_rank_unmatched_or_missing,,0,4
,O_total4,,,1,2,,False,,,0,gaussian,2007,total_seed_rank_unmatched_or_missing,,17,4
,O_total4,,,1,2,,False,,,0,gaussian,2013,total_seed_rank_unmatched_or_missing,,0,4
,O_total4,,,1,2,,False,,,0,gaussian,2013,total_seed_rank_unmatched_or_missing,,17,4
,P_total4,,,1,2,,False,,,0,gaussian,2001,total_seed_rank_unmatched_or_missing,,0,4
,P_total4,,,1,2,,False,,,0,gaussian,2001,total_seed_rank_unmatched_or_missing,,17,4
,P_total4,,,1,2,,False,,,0,gaussian,2005,total_seed_rank_unmatched_or_missing,,0,4
,P_total4,,,1,2,,False,,,0,gaussian,2005,total_seed_rank_unmatched_or_missing,,17,4
,P_total4,,,1,2,,False,,,0,gaussian,2003,total_seed_rank_unmatched_or_missing,,0,4
,P_total4,,,1,2,,False,,,0,gaussian,2003,total_seed_rank_unmatched_or_missing,,17,4
,P_total4,,,1,2,,False,,,0,gaussian,2007,total_seed_rank_unmatched_or_missing,,0,4
,P_total4,,,1,2,,False,,,0,gaussian,2007,total_seed_rank_unmatched_or_missing,,17,4
,P_total4,,,1,2,,False,,,0,gaussian,2013,total_seed_rank_unmatched_or_missing,,0,4
,P_total4,,,1,2,,False,,,0,gaussian,2013,total_seed_rank_unmatched_or_missing,,17,4
44,OPM_forward_total12,0.016070771954745267,1,1,2,-0.0010241248473054076,True,1,0.015046647107439859,1,gaussian,2001,exact_seed_and_actual_rank_match,,0,12
44,OPM_forward_total12,2.8914945781181496,1,1,2,-0.08882361294196128,True,1,2.8026709651761883,1,gaussian,2001,exact_seed_and_actual_rank_match,,17,12
44,OPM_forward_total12,0.024033445098264796,1,1,2,0.0018943804760766618,True,1,0.025927825574341458,1,gaussian,2005,exact_seed_and_actual_rank_match,,0,12
44,OPM_forward_total12,4.940316037085962,1,1,2,-0.2359266685697463,True,1,4.704389368516216,1,gaussian,2005,exact_seed_and_actual_rank_match,,17,12
44,OPM_forward_total12,0.01366904927163434,1,1,2,0.0009814028629164199,True,1,0.01465045213455076,1,gaussian,2003,exact_seed_and_actual_rank_match,,0,12
44,OPM_forward_total12,1.7162238504179206,1,1,2,-0.1783047182243238,True,1,1.5379191321935968,1,gaussian,2003,exact_seed_and_actual_rank_match,,17,12
44,OPM_forward_total12,0.024240886272285437,1,1,2,0.0016475423692118227,True,1,0.02588842864149726,1,gaussian,2007,exact_seed_and_actual_rank_match,,0,12
44,OPM_forward_total12,3.3025839451501153,1,1,2,0.1045964588549193,True,1,3.4071804040050346,1,gaussian,2007,exact_seed_and_actual_rank_match,,17,12
44,OPM_forward_total12,0.025039207882990314,1,1,2,-0.0002419881365483753,True,1,0.02479721974644194,1,gaussian,2013,exact_seed_and_actual_rank_match,,0,12
44,OPM_forward_total12,1.7141814578865775,1,1,2,-0.057267952408807554,True,1,1.65691350547777,1,gaussian,2013,exact_seed_and_actual_rank_match,,17,12
44,ordinary_right_block_Krylov12,0.03020724567963727,1,1,2,-0.015160598572197412,True,1,0.015046647107439859,1,gaussian,2001,exact_seed_and_actual_rank_match,,0,12
44,ordinary_right_block_Krylov12,9.490858713090432,1,1,2,-6.6881877479142435,True,1,2.8026709651761883,1,gaussian,2001,exact_seed_and_actual_rank_match,,17,12
44,ordinary_right_block_Krylov12,0.0726365265703759,1,1,2,-0.04670870099603445,True,1,0.025927825574341458,1,gaussian,2005,exact_seed_and_actual_rank_match,,0,12
44,ordinary_right_block_Krylov12,16.464479606492514,1,1,2,-11.760090237976298,True,1,4.704389368516216,1,gaussian,2005,exact_seed_and_actual_rank_match,,17,12
44,ordinary_right_block_Krylov12,0.03706320024598691,1,1,2,-0.022412748111436148,True,1,0.01465045213455076,1,gaussian,2003,exact_seed_and_actual_rank_match,,0,12
44,ordinary_right_block_Krylov12,4.185559490724621,1,1,2,-2.6476403585310244,True,1,1.5379191321935968,1,gaussian,2003,exact_seed_and_actual_rank_match,,17,12
44,ordinary_right_block_Krylov12,0.0647813084375056,1,1,2,-0.038892879796008334,True,1,0.02588842864149726,1,gaussian,2007,exact_seed_and_actual_rank_match,,0,12
44,ordinary_right_block_Krylov12,12.427523957470482,1,1,2,-9.020343553465448,True,1,3.4071804040050346,1,gaussian,2007,exact_seed_and_actual_rank_match,,17,12
44,ordinary_right_block_Krylov12,0.03792632684275424,1,1,2,-0.0131291070963123,True,1,0.02479721974644194,1,gaussian,2013,exact_seed_and_actual_rank_match,,0,12
44,ordinary_right_block_Krylov12,7.3469826291561295,1,1,2,-5.690069123678359,True,1,1.65691350547777,1,gaussian,2013,exact_seed_and_actual_rank_match,,17,12
,random_current_rank_control_20261005,,,1,2,,False,,,0,gaussian,2001,total_seed_rank_unmatched_or_missing,,0,44
,random_current_rank_control_20261005,,,1,2,,False,,,0,gaussian,2001,total_seed_rank_unmatched_or_missing,,17,44
,random_current_rank_control_20261005,,,1,2,,False,,,0,gaussian,2005,total_seed_rank_unmatched_or_missing,,0,44
,random_current_rank_control_20261005,,,1,2,,False,,,0,gaussian,2005,total_seed_rank_unmatched_or_missing,,17,44
,random_current_rank_control_20261005,,,1,2,,False,,,0,gaussian,2003,total_seed_rank_unmatched_or_missing,,0,44
,random_current_rank_control_20261005,,,1,2,,False,,,0,gaussian,2003,total_seed_rank_unmatched_or_missing,,17,44
,random_current_rank_control_20261005,,,1,2,,False,,,0,gaussian,2007,total_seed_rank_unmatched_or_missing,,0,44
,random_current_rank_control_20261005,,,1,2,,False,,,0,gaussian,2007,total_seed_rank_unmatched_or_missing,,17,44
,random_current_rank_control_20261005,,,1,2,,False,,,0,gaussian,2013,total_seed_rank_unmatched_or_missing,,0,44
,random_current_rank_control_20261005,,,1,2,,False,,,0,gaussian,2013,total_seed_rank_unmatched_or_missing,,17,44
,random_current_rank_control_20261006,,,1,2,,False,,,0,gaussian,2001,total_seed_rank_unmatched_or_missing,,0,44
,random_current_rank_control_20261006,,,1,2,,False,,,0,gaussian,2001,total_seed_rank_unmatched_or_missing,,17,44
,random_current_rank_control_20261006,,,1,2,,False,,,0,gaussian,2005,total_seed_rank_unmatched_or_missing,,0,44
,random_current_rank_control_20261006,,,1,2,,False,,,0,gaussian,2005,total_seed_rank_unmatched_or_missing,,17,44
,random_current_rank_control_20261006,,,1,2,,False,,,0,gaussian,2003,total_seed_rank_unmatched_or_missing,,0,44
,random_current_rank_control_20261006,,,1,2,,False,,,0,gaussian,2003,total_seed_rank_unmatched_or_missing,,17,44
,random_current_rank_control_20261006,,,1,2,,False,,,0,gaussian,2007,total_seed_rank_unmatched_or_missing,,0,44
,random_current_rank_control_20261006,,,1,2,,False,,,0,gaussian,2007,total_seed_rank_unmatched_or_missing,,17,44
,random_current_rank_control_20261006,,,1,2,,False,,,0,gaussian,2013,total_seed_rank_unmatched_or_missing,,0,44
,random_current_rank_control_20261006,,,1,2,,False,,,0,gaussian,2013,total_seed_rank_unmatched_or_missing,,17,44
,random_current_rank_control_20261007,,,1,2,,False,,,0,gaussian,2001,total_seed_rank_unmatched_or_missing,,0,44
,random_current_rank_control_20261007,,,1,2,,False,,,0,gaussian,2001,total_seed_rank_unmatched_or_missing,,17,44
,random_current_rank_control_20261007,,,1,2,,False,,,0,gaussian,2005,total_seed_rank_unmatched_or_missing,,0,44
,random_current_rank_control_20261007,,,1,2,,False,,,0,gaussian,2005,total_seed_rank_unmatched_or_missing,,17,44
,random_current_rank_control_20261007,,,1,2,,False,,,0,gaussian,2003,total_seed_rank_unmatched_or_missing,,0,44
,random_current_rank_control_20261007,,,1,2,,False,,,0,gaussian,2003,total_seed_rank_unmatched_or_missing,,17,44
,random_current_rank_control_20261007,,,1,2,,False,,,0,gaussian,2007,total_seed_rank_unmatched_or_missing,,0,44
,random_current_rank_control_20261007,,,1,2,,False,,,0,gaussian,2007,total_seed_rank_unmatched_or_missing,,17,44
,random_current_rank_control_20261007,,,1,2,,False,,,0,gaussian,2013,total_seed_rank_unmatched_or_missing,,0,44
,random_current_rank_control_20261007,,,1,2,,False,,,0,gaussian,2013,total_seed_rank_unmatched_or_missing,,17,44
,receiver_SOM_rank_control,,,1,2,,False,,,0,gaussian,2001,total_seed_rank_unmatched_or_missing,,0,44
,receiver_SOM_rank_control,,,1,2,,False,,,0,gaussian,2001,total_seed_rank_unmatched_or_missing,,17,44
,receiver_SOM_rank_control,,,1,2,,False,,,0,gaussian,2005,total_seed_rank_unmatched_or_missing,,0,44
,receiver_SOM_rank_control,,,1,2,,False,,,0,gaussian,2005,total_seed_rank_unmatched_or_missing,,17,44
,receiver_SOM_rank_control,,,1,2,,False,,,0,gaussian,2003,total_seed_rank_unmatched_or_missing,,0,44
,receiver_SOM_rank_control,,,1,2,,False,,,0,gaussian,2003,total_seed_rank_unmatched_or_missing,,17,44
,receiver_SOM_rank_control,,,1,2,,False,,,0,gaussian,2007,total_seed_rank_unmatched_or_missing,,0,44
,receiver_SOM_rank_control,,,1,2,,False,,,0,gaussian,2007,total_seed_rank_unmatched_or_missing,,17,44
,receiver_SOM_rank_control,,,1,2,,False,,,0,gaussian,2013,total_seed_rank_unmatched_or_missing,,0,44
,receiver_SOM_rank_control,,,1,2,,False,,,0,gaussian,2013,total_seed_rank_unmatched_or_missing,,17,44
,M_total4,,,1,3,,False,,,0,gaussian,2001,total_seed_rank_unmatched_or_missing,,0,4
,M_total4,,,1,3,,False,,,0,gaussian,2001,total_seed_rank_unmatched_or_missing,,17,4
,M_total4,,,1,3,,False,,,0,gaussian,2005,total_seed_rank_unmatched_or_missing,,0,4
,M_total4,,,1,3,,False,,,0,gaussian,2005,total_seed_rank_unmatched_or_missing,,17,4
,M_total4,,,1,3,,False,,,0,gaussian,2003,total_seed_rank_unmatched_or_missing,,0,4
,M_total4,,,1,3,,False,,,0,gaussian,2003,total_seed_rank_unmatched_or_missing,,17,4
,M_total4,,,1,3,,False,,,0,gaussian,2007,total_seed_rank_unmatched_or_missing,,0,4
,M_total4,,,1,3,,False,,,0,gaussian,2007,total_seed_rank_unmatched_or_missing,,17,4
,M_total4,,,1,3,,False,,,0,gaussian,2013,total_seed_rank_unmatched_or_missing,,0,4
,M_total4,,,1,3,,False,,,0,gaussian,2013,total_seed_rank_unmatched_or_missing,,17,4
,OM_total4,,,1,3,,False,,,0,gaussian,2001,total_seed_rank_unmatched_or_missing,,0,4
,OM_total4,,,1,3,,False,,,0,gaussian,2001,total_seed_rank_unmatched_or_missing,,17,4
,OM_total4,,,1,3,,False,,,0,gaussian,2005,total_seed_rank_unmatched_or_missing,,0,4
,OM_total4,,,1,3,,False,,,0,gaussian,2005,total_seed_rank_unmatched_or_missing,,17,4
,OM_total4,,,1,3,,False,,,0,gaussian,2003,total_seed_rank_unmatched_or_missing,,0,4
,OM_total4,,,1,3,,False,,,0,gaussian,2003,total_seed_rank_unmatched_or_missing,,17,4
,OM_total4,,,1,3,,False,,,0,gaussian,2007,total_seed_rank_unmatched_or_missing,,0,4
,OM_total4,,,1,3,,False,,,0,gaussian,2007,total_seed_rank_unmatched_or_missing,,17,4
,OM_total4,,,1,3,,False,,,0,gaussian,2013,total_seed_rank_unmatched_or_missing,,0,4
,OM_total4,,,1,3,,False,,,0,gaussian,2013,total_seed_rank_unmatched_or_missing,,17,4
,OPM_total4,,,1,3,,False,,,0,gaussian,2001,total_seed_rank_unmatched_or_missing,,0,4
,OPM_total4,,,1,3,,False,,,0,gaussian,2001,total_seed_rank_unmatched_or_missing,,17,4
,OPM_total4,,,1,3,,False,,,0,gaussian,2005,total_seed_rank_unmatched_or_missing,,0,4
,OPM_total4,,,1,3,,False,,,0,gaussian,2005,total_seed_rank_unmatched_or_missing,,17,4
,OPM_total4,,,1,3,,False,,,0,gaussian,2003,total_seed_rank_unmatched_or_missing,,0,4
,OPM_total4,,,1,3,,False,,,0,gaussian,2003,total_seed_rank_unmatched_or_missing,,17,4
,OPM_total4,,,1,3,,False,,,0,gaussian,2007,total_seed_rank_unmatched_or_missing,,0,4
,OPM_total4,,,1,3,,False,,,0,gaussian,2007,total_seed_rank_unmatched_or_missing,,17,4
,OPM_total4,,,1,3,,False,,,0,gaussian,2013,total_seed_rank_unmatched_or_missing,,0,4
,OPM_total4,,,1,3,,False,,,0,gaussian,2013,total_seed_rank_unmatched_or_missing,,17,4
,O_total4,,,1,3,,False,,,0,gaussian,2001,total_seed_rank_unmatched_or_missing,,0,4
,O_total4,,,1,3,,False,,,0,gaussian,2001,total_seed_rank_unmatched_or_missing,,17,4
,O_total4,,,1,3,,False,,,0,gaussian,2005,total_seed_rank_unmatched_or_missing,,0,4
,O_total4,,,1,3,,False,,,0,gaussian,2005,total_seed_rank_unmatched_or_missing,,17,4
,O_total4,,,1,3,,False,,,0,gaussian,2003,total_seed_rank_unmatched_or_missing,,0,4
,O_total4,,,1,3,,False,,,0,gaussian,2003,total_seed_rank_unmatched_or_missing,,17,4
,O_total4,,,1,3,,False,,,0,gaussian,2007,total_seed_rank_unmatched_or_missing,,0,4
,O_total4,,,1,3,,False,,,0,gaussian,2007,total_seed_rank_unmatched_or_missing,,17,4
,O_total4,,,1,3,,False,,,0,gaussian,2013,total_seed_rank_unmatched_or_missing,,0,4
,O_total4,,,1,3,,False,,,0,gaussian,2013,total_seed_rank_unmatched_or_missing,,17,4
,P_total4,,,1,3,,False,,,0,gaussian,2001,total_seed_rank_unmatched_or_missing,,0,4
,P_total4,,,1,3,,False,,,0,gaussian,2001,total_seed_rank_unmatched_or_missing,,17,4
,P_total4,,,1,3,,False,,,0,gaussian,2005,total_seed_rank_unmatched_or_missing,,0,4
,P_total4,,,1,3,,False,,,0,gaussian,2005,total_seed_rank_unmatched_or_missing,,17,4
,P_total4,,,1,3,,False,,,0,gaussian,2003,total_seed_rank_unmatched_or_missing,,0,4
,P_total4,,,1,3,,False,,,0,gaussian,2003,total_seed_rank_unmatched_or_missing,,17,4
,P_total4,,,1,3,,False,,,0,gaussian,2007,total_seed_rank_unmatched_or_missing,,0,4
,P_total4,,,1,3,,False,,,0,gaussian,2007,total_seed_rank_unmatched_or_missing,,17,4
,P_total4,,,1,3,,False,,,0,gaussian,2013,total_seed_rank_unmatched_or_missing,,0,4
,P_total4,,,1,3,,False,,,0,gaussian,2013,total_seed_rank_unmatched_or_missing,,17,4
56,OPM_forward_total12,0.013763812382541183,1,1,3,-0.0005167421475689039,True,1,0.01324707023497228,1,gaussian,2001,exact_seed_and_actual_rank_match,,0,12
56,OPM_forward_total12,2.8096528176007713,1,1,3,-0.11459257795620026,True,1,2.695060239644571,1,gaussian,2001,exact_seed_and_actual_rank_match,,17,12
56,OPM_forward_total12,0.02100088434953591,1,1,3,0.0014991827978686444,True,1,0.022500067147404556,1,gaussian,2005,exact_seed_and_actual_rank_match,,0,12
56,OPM_forward_total12,4.661611082702394,1,1,3,-0.16473042772800373,True,1,4.49688065497439,1,gaussian,2005,exact_seed_and_actual_rank_match,,17,12
56,OPM_forward_total12,0.010417719091509686,1,1,3,0.0006864780007102052,True,1,0.011104197092219891,1,gaussian,2003,exact_seed_and_actual_rank_match,,0,12
56,OPM_forward_total12,1.5669849077775122,1,1,3,-0.10541939448919835,True,1,1.4615655132883139,1,gaussian,2003,exact_seed_and_actual_rank_match,,17,12
56,OPM_forward_total12,0.02298413006218592,1,1,3,0.00020852396800163583,True,1,0.023192654030187557,1,gaussian,2007,exact_seed_and_actual_rank_match,,0,12
56,OPM_forward_total12,3.1355018745398406,1,1,3,0.2290157144208611,True,1,3.3645175889607017,1,gaussian,2007,exact_seed_and_actual_rank_match,,17,12
56,OPM_forward_total12,0.02202965941464463,1,1,3,0.0004093821915339413,True,1,0.022439041606178572,1,gaussian,2013,exact_seed_and_actual_rank_match,,0,12
56,OPM_forward_total12,1.5902165913564756,1,1,3,-0.025279163295229834,True,1,1.5649374280612458,1,gaussian,2013,exact_seed_and_actual_rank_match,,17,12
56,ordinary_right_block_Krylov12,0.03318590670315305,1,1,3,-0.019938836468180773,True,1,0.01324707023497228,1,gaussian,2001,exact_seed_and_actual_rank_match,,0,12
56,ordinary_right_block_Krylov12,9.738218785066403,1,1,3,-7.043158545421832,True,1,2.695060239644571,1,gaussian,2001,exact_seed_and_actual_rank_match,,17,12
56,ordinary_right_block_Krylov12,0.06964022901197695,1,1,3,-0.047140161864572386,True,1,0.022500067147404556,1,gaussian,2005,exact_seed_and_actual_rank_match,,0,12
56,ordinary_right_block_Krylov12,16.340731414174925,1,1,3,-11.843850759200535,True,1,4.49688065497439,1,gaussian,2005,exact_seed_and_actual_rank_match,,17,12
56,ordinary_right_block_Krylov12,0.03935785228842075,1,1,3,-0.02825365519620086,True,1,0.011104197092219891,1,gaussian,2003,exact_seed_and_actual_rank_match,,0,12
56,ordinary_right_block_Krylov12,4.173466866409089,1,1,3,-2.711901353120775,True,1,1.4615655132883139,1,gaussian,2003,exact_seed_and_actual_rank_match,,17,12
56,ordinary_right_block_Krylov12,0.06288139289074375,1,1,3,-0.0396887388605562,True,1,0.023192654030187557,1,gaussian,2007,exact_seed_and_actual_rank_match,,0,12
56,ordinary_right_block_Krylov12,12.3468102534592,1,1,3,-8.982292664498498,True,1,3.3645175889607017,1,gaussian,2007,exact_seed_and_actual_rank_match,,17,12
56,ordinary_right_block_Krylov12,0.048507557545073486,1,1,3,-0.026068515938894914,True,1,0.022439041606178572,1,gaussian,2013,exact_seed_and_actual_rank_match,,0,12
56,ordinary_right_block_Krylov12,7.24255401596264,1,1,3,-5.677616587901395,True,1,1.5649374280612458,1,gaussian,2013,exact_seed_and_actual_rank_match,,17,12
,random_current_rank_control_20261005,,,1,3,,False,,,0,gaussian,2001,total_seed_rank_unmatched_or_missing,,0,56
,random_current_rank_control_20261005,,,1,3,,False,,,0,gaussian,2001,total_seed_rank_unmatched_or_missing,,17,56
,random_current_rank_control_20261005,,,1,3,,False,,,0,gaussian,2005,total_seed_rank_unmatched_or_missing,,0,56
,random_current_rank_control_20261005,,,1,3,,False,,,0,gaussian,2005,total_seed_rank_unmatched_or_missing,,17,56
,random_current_rank_control_20261005,,,1,3,,False,,,0,gaussian,2003,total_seed_rank_unmatched_or_missing,,0,56
,random_current_rank_control_20261005,,,1,3,,False,,,0,gaussian,2003,total_seed_rank_unmatched_or_missing,,17,56
,random_current_rank_control_20261005,,,1,3,,False,,,0,gaussian,2007,total_seed_rank_unmatched_or_missing,,0,56
,random_current_rank_control_20261005,,,1,3,,False,,,0,gaussian,2007,total_seed_rank_unmatched_or_missing,,17,56
,random_current_rank_control_20261005,,,1,3,,False,,,0,gaussian,2013,total_seed_rank_unmatched_or_missing,,0,56
,random_current_rank_control_20261005,,,1,3,,False,,,0,gaussian,2013,total_seed_rank_unmatched_or_missing,,17,56
,random_current_rank_control_20261006,,,1,3,,False,,,0,gaussian,2001,total_seed_rank_unmatched_or_missing,,0,56
,random_current_rank_control_20261006,,,1,3,,False,,,0,gaussian,2001,total_seed_rank_unmatched_or_missing,,17,56
,random_current_rank_control_20261006,,,1,3,,False,,,0,gaussian,2005,total_seed_rank_unmatched_or_missing,,0,56
,random_current_rank_control_20261006,,,1,3,,False,,,0,gaussian,2005,total_seed_rank_unmatched_or_missing,,17,56
,random_current_rank_control_20261006,,,1,3,,False,,,0,gaussian,2003,total_seed_rank_unmatched_or_missing,,0,56
,random_current_rank_control_20261006,,,1,3,,False,,,0,gaussian,2003,total_seed_rank_unmatched_or_missing,,17,56
,random_current_rank_control_20261006,,,1,3,,False,,,0,gaussian,2007,total_seed_rank_unmatched_or_missing,,0,56
,random_current_rank_control_20261006,,,1,3,,False,,,0,gaussian,2007,total_seed_rank_unmatched_or_missing,,17,56
,random_current_rank_control_20261006,,,1,3,,False,,,0,gaussian,2013,total_seed_rank_unmatched_or_missing,,0,56
,random_current_rank_control_20261006,,,1,3,,False,,,0,gaussian,2013,total_seed_rank_unmatched_or_missing,,17,56
,random_current_rank_control_20261007,,,1,3,,False,,,0,gaussian,2001,total_seed_rank_unmatched_or_missing,,0,56
,random_current_rank_control_20261007,,,1,3,,False,,,0,gaussian,2001,total_seed_rank_unmatched_or_missing,,17,56
,random_current_rank_control_20261007,,,1,3,,False,,,0,gaussian,2005,total_seed_rank_unmatched_or_missing,,0,56
,random_current_rank_control_20261007,,,1,3,,False,,,0,gaussian,2005,total_seed_rank_unmatched_or_missing,,17,56
,random_current_rank_control_20261007,,,1,3,,False,,,0,gaussian,2003,total_seed_rank_unmatched_or_missing,,0,56
,random_current_rank_control_20261007,,,1,3,,False,,,0,gaussian,2003,total_seed_rank_unmatched_or_missing,,17,56
,random_current_rank_control_20261007,,,1,3,,False,,,0,gaussian,2007,total_seed_rank_unmatched_or_missing,,0,56
,random_current_rank_control_20261007,,,1,3,,False,,,0,gaussian,2007,total_seed_rank_unmatched_or_missing,,17,56
,random_current_rank_control_20261007,,,1,3,,False,,,0,gaussian,2013,total_seed_rank_unmatched_or_missing,,0,56
,random_current_rank_control_20261007,,,1,3,,False,,,0,gaussian,2013,total_seed_rank_unmatched_or_missing,,17,56
,receiver_SOM_rank_control,,,1,3,,False,,,0,gaussian,2001,total_seed_rank_unmatched_or_missing,,0,56
,receiver_SOM_rank_control,,,1,3,,False,,,0,gaussian,2001,total_seed_rank_unmatched_or_missing,,17,56
,receiver_SOM_rank_control,,,1,3,,False,,,0,gaussian,2005,total_seed_rank_unmatched_or_missing,,0,56
,receiver_SOM_rank_control,,,1,3,,False,,,0,gaussian,2005,total_seed_rank_unmatched_or_missing,,17,56
,receiver_SOM_rank_control,,,1,3,,False,,,0,gaussian,2003,total_seed_rank_unmatched_or_missing,,0,56
,receiver_SOM_rank_control,,,1,3,,False,,,0,gaussian,2003,total_seed_rank_unmatched_or_missing,,17,56
,receiver_SOM_rank_control,,,1,3,,False,,,0,gaussian,2007,total_seed_rank_unmatched_or_missing,,0,56
,receiver_SOM_rank_control,,,1,3,,False,,,0,gaussian,2007,total_seed_rank_unmatched_or_missing,,17,56
,receiver_SOM_rank_control,,,1,3,,False,,,0,gaussian,2013,total_seed_rank_unmatched_or_missing,,0,56
,receiver_SOM_rank_control,,,1,3,,False,,,0,gaussian,2013,total_seed_rank_unmatched_or_missing,,17,56
,M_total4,,,1,4,,False,,,0,gaussian,2001,total_seed_rank_unmatched_or_missing,,0,4
,M_total4,,,1,4,,False,,,0,gaussian,2001,total_seed_rank_unmatched_or_missing,,17,4
,M_total4,,,1,4,,False,,,0,gaussian,2005,total_seed_rank_unmatched_or_missing,,0,4
,M_total4,,,1,4,,False,,,0,gaussian,2005,total_seed_rank_unmatched_or_missing,,17,4
,M_total4,,,1,4,,False,,,0,gaussian,2003,total_seed_rank_unmatched_or_missing,,0,4
,M_total4,,,1,4,,False,,,0,gaussian,2003,total_seed_rank_unmatched_or_missing,,17,4
,M_total4,,,1,4,,False,,,0,gaussian,2007,total_seed_rank_unmatched_or_missing,,0,4
,M_total4,,,1,4,,False,,,0,gaussian,2007,total_seed_rank_unmatched_or_missing,,17,4
,M_total4,,,1,4,,False,,,0,gaussian,2013,total_seed_rank_unmatched_or_missing,,0,4
,M_total4,,,1,4,,False,,,0,gaussian,2013,total_seed_rank_unmatched_or_missing,,17,4
,OM_total4,,,1,4,,False,,,0,gaussian,2001,total_seed_rank_unmatched_or_missing,,0,4
,OM_total4,,,1,4,,False,,,0,gaussian,2001,total_seed_rank_unmatched_or_missing,,17,4
,OM_total4,,,1,4,,False,,,0,gaussian,2005,total_seed_rank_unmatched_or_missing,,0,4
,OM_total4,,,1,4,,False,,,0,gaussian,2005,total_seed_rank_unmatched_or_missing,,17,4
,OM_total4,,,1,4,,False,,,0,gaussian,2003,total_seed_rank_unmatched_or_missing,,0,4
,OM_total4,,,1,4,,False,,,0,gaussian,2003,total_seed_rank_unmatched_or_missing,,17,4
,OM_total4,,,1,4,,False,,,0,gaussian,2007,total_seed_rank_unmatched_or_missing,,0,4
,OM_total4,,,1,4,,False,,,0,gaussian,2007,total_seed_rank_unmatched_or_missing,,17,4
,OM_total4,,,1,4,,False,,,0,gaussian,2013,total_seed_rank_unmatched_or_missing,,0,4
,OM_total4,,,1,4,,False,,,0,gaussian,2013,total_seed_rank_unmatched_or_missing,,17,4
,OPM_total4,,,1,4,,False,,,0,gaussian,2001,total_seed_rank_unmatched_or_missing,,0,4
,OPM_total4,,,1,4,,False,,,0,gaussian,2001,total_seed_rank_unmatched_or_missing,,17,4
,OPM_total4,,,1,4,,False,,,0,gaussian,2005,total_seed_rank_unmatched_or_missing,,0,4
,OPM_total4,,,1,4,,False,,,0,gaussian,2005,total_seed_rank_unmatched_or_missing,,17,4
,OPM_total4,,,1,4,,False,,,0,gaussian,2003,total_seed_rank_unmatched_or_missing,,0,4
,OPM_total4,,,1,4,,False,,,0,gaussian,2003,total_seed_rank_unmatched_or_missing,,17,4
,OPM_total4,,,1,4,,False,,,0,gaussian,2007,total_seed_rank_unmatched_or_missing,,0,4
,OPM_total4,,,1,4,,False,,,0,gaussian,2007,total_seed_rank_unmatched_or_missing,,17,4
,OPM_total4,,,1,4,,False,,,0,gaussian,2013,total_seed_rank_unmatched_or_missing,,0,4
,OPM_total4,,,1,4,,False,,,0,gaussian,2013,total_seed_rank_unmatched_or_missing,,17,4
,O_total4,,,1,4,,False,,,0,gaussian,2001,total_seed_rank_unmatched_or_missing,,0,4
,O_total4,,,1,4,,False,,,0,gaussian,2001,total_seed_rank_unmatched_or_missing,,17,4
,O_total4,,,1,4,,False,,,0,gaussian,2005,total_seed_rank_unmatched_or_missing,,0,4
,O_total4,,,1,4,,False,,,0,gaussian,2005,total_seed_rank_unmatched_or_missing,,17,4
,O_total4,,,1,4,,False,,,0,gaussian,2003,total_seed_rank_unmatched_or_missing,,0,4
,O_total4,,,1,4,,False,,,0,gaussian,2003,total_seed_rank_unmatched_or_missing,,17,4
,O_total4,,,1,4,,False,,,0,gaussian,2007,total_seed_rank_unmatched_or_missing,,0,4
,O_total4,,,1,4,,False,,,0,gaussian,2007,total_seed_rank_unmatched_or_missing,,17,4
,O_total4,,,1,4,,False,,,0,gaussian,2013,total_seed_rank_unmatched_or_missing,,0,4
,O_total4,,,1,4,,False,,,0,gaussian,2013,total_seed_rank_unmatched_or_missing,,17,4
,P_total4,,,1,4,,False,,,0,gaussian,2001,total_seed_rank_unmatched_or_missing,,0,4
,P_total4,,,1,4,,False,,,0,gaussian,2001,total_seed_rank_unmatched_or_missing,,17,4
,P_total4,,,1,4,,False,,,0,gaussian,2005,total_seed_rank_unmatched_or_missing,,0,4
,P_total4,,,1,4,,False,,,0,gaussian,2005,total_seed_rank_unmatched_or_missing,,17,4
,P_total4,,,1,4,,False,,,0,gaussian,2003,total_seed_rank_unmatched_or_missing,,0,4
,P_total4,,,1,4,,False,,,0,gaussian,2003,total_seed_rank_unmatched_or_missing,,17,4
,P_total4,,,1,4,,False,,,0,gaussian,2007,total_seed_rank_unmatched_or_missing,,0,4
,P_total4,,,1,4,,False,,,0,gaussian,2007,total_seed_rank_unmatched_or_missing,,17,4
,P_total4,,,1,4,,False,,,0,gaussian,2013,total_seed_rank_unmatched_or_missing,,0,4
,P_total4,,,1,4,,False,,,0,gaussian,2013,total_seed_rank_unmatched_or_missing,,17,4
68,OPM_forward_total12,0.012236368826847225,1,1,4,0.00029186222884283394,True,1,0.01252823105569006,1,gaussian,2001,exact_seed_and_actual_rank_match,,0,12
68,OPM_forward_total12,2.6352798316601977,1,1,4,-0.06486272936619475,True,1,2.570417102294003,1,gaussian,2001,exact_seed_and_actual_rank_match,,17,12
68,OPM_forward_total12,0.017739074985918934,1,1,4,0.001479821188340301,True,1,0.019218896174259235,1,gaussian,2005,exact_seed_and_actual_rank_match,,0,12
68,OPM_forward_total12,4.5942037115422485,1,1,4,-0.08766354308858659,True,1,4.506540168453662,1,gaussian,2005,exact_seed_and_actual_rank_match,,17,12
68,OPM_forward_total12,0.008040983719464155,1,1,4,0.0006048933367033046,True,1,0.00864587705616746,1,gaussian,2003,exact_seed_and_actual_rank_match,,0,12
68,OPM_forward_total12,1.5023169893942039,1,1,4,-0.03831448085372058,True,1,1.4640025085404833,1,gaussian,2003,exact_seed_and_actual_rank_match,,17,12
68,OPM_forward_total12,0.020199596222073797,1,1,4,0.0008689943982730965,True,1,0.021068590620346894,1,gaussian,2007,exact_seed_and_actual_rank_match,,0,12
68,OPM_forward_total12,2.9745789579907784,1,1,4,0.15950325576293745,True,1,3.134082213753716,1,gaussian,2007,exact_seed_and_actual_rank_match,,17,12
68,OPM_forward_total12,0.018355832288586012,1,1,4,0.0010374982799057006,True,1,0.019393330568491712,1,gaussian,2013,exact_seed_and_actual_rank_match,,0,12
68,OPM_forward_total12,1.4993285010540485,1,1,4,0.012546513123739222,True,1,1.5118750141777877,1,gaussian,2013,exact_seed_and_actual_rank_match,,17,12
68,ordinary_right_block_Krylov12,0.0464380522393748,1,1,4,-0.03390982118368474,True,1,0.01252823105569006,1,gaussian,2001,exact_seed_and_actual_rank_match,,0,12
68,ordinary_right_block_Krylov12,9.838027858605365,1,1,4,-7.267610756311361,True,1,2.570417102294003,1,gaussian,2001,exact_seed_and_actual_rank_match,,17,12
68,ordinary_right_block_Krylov12,0.05933235902871896,1,1,4,-0.04011346285445973,True,1,0.019218896174259235,1,gaussian,2005,exact_seed_and_actual_rank_match,,0,12
68,ordinary_right_block_Krylov12,16.355398940606054,1,1,4,-11.848858772152393,True,1,4.506540168453662,1,gaussian,2005,exact_seed_and_actual_rank_match,,17,12
68,ordinary_right_block_Krylov12,0.039605008554480584,1,1,4,-0.030959131498313124,True,1,0.00864587705616746,1,gaussian,2003,exact_seed_and_actual_rank_match,,0,12
68,ordinary_right_block_Krylov12,4.202388171585501,1,1,4,-2.738385663045018,True,1,1.4640025085404833,1,gaussian,2003,exact_seed_and_actual_rank_match,,17,12
68,ordinary_right_block_Krylov12,0.05065182211592263,1,1,4,-0.029583231495575738,True,1,0.021068590620346894,1,gaussian,2007,exact_seed_and_actual_rank_match,,0,12
68,ordinary_right_block_Krylov12,11.973875636780292,1,1,4,-8.839793423026576,True,1,3.134082213753716,1,gaussian,2007,exact_seed_and_actual_rank_match,,17,12
68,ordinary_right_block_Krylov12,0.0502127595940094,1,1,4,-0.030819429025517688,True,1,0.019393330568491712,1,gaussian,2013,exact_seed_and_actual_rank_match,,0,12
68,ordinary_right_block_Krylov12,7.105851933157674,1,1,4,-5.5939769189798865,True,1,1.5118750141777877,1,gaussian,2013,exact_seed_and_actual_rank_match,,17,12
,random_current_rank_control_20261005,,,1,4,,False,,,0,gaussian,2001,total_seed_rank_unmatched_or_missing,,0,68
,random_current_rank_control_20261005,,,1,4,,False,,,0,gaussian,2001,total_seed_rank_unmatched_or_missing,,17,68
,random_current_rank_control_20261005,,,1,4,,False,,,0,gaussian,2005,total_seed_rank_unmatched_or_missing,,0,68
,random_current_rank_control_20261005,,,1,4,,False,,,0,gaussian,2005,total_seed_rank_unmatched_or_missing,,17,68
,random_current_rank_control_20261005,,,1,4,,False,,,0,gaussian,2003,total_seed_rank_unmatched_or_missing,,0,68
,random_current_rank_control_20261005,,,1,4,,False,,,0,gaussian,2003,total_seed_rank_unmatched_or_missing,,17,68
,random_current_rank_control_20261005,,,1,4,,False,,,0,gaussian,2007,total_seed_rank_unmatched_or_missing,,0,68
,random_current_rank_control_20261005,,,1,4,,False,,,0,gaussian,2007,total_seed_rank_unmatched_or_missing,,17,68
,random_current_rank_control_20261005,,,1,4,,False,,,0,gaussian,2013,total_seed_rank_unmatched_or_missing,,0,68
,random_current_rank_control_20261005,,,1,4,,False,,,0,gaussian,2013,total_seed_rank_unmatched_or_missing,,17,68
,random_current_rank_control_20261006,,,1,4,,False,,,0,gaussian,2001,total_seed_rank_unmatched_or_missing,,0,68
,random_current_rank_control_20261006,,,1,4,,False,,,0,gaussian,2001,total_seed_rank_unmatched_or_missing,,17,68
,random_current_rank_control_20261006,,,1,4,,False,,,0,gaussian,2005,total_seed_rank_unmatched_or_missing,,0,68
,random_current_rank_control_20261006,,,1,4,,False,,,0,gaussian,2005,total_seed_rank_unmatched_or_missing,,17,68
,random_current_rank_control_20261006,,,1,4,,False,,,0,gaussian,2003,total_seed_rank_unmatched_or_missing,,0,68
,random_current_rank_control_20261006,,,1,4,,False,,,0,gaussian,2003,total_seed_rank_unmatched_or_missing,,17,68
,random_current_rank_control_20261006,,,1,4,,False,,,0,gaussian,2007,total_seed_rank_unmatched_or_missing,,0,68
,random_current_rank_control_20261006,,,1,4,,False,,,0,gaussian,2007,total_seed_rank_unmatched_or_missing,,17,68
,random_current_rank_control_20261006,,,1,4,,False,,,0,gaussian,2013,total_seed_rank_unmatched_or_missing,,0,68
,random_current_rank_control_20261006,,,1,4,,False,,,0,gaussian,2013,total_seed_rank_unmatched_or_missing,,17,68
,random_current_rank_control_20261007,,,1,4,,False,,,0,gaussian,2001,total_seed_rank_unmatched_or_missing,,0,68
,random_current_rank_control_20261007,,,1,4,,False,,,0,gaussian,2001,total_seed_rank_unmatched_or_missing,,17,68
,random_current_rank_control_20261007,,,1,4,,False,,,0,gaussian,2005,total_seed_rank_unmatched_or_missing,,0,68
,random_current_rank_control_20261007,,,1,4,,False,,,0,gaussian,2005,total_seed_rank_unmatched_or_missing,,17,68
,random_current_rank_control_20261007,,,1,4,,False,,,0,gaussian,2003,total_seed_rank_unmatched_or_missing,,0,68
,random_current_rank_control_20261007,,,1,4,,False,,,0,gaussian,2003,total_seed_rank_unmatched_or_missing,,17,68
,random_current_rank_control_20261007,,,1,4,,False,,,0,gaussian,2007,total_seed_rank_unmatched_or_missing,,0,68
,random_current_rank_control_20261007,,,1,4,,False,,,0,gaussian,2007,total_seed_rank_unmatched_or_missing,,17,68
,random_current_rank_control_20261007,,,1,4,,False,,,0,gaussian,2013,total_seed_rank_unmatched_or_missing,,0,68
,random_current_rank_control_20261007,,,1,4,,False,,,0,gaussian,2013,total_seed_rank_unmatched_or_missing,,17,68
,receiver_SOM_rank_control,,,1,4,,False,,,0,gaussian,2001,total_seed_rank_unmatched_or_missing,,0,68
,receiver_SOM_rank_control,,,1,4,,False,,,0,gaussian,2001,total_seed_rank_unmatched_or_missing,,17,68
,receiver_SOM_rank_control,,,1,4,,False,,,0,gaussian,2005,total_seed_rank_unmatched_or_missing,,0,68
,receiver_SOM_rank_control,,,1,4,,False,,,0,gaussian,2005,total_seed_rank_unmatched_or_missing,,17,68
,receiver_SOM_rank_control,,,1,4,,False,,,0,gaussian,2003,total_seed_rank_unmatched_or_missing,,0,68
,receiver_SOM_rank_control,,,1,4,,False,,,0,gaussian,2003,total_seed_rank_unmatched_or_missing,,17,68
,receiver_SOM_rank_control,,,1,4,,False,,,0,gaussian,2007,total_seed_rank_unmatched_or_missing,,0,68
,receiver_SOM_rank_control,,,1,4,,False,,,0,gaussian,2007,total_seed_rank_unmatched_or_missing,,17,68
,receiver_SOM_rank_control,,,1,4,,False,,,0,gaussian,2013,total_seed_rank_unmatched_or_missing,,0,68
,receiver_SOM_rank_control,,,1,4,,False,,,0,gaussian,2013,total_seed_rank_unmatched_or_missing,,17,68
,M_total4,,,1,5,,False,,,0,gaussian,2001,total_seed_rank_unmatched_or_missing,,0,4
,M_total4,,,1,5,,False,,,0,gaussian,2001,total_seed_rank_unmatched_or_missing,,17,4
,M_total4,,,1,5,,False,,,0,gaussian,2005,total_seed_rank_unmatched_or_missing,,0,4
,M_total4,,,1,5,,False,,,0,gaussian,2005,total_seed_rank_unmatched_or_missing,,17,4
,M_total4,,,1,5,,False,,,0,gaussian,2003,total_seed_rank_unmatched_or_missing,,0,4
,M_total4,,,1,5,,False,,,0,gaussian,2003,total_seed_rank_unmatched_or_missing,,17,4
,M_total4,,,1,5,,False,,,0,gaussian,2007,total_seed_rank_unmatched_or_missing,,0,4
,M_total4,,,1,5,,False,,,0,gaussian,2007,total_seed_rank_unmatched_or_missing,,17,4
,M_total4,,,1,5,,False,,,0,gaussian,2013,total_seed_rank_unmatched_or_missing,,0,4
,M_total4,,,1,5,,False,,,0,gaussian,2013,total_seed_rank_unmatched_or_missing,,17,4
,OM_total4,,,1,5,,False,,,0,gaussian,2001,total_seed_rank_unmatched_or_missing,,0,4
,OM_total4,,,1,5,,False,,,0,gaussian,2001,total_seed_rank_unmatched_or_missing,,17,4
,OM_total4,,,1,5,,False,,,0,gaussian,2005,total_seed_rank_unmatched_or_missing,,0,4
,OM_total4,,,1,5,,False,,,0,gaussian,2005,total_seed_rank_unmatched_or_missing,,17,4
,OM_total4,,,1,5,,False,,,0,gaussian,2003,total_seed_rank_unmatched_or_missing,,0,4
,OM_total4,,,1,5,,False,,,0,gaussian,2003,total_seed_rank_unmatched_or_missing,,17,4
,OM_total4,,,1,5,,False,,,0,gaussian,2007,total_seed_rank_unmatched_or_missing,,0,4
,OM_total4,,,1,5,,False,,,0,gaussian,2007,total_seed_rank_unmatched_or_missing,,17,4
,OM_total4,,,1,5,,False,,,0,gaussian,2013,total_seed_rank_unmatched_or_missing,,0,4
,OM_total4,,,1,5,,False,,,0,gaussian,2013,total_seed_rank_unmatched_or_missing,,17,4
,OPM_total4,,,1,5,,False,,,0,gaussian,2001,total_seed_rank_unmatched_or_missing,,0,4
,OPM_total4,,,1,5,,False,,,0,gaussian,2001,total_seed_rank_unmatched_or_missing,,17,4
,OPM_total4,,,1,5,,False,,,0,gaussian,2005,total_seed_rank_unmatched_or_missing,,0,4
,OPM_total4,,,1,5,,False,,,0,gaussian,2005,total_seed_rank_unmatched_or_missing,,17,4
,OPM_total4,,,1,5,,False,,,0,gaussian,2003,total_seed_rank_unmatched_or_missing,,0,4
,OPM_total4,,,1,5,,False,,,0,gaussian,2003,total_seed_rank_unmatched_or_missing,,17,4
,OPM_total4,,,1,5,,False,,,0,gaussian,2007,total_seed_rank_unmatched_or_missing,,0,4
,OPM_total4,,,1,5,,False,,,0,gaussian,2007,total_seed_rank_unmatched_or_missing,,17,4
,OPM_total4,,,1,5,,False,,,0,gaussian,2013,total_seed_rank_unmatched_or_missing,,0,4
,OPM_total4,,,1,5,,False,,,0,gaussian,2013,total_seed_rank_unmatched_or_missing,,17,4
,O_total4,,,1,5,,False,,,0,gaussian,2001,total_seed_rank_unmatched_or_missing,,0,4
,O_total4,,,1,5,,False,,,0,gaussian,2001,total_seed_rank_unmatched_or_missing,,17,4
,O_total4,,,1,5,,False,,,0,gaussian,2005,total_seed_rank_unmatched_or_missing,,0,4
,O_total4,,,1,5,,False,,,0,gaussian,2005,total_seed_rank_unmatched_or_missing,,17,4
,O_total4,,,1,5,,False,,,0,gaussian,2003,total_seed_rank_unmatched_or_missing,,0,4
,O_total4,,,1,5,,False,,,0,gaussian,2003,total_seed_rank_unmatched_or_missing,,17,4
,O_total4,,,1,5,,False,,,0,gaussian,2007,total_seed_rank_unmatched_or_missing,,0,4
,O_total4,,,1,5,,False,,,0,gaussian,2007,total_seed_rank_unmatched_or_missing,,17,4
,O_total4,,,1,5,,False,,,0,gaussian,2013,total_seed_rank_unmatched_or_missing,,0,4
,O_total4,,,1,5,,False,,,0,gaussian,2013,total_seed_rank_unmatched_or_missing,,17,4
,P_total4,,,1,5,,False,,,0,gaussian,2001,total_seed_rank_unmatched_or_missing,,0,4
,P_total4,,,1,5,,False,,,0,gaussian,2001,total_seed_rank_unmatched_or_missing,,17,4
,P_total4,,,1,5,,False,,,0,gaussian,2005,total_seed_rank_unmatched_or_missing,,0,4
,P_total4,,,1,5,,False,,,0,gaussian,2005,total_seed_rank_unmatched_or_missing,,17,4
,P_total4,,,1,5,,False,,,0,gaussian,2003,total_seed_rank_unmatched_or_missing,,0,4
,P_total4,,,1,5,,False,,,0,gaussian,2003,total_seed_rank_unmatched_or_missing,,17,4
,P_total4,,,1,5,,False,,,0,gaussian,2007,total_seed_rank_unmatched_or_missing,,0,4
,P_total4,,,1,5,,False,,,0,gaussian,2007,total_seed_rank_unmatched_or_missing,,17,4
,P_total4,,,1,5,,False,,,0,gaussian,2013,total_seed_rank_unmatched_or_missing,,0,4
,P_total4,,,1,5,,False,,,0,gaussian,2013,total_seed_rank_unmatched_or_missing,,17,4
80,OPM_forward_total12,0.010969061987122336,1,1,5,-0.0002157827995042036,True,1,0.010753279187618132,1,gaussian,2001,exact_seed_and_actual_rank_match,,0,12
80,OPM_forward_total12,2.4683695582578697,1,1,5,-0.005100581935778781,True,1,2.463268976322091,1,gaussian,2001,exact_seed_and_actual_rank_match,,17,12
80,OPM_forward_total12,0.015081708373701793,1,1,5,0.0006168500255242324,True,1,0.015698558399226025,1,gaussian,2005,exact_seed_and_actual_rank_match,,0,12
80,OPM_forward_total12,4.382736108898559,1,1,5,0.03373528517617608,True,1,4.416471394074735,1,gaussian,2005,exact_seed_and_actual_rank_match,,17,12
80,OPM_forward_total12,0.007175719225081652,1,1,5,0.0005733409690089576,True,1,0.007749060194090609,1,gaussian,2003,exact_seed_and_actual_rank_match,,0,12
80,OPM_forward_total12,1.4500770064168564,1,1,5,-0.013294530813668493,True,1,1.436782475603188,1,gaussian,2003,exact_seed_and_actual_rank_match,,17,12
80,OPM_forward_total12,0.016782777019440427,1,1,5,0.0008321898957950706,True,1,0.017614966915235498,1,gaussian,2007,exact_seed_and_actual_rank_match,,0,12
80,OPM_forward_total12,2.9431482482209326,1,1,5,0.14738920538528388,True,1,3.0905374536062165,1,gaussian,2007,exact_seed_and_actual_rank_match,,17,12
80,OPM_forward_total12,0.013157114281770934,1,1,5,9.358031116670461e-05,True,1,0.013250694592937639,1,gaussian,2013,exact_seed_and_actual_rank_match,,0,12
80,OPM_forward_total12,1.4813831706104421,1,1,5,0.01897116761804596,True,1,1.500354338228488,1,gaussian,2013,exact_seed_and_actual_rank_match,,17,12
80,ordinary_right_block_Krylov12,0.05013982689668408,1,1,5,-0.039386547709065946,True,1,0.010753279187618132,1,gaussian,2001,exact_seed_and_actual_rank_match,,0,12
80,ordinary_right_block_Krylov12,9.862648233328917,1,1,5,-7.399379257006826,True,1,2.463268976322091,1,gaussian,2001,exact_seed_and_actual_rank_match,,17,12
80,ordinary_right_block_Krylov12,0.053517340925764094,1,1,5,-0.03781878252653807,True,1,0.015698558399226025,1,gaussian,2005,exact_seed_and_actual_rank_match,,0,12
80,ordinary_right_block_Krylov12,15.802143837113316,1,1,5,-11.385672443038581,True,1,4.416471394074735,1,gaussian,2005,exact_seed_and_actual_rank_match,,17,12
80,ordinary_right_block_Krylov12,0.03674309641298647,1,1,5,-0.028994036218895857,True,1,0.007749060194090609,1,gaussian,2003,exact_seed_and_actual_rank_match,,0,12
80,ordinary_right_block_Krylov12,4.2690865422798785,1,1,5,-2.8323040666766905,True,1,1.436782475603188,1,gaussian,2003,exact_seed_and_actual_rank_match,,17,12
80,ordinary_right_block_Krylov12,0.04191072466478307,1,1,5,-0.024295757749547574,True,1,0.017614966915235498,1,gaussian,2007,exact_seed_and_actual_rank_match,,0,12
80,ordinary_right_block_Krylov12,10.899122328973931,1,1,5,-7.808584875367714,True,1,3.0905374536062165,1,gaussian,2007,exact_seed_and_actual_rank_match,,17,12
80,ordinary_right_block_Krylov12,0.04061516102390927,1,1,5,-0.02736446643097163,True,1,0.013250694592937639,1,gaussian,2013,exact_seed_and_actual_rank_match,,0,12
80,ordinary_right_block_Krylov12,7.01438622805677,1,1,5,-5.514031889828281,True,1,1.500354338228488,1,gaussian,2013,exact_seed_and_actual_rank_match,,17,12
,random_current_rank_control_20261005,,,1,5,,False,,,0,gaussian,2001,total_seed_rank_unmatched_or_missing,,0,80
,random_current_rank_control_20261005,,,1,5,,False,,,0,gaussian,2001,total_seed_rank_unmatched_or_missing,,17,80
,random_current_rank_control_20261005,,,1,5,,False,,,0,gaussian,2005,total_seed_rank_unmatched_or_missing,,0,80
,random_current_rank_control_20261005,,,1,5,,False,,,0,gaussian,2005,total_seed_rank_unmatched_or_missing,,17,80
,random_current_rank_control_20261005,,,1,5,,False,,,0,gaussian,2003,total_seed_rank_unmatched_or_missing,,0,80
,random_current_rank_control_20261005,,,1,5,,False,,,0,gaussian,2003,total_seed_rank_unmatched_or_missing,,17,80
,random_current_rank_control_20261005,,,1,5,,False,,,0,gaussian,2007,total_seed_rank_unmatched_or_missing,,0,80
,random_current_rank_control_20261005,,,1,5,,False,,,0,gaussian,2007,total_seed_rank_unmatched_or_missing,,17,80
,random_current_rank_control_20261005,,,1,5,,False,,,0,gaussian,2013,total_seed_rank_unmatched_or_missing,,0,80
,random_current_rank_control_20261005,,,1,5,,False,,,0,gaussian,2013,total_seed_rank_unmatched_or_missing,,17,80
,random_current_rank_control_20261006,,,1,5,,False,,,0,gaussian,2001,total_seed_rank_unmatched_or_missing,,0,80
,random_current_rank_control_20261006,,,1,5,,False,,,0,gaussian,2001,total_seed_rank_unmatched_or_missing,,17,80
,random_current_rank_control_20261006,,,1,5,,False,,,0,gaussian,2005,total_seed_rank_unmatched_or_missing,,0,80
,random_current_rank_control_20261006,,,1,5,,False,,,0,gaussian,2005,total_seed_rank_unmatched_or_missing,,17,80
,random_current_rank_control_20261006,,,1,5,,False,,,0,gaussian,2003,total_seed_rank_unmatched_or_missing,,0,80
,random_current_rank_control_20261006,,,1,5,,False,,,0,gaussian,2003,total_seed_rank_unmatched_or_missing,,17,80
,random_current_rank_control_20261006,,,1,5,,False,,,0,gaussian,2007,total_seed_rank_unmatched_or_missing,,0,80
,random_current_rank_control_20261006,,,1,5,,False,,,0,gaussian,2007,total_seed_rank_unmatched_or_missing,,17,80
,random_current_rank_control_20261006,,,1,5,,False,,,0,gaussian,2013,total_seed_rank_unmatched_or_missing,,0,80
,random_current_rank_control_20261006,,,1,5,,False,,,0,gaussian,2013,total_seed_rank_unmatched_or_missing,,17,80
,random_current_rank_control_20261007,,,1,5,,False,,,0,gaussian,2001,total_seed_rank_unmatched_or_missing,,0,80
,random_current_rank_control_20261007,,,1,5,,False,,,0,gaussian,2001,total_seed_rank_unmatched_or_missing,,17,80
,random_current_rank_control_20261007,,,1,5,,False,,,0,gaussian,2005,total_seed_rank_unmatched_or_missing,,0,80
,random_current_rank_control_20261007,,,1,5,,False,,,0,gaussian,2005,total_seed_rank_unmatched_or_missing,,17,80
,random_current_rank_control_20261007,,,1,5,,False,,,0,gaussian,2003,total_seed_rank_unmatched_or_missing,,0,80
,random_current_rank_control_20261007,,,1,5,,False,,,0,gaussian,2003,total_seed_rank_unmatched_or_missing,,17,80
,random_current_rank_control_20261007,,,1,5,,False,,,0,gaussian,2007,total_seed_rank_unmatched_or_missing,,0,80
,random_current_rank_control_20261007,,,1,5,,False,,,0,gaussian,2007,total_seed_rank_unmatched_or_missing,,17,80
,random_current_rank_control_20261007,,,1,5,,False,,,0,gaussian,2013,total_seed_rank_unmatched_or_missing,,0,80
,random_current_rank_control_20261007,,,1,5,,False,,,0,gaussian,2013,total_seed_rank_unmatched_or_missing,,17,80
,receiver_SOM_rank_control,,,1,5,,False,,,0,gaussian,2001,total_seed_rank_unmatched_or_missing,,0,80
,receiver_SOM_rank_control,,,1,5,,False,,,0,gaussian,2001,total_seed_rank_unmatched_or_missing,,17,80
,receiver_SOM_rank_control,,,1,5,,False,,,0,gaussian,2005,total_seed_rank_unmatched_or_missing,,0,80
,receiver_SOM_rank_control,,,1,5,,False,,,0,gaussian,2005,total_seed_rank_unmatched_or_missing,,17,80
,receiver_SOM_rank_control,,,1,5,,False,,,0,gaussian,2003,total_seed_rank_unmatched_or_missing,,0,80
,receiver_SOM_rank_control,,,1,5,,False,,,0,gaussian,2003,total_seed_rank_unmatched_or_missing,,17,80
,receiver_SOM_rank_control,,,1,5,,False,,,0,gaussian,2007,total_seed_rank_unmatched_or_missing,,0,80
,receiver_SOM_rank_control,,,1,5,,False,,,0,gaussian,2007,total_seed_rank_unmatched_or_missing,,17,80
,receiver_SOM_rank_control,,,1,5,,False,,,0,gaussian,2013,total_seed_rank_unmatched_or_missing,,0,80
,receiver_SOM_rank_control,,,1,5,,False,,,0,gaussian,2013,total_seed_rank_unmatched_or_missing,,17,80
,M_total4,,,1,0,,False,,,0,voxel,2010,total_seed_rank_unmatched_or_missing,,0,4
,M_total4,,,1,0,,False,,,0,voxel,2010,total_seed_rank_unmatched_or_missing,,17,4
,OM_total4,,,1,0,,False,,,0,voxel,2010,total_seed_rank_unmatched_or_missing,,0,4
,OM_total4,,,1,0,,False,,,0,voxel,2010,total_seed_rank_unmatched_or_missing,,17,4
,OPM_total4,,,1,0,,False,,,0,voxel,2010,total_seed_rank_unmatched_or_missing,,0,4
,OPM_total4,,,1,0,,False,,,0,voxel,2010,total_seed_rank_unmatched_or_missing,,17,4
,O_total4,,,1,0,,False,,,0,voxel,2010,total_seed_rank_unmatched_or_missing,,0,4
,O_total4,,,1,0,,False,,,0,voxel,2010,total_seed_rank_unmatched_or_missing,,17,4
,P_total4,,,1,0,,False,,,0,voxel,2010,total_seed_rank_unmatched_or_missing,,0,4
,P_total4,,,1,0,,False,,,0,voxel,2010,total_seed_rank_unmatched_or_missing,,17,4
,OPM_forward_total12,,,1,0,,False,,,1,voxel,2010,mixed_failed_invalid_zero_or_missing,,0,12
,OPM_forward_total12,,,1,0,,False,,,1,voxel,2010,mixed_failed_invalid_zero_or_missing,,17,12
,ordinary_right_block_Krylov12,,,1,0,,False,,,1,voxel,2010,mixed_failed_invalid_zero_or_missing,,0,12
,ordinary_right_block_Krylov12,,,1,0,,False,,,1,voxel,2010,mixed_failed_invalid_zero_or_missing,,17,12
,random_current_rank_control_20261005,,,1,0,,False,,,0,voxel,2010,total_seed_rank_unmatched_or_missing,,0,20
,random_current_rank_control_20261005,,,1,0,,False,,,0,voxel,2010,total_seed_rank_unmatched_or_missing,,17,20
,random_current_rank_control_20261006,,,1,0,,False,,,0,voxel,2010,total_seed_rank_unmatched_or_missing,,0,20
,random_current_rank_control_20261006,,,1,0,,False,,,0,voxel,2010,total_seed_rank_unmatched_or_missing,,17,20
,random_current_rank_control_20261007,,,1,0,,False,,,0,voxel,2010,total_seed_rank_unmatched_or_missing,,0,20
,random_current_rank_control_20261007,,,1,0,,False,,,0,voxel,2010,total_seed_rank_unmatched_or_missing,,17,20
,receiver_SOM_rank_control,,,1,0,,False,,,0,voxel,2010,total_seed_rank_unmatched_or_missing,,0,20
,receiver_SOM_rank_control,,,1,0,,False,,,0,voxel,2010,total_seed_rank_unmatched_or_missing,,17,20
,M_total4,,,1,1,,False,,,0,voxel,2010,total_seed_rank_unmatched_or_missing,,0,4
,M_total4,,,1,1,,False,,,0,voxel,2010,total_seed_rank_unmatched_or_missing,,17,4
,OM_total4,,,1,1,,False,,,0,voxel,2010,total_seed_rank_unmatched_or_missing,,0,4
,OM_total4,,,1,1,,False,,,0,voxel,2010,total_seed_rank_unmatched_or_missing,,17,4
,OPM_total4,,,1,1,,False,,,0,voxel,2010,total_seed_rank_unmatched_or_missing,,0,4
,OPM_total4,,,1,1,,False,,,0,voxel,2010,total_seed_rank_unmatched_or_missing,,17,4
,O_total4,,,1,1,,False,,,0,voxel,2010,total_seed_rank_unmatched_or_missing,,0,4
,O_total4,,,1,1,,False,,,0,voxel,2010,total_seed_rank_unmatched_or_missing,,17,4
,P_total4,,,1,1,,False,,,0,voxel,2010,total_seed_rank_unmatched_or_missing,,0,4
,P_total4,,,1,1,,False,,,0,voxel,2010,total_seed_rank_unmatched_or_missing,,17,4
,OPM_forward_total12,,,1,1,,False,,,1,voxel,2010,mixed_failed_invalid_zero_or_missing,,0,12
,OPM_forward_total12,,,1,1,,False,,,1,voxel,2010,mixed_failed_invalid_zero_or_missing,,17,12
,ordinary_right_block_Krylov12,,,1,1,,False,,,1,voxel,2010,mixed_failed_invalid_zero_or_missing,,0,12
,ordinary_right_block_Krylov12,,,1,1,,False,,,1,voxel,2010,mixed_failed_invalid_zero_or_missing,,17,12
,random_current_rank_control_20261005,,,1,1,,False,,,0,voxel,2010,total_seed_rank_unmatched_or_missing,,0,32
,random_current_rank_control_20261005,,,1,1,,False,,,0,voxel,2010,total_seed_rank_unmatched_or_missing,,17,32
,random_current_rank_control_20261006,,,1,1,,False,,,0,voxel,2010,total_seed_rank_unmatched_or_missing,,0,32
,random_current_rank_control_20261006,,,1,1,,False,,,0,voxel,2010,total_seed_rank_unmatched_or_missing,,17,32
,random_current_rank_control_20261007,,,1,1,,False,,,0,voxel,2010,total_seed_rank_unmatched_or_missing,,0,32
,random_current_rank_control_20261007,,,1,1,,False,,,0,voxel,2010,total_seed_rank_unmatched_or_missing,,17,32
,receiver_SOM_rank_control,,,1,1,,False,,,0,voxel,2010,total_seed_rank_unmatched_or_missing,,0,32
,receiver_SOM_rank_control,,,1,1,,False,,,0,voxel,2010,total_seed_rank_unmatched_or_missing,,17,32
,M_total4,,,1,2,,False,,,0,voxel,2010,total_seed_rank_unmatched_or_missing,,0,4
,M_total4,,,1,2,,False,,,0,voxel,2010,total_seed_rank_unmatched_or_missing,,17,4
,OM_total4,,,1,2,,False,,,0,voxel,2010,total_seed_rank_unmatched_or_missing,,0,4
,OM_total4,,,1,2,,False,,,0,voxel,2010,total_seed_rank_unmatched_or_missing,,17,4
,OPM_total4,,,1,2,,False,,,0,voxel,2010,total_seed_rank_unmatched_or_missing,,0,4
,OPM_total4,,,1,2,,False,,,0,voxel,2010,total_seed_rank_unmatched_or_missing,,17,4
,O_total4,,,1,2,,False,,,0,voxel,2010,total_seed_rank_unmatched_or_missing,,0,4
,O_total4,,,1,2,,False,,,0,voxel,2010,total_seed_rank_unmatched_or_missing,,17,4
,P_total4,,,1,2,,False,,,0,voxel,2010,total_seed_rank_unmatched_or_missing,,0,4
,P_total4,,,1,2,,False,,,0,voxel,2010,total_seed_rank_unmatched_or_missing,,17,4
,OPM_forward_total12,,,1,2,,False,,,1,voxel,2010,mixed_failed_invalid_zero_or_missing,,0,12
,OPM_forward_total12,,,1,2,,False,,,1,voxel,2010,mixed_failed_invalid_zero_or_missing,,17,12
,ordinary_right_block_Krylov12,,,1,2,,False,,,1,voxel,2010,mixed_failed_invalid_zero_or_missing,,0,12
,ordinary_right_block_Krylov12,,,1,2,,False,,,1,voxel,2010,mixed_failed_invalid_zero_or_missing,,17,12
,random_current_rank_control_20261005,,,1,2,,False,,,0,voxel,2010,total_seed_rank_unmatched_or_missing,,0,44
,random_current_rank_control_20261005,,,1,2,,False,,,0,voxel,2010,total_seed_rank_unmatched_or_missing,,17,44
,random_current_rank_control_20261006,,,1,2,,False,,,0,voxel,2010,total_seed_rank_unmatched_or_missing,,0,44
,random_current_rank_control_20261006,,,1,2,,False,,,0,voxel,2010,total_seed_rank_unmatched_or_missing,,17,44
,random_current_rank_control_20261007,,,1,2,,False,,,0,voxel,2010,total_seed_rank_unmatched_or_missing,,0,44
,random_current_rank_control_20261007,,,1,2,,False,,,0,voxel,2010,total_seed_rank_unmatched_or_missing,,17,44
,receiver_SOM_rank_control,,,1,2,,False,,,0,voxel,2010,total_seed_rank_unmatched_or_missing,,0,44
,receiver_SOM_rank_control,,,1,2,,False,,,0,voxel,2010,total_seed_rank_unmatched_or_missing,,17,44
,M_total4,,,1,3,,False,,,0,voxel,2010,total_seed_rank_unmatched_or_missing,,0,4
,M_total4,,,1,3,,False,,,0,voxel,2010,total_seed_rank_unmatched_or_missing,,17,4
,OM_total4,,,1,3,,False,,,0,voxel,2010,total_seed_rank_unmatched_or_missing,,0,4
,OM_total4,,,1,3,,False,,,0,voxel,2010,total_seed_rank_unmatched_or_missing,,17,4
,OPM_total4,,,1,3,,False,,,0,voxel,2010,total_seed_rank_unmatched_or_missing,,0,4
,OPM_total4,,,1,3,,False,,,0,voxel,2010,total_seed_rank_unmatched_or_missing,,17,4
,O_total4,,,1,3,,False,,,0,voxel,2010,total_seed_rank_unmatched_or_missing,,0,4
,O_total4,,,1,3,,False,,,0,voxel,2010,total_seed_rank_unmatched_or_missing,,17,4
,P_total4,,,1,3,,False,,,0,voxel,2010,total_seed_rank_unmatched_or_missing,,0,4
,P_total4,,,1,3,,False,,,0,voxel,2010,total_seed_rank_unmatched_or_missing,,17,4
,OPM_forward_total12,,,1,3,,False,,,1,voxel,2010,mixed_failed_invalid_zero_or_missing,,0,12
,OPM_forward_total12,,,1,3,,False,,,1,voxel,2010,mixed_failed_invalid_zero_or_missing,,17,12
,ordinary_right_block_Krylov12,,,1,3,,False,,,1,voxel,2010,mixed_failed_invalid_zero_or_missing,,0,12
,ordinary_right_block_Krylov12,,,1,3,,False,,,1,voxel,2010,mixed_failed_invalid_zero_or_missing,,17,12
,random_current_rank_control_20261005,,,1,3,,False,,,0,voxel,2010,total_seed_rank_unmatched_or_missing,,0,56
,random_current_rank_control_20261005,,,1,3,,False,,,0,voxel,2010,total_seed_rank_unmatched_or_missing,,17,56
,random_current_rank_control_20261006,,,1,3,,False,,,0,voxel,2010,total_seed_rank_unmatched_or_missing,,0,56
,random_current_rank_control_20261006,,,1,3,,False,,,0,voxel,2010,total_seed_rank_unmatched_or_missing,,17,56
,random_current_rank_control_20261007,,,1,3,,False,,,0,voxel,2010,total_seed_rank_unmatched_or_missing,,0,56
,random_current_rank_control_20261007,,,1,3,,False,,,0,voxel,2010,total_seed_rank_unmatched_or_missing,,17,56
,receiver_SOM_rank_control,,,1,3,,False,,,0,voxel,2010,total_seed_rank_unmatched_or_missing,,0,56
,receiver_SOM_rank_control,,,1,3,,False,,,0,voxel,2010,total_seed_rank_unmatched_or_missing,,17,56
,M_total4,,,1,4,,False,,,0,voxel,2010,total_seed_rank_unmatched_or_missing,,0,4
,M_total4,,,1,4,,False,,,0,voxel,2010,total_seed_rank_unmatched_or_missing,,17,4
,OM_total4,,,1,4,,False,,,0,voxel,2010,total_seed_rank_unmatched_or_missing,,0,4
,OM_total4,,,1,4,,False,,,0,voxel,2010,total_seed_rank_unmatched_or_missing,,17,4
,OPM_total4,,,1,4,,False,,,0,voxel,2010,total_seed_rank_unmatched_or_missing,,0,4
,OPM_total4,,,1,4,,False,,,0,voxel,2010,total_seed_rank_unmatched_or_missing,,17,4
,O_total4,,,1,4,,False,,,0,voxel,2010,total_seed_rank_unmatched_or_missing,,0,4
,O_total4,,,1,4,,False,,,0,voxel,2010,total_seed_rank_unmatched_or_missing,,17,4
,P_total4,,,1,4,,False,,,0,voxel,2010,total_seed_rank_unmatched_or_missing,,0,4
,P_total4,,,1,4,,False,,,0,voxel,2010,total_seed_rank_unmatched_or_missing,,17,4
,OPM_forward_total12,,,1,4,,False,,,1,voxel,2010,mixed_failed_invalid_zero_or_missing,,0,12
,OPM_forward_total12,,,1,4,,False,,,1,voxel,2010,mixed_failed_invalid_zero_or_missing,,17,12
,ordinary_right_block_Krylov12,,,1,4,,False,,,1,voxel,2010,mixed_failed_invalid_zero_or_missing,,0,12
,ordinary_right_block_Krylov12,,,1,4,,False,,,1,voxel,2010,mixed_failed_invalid_zero_or_missing,,17,12
,random_current_rank_control_20261005,,,1,4,,False,,,0,voxel,2010,total_seed_rank_unmatched_or_missing,,0,68
,random_current_rank_control_20261005,,,1,4,,False,,,0,voxel,2010,total_seed_rank_unmatched_or_missing,,17,68
,random_current_rank_control_20261006,,,1,4,,False,,,0,voxel,2010,total_seed_rank_unmatched_or_missing,,0,68
,random_current_rank_control_20261006,,,1,4,,False,,,0,voxel,2010,total_seed_rank_unmatched_or_missing,,17,68
,random_current_rank_control_20261007,,,1,4,,False,,,0,voxel,2010,total_seed_rank_unmatched_or_missing,,0,68
,random_current_rank_control_20261007,,,1,4,,False,,,0,voxel,2010,total_seed_rank_unmatched_or_missing,,17,68
,receiver_SOM_rank_control,,,1,4,,False,,,0,voxel,2010,total_seed_rank_unmatched_or_missing,,0,68
,receiver_SOM_rank_control,,,1,4,,False,,,0,voxel,2010,total_seed_rank_unmatched_or_missing,,17,68
,M_total4,,,1,5,,False,,,0,voxel,2010,total_seed_rank_unmatched_or_missing,,0,4
,M_total4,,,1,5,,False,,,0,voxel,2010,total_seed_rank_unmatched_or_missing,,17,4
,OM_total4,,,1,5,,False,,,0,voxel,2010,total_seed_rank_unmatched_or_missing,,0,4
,OM_total4,,,1,5,,False,,,0,voxel,2010,total_seed_rank_unmatched_or_missing,,17,4
,OPM_total4,,,1,5,,False,,,0,voxel,2010,total_seed_rank_unmatched_or_missing,,0,4
,OPM_total4,,,1,5,,False,,,0,voxel,2010,total_seed_rank_unmatched_or_missing,,17,4
,O_total4,,,1,5,,False,,,0,voxel,2010,total_seed_rank_unmatched_or_missing,,0,4
,O_total4,,,1,5,,False,,,0,voxel,2010,total_seed_rank_unmatched_or_missing,,17,4
,P_total4,,,1,5,,False,,,0,voxel,2010,total_seed_rank_unmatched_or_missing,,0,4
,P_total4,,,1,5,,False,,,0,voxel,2010,total_seed_rank_unmatched_or_missing,,17,4
,OPM_forward_total12,,,1,5,,False,,,1,voxel,2010,mixed_failed_invalid_zero_or_missing,,0,12
,OPM_forward_total12,,,1,5,,False,,,1,voxel,2010,mixed_failed_invalid_zero_or_missing,,17,12
,ordinary_right_block_Krylov12,,,1,5,,False,,,1,voxel,2010,mixed_failed_invalid_zero_or_missing,,0,12
,ordinary_right_block_Krylov12,,,1,5,,False,,,1,voxel,2010,mixed_failed_invalid_zero_or_missing,,17,12
,random_current_rank_control_20261005,,,1,5,,False,,,0,voxel,2010,total_seed_rank_unmatched_or_missing,,0,80
,random_current_rank_control_20261005,,,1,5,,False,,,0,voxel,2010,total_seed_rank_unmatched_or_missing,,17,80
,random_current_rank_control_20261006,,,1,5,,False,,,0,voxel,2010,total_seed_rank_unmatched_or_missing,,0,80
,random_current_rank_control_20261006,,,1,5,,False,,,0,voxel,2010,total_seed_rank_unmatched_or_missing,,17,80
,random_current_rank_control_20261007,,,1,5,,False,,,0,voxel,2010,total_seed_rank_unmatched_or_missing,,0,80
,random_current_rank_control_20261007,,,1,5,,False,,,0,voxel,2010,total_seed_rank_unmatched_or_missing,,17,80
,receiver_SOM_rank_control,,,1,5,,False,,,0,voxel,2010,total_seed_rank_unmatched_or_missing,,0,80
,receiver_SOM_rank_control,,,1,5,,False,,,0,voxel,2010,total_seed_rank_unmatched_or_missing,,17,80
,current_POD,,,,,,False,,,,gaussian,2001,missing_total_seed_rank,/Volumes/migodam's-external-brain/Research/Inv_SLAM/Gaussian/A20/opm-imaging-route-a/results/replay/replay.jsonl:77,0,
,strong_derivative_goal_aware_ROM,,,,,,False,,,,gaussian,2001,missing_total_seed_rank,/Volumes/migodam's-external-brain/Research/Inv_SLAM/Gaussian/A20/opm-imaging-route-a/results/replay/replay.jsonl:78,0,
,current_POD,,,,,,False,,,,gaussian,2001,missing_total_seed_rank,/Volumes/migodam's-external-brain/Research/Inv_SLAM/Gaussian/A20/opm-imaging-route-a/results/replay/replay.jsonl:154,17,
,strong_derivative_goal_aware_ROM,,,,,,False,,,,gaussian,2001,missing_total_seed_rank,/Volumes/migodam's-external-brain/Research/Inv_SLAM/Gaussian/A20/opm-imaging-route-a/results/replay/replay.jsonl:155,17,
,current_POD,,,,,,False,,,,gaussian,2005,missing_total_seed_rank,/Volumes/migodam's-external-brain/Research/Inv_SLAM/Gaussian/A20/opm-imaging-route-a/results/replay/replay.jsonl:232,0,
,strong_derivative_goal_aware_ROM,,,,,,False,,,,gaussian,2005,missing_total_seed_rank,/Volumes/migodam's-external-brain/Research/Inv_SLAM/Gaussian/A20/opm-imaging-route-a/results/replay/replay.jsonl:233,0,
,current_POD,,,,,,False,,,,gaussian,2005,missing_total_seed_rank,/Volumes/migodam's-external-brain/Research/Inv_SLAM/Gaussian/A20/opm-imaging-route-a/results/replay/replay.jsonl:309,17,
,strong_derivative_goal_aware_ROM,,,,,,False,,,,gaussian,2005,missing_total_seed_rank,/Volumes/migodam's-external-brain/Research/Inv_SLAM/Gaussian/A20/opm-imaging-route-a/results/replay/replay.jsonl:310,17,
,current_POD,,,,,,False,,,,gaussian,2003,missing_total_seed_rank,/Volumes/migodam's-external-brain/Research/Inv_SLAM/Gaussian/A20/opm-imaging-route-a/results/replay/replay.jsonl:387,0,
,strong_derivative_goal_aware_ROM,,,,,,False,,,,gaussian,2003,missing_total_seed_rank,/Volumes/migodam's-external-brain/Research/Inv_SLAM/Gaussian/A20/opm-imaging-route-a/results/replay/replay.jsonl:388,0,
,current_POD,,,,,,False,,,,gaussian,2003,missing_total_seed_rank,/Volumes/migodam's-external-brain/Research/Inv_SLAM/Gaussian/A20/opm-imaging-route-a/results/replay/replay.jsonl:464,17,
,strong_derivative_goal_aware_ROM,,,,,,False,,,,gaussian,2003,missing_total_seed_rank,/Volumes/migodam's-external-brain/Research/Inv_SLAM/Gaussian/A20/opm-imaging-route-a/results/replay/replay.jsonl:465,17,
,current_POD,,,,,,False,,,,gaussian,2007,missing_total_seed_rank,/Volumes/migodam's-external-brain/Research/Inv_SLAM/Gaussian/A20/opm-imaging-route-a/results/replay/replay.jsonl:542,0,
,strong_derivative_goal_aware_ROM,,,,,,False,,,,gaussian,2007,missing_total_seed_rank,/Volumes/migodam's-external-brain/Research/Inv_SLAM/Gaussian/A20/opm-imaging-route-a/results/replay/replay.jsonl:543,0,
,current_POD,,,,,,False,,,,gaussian,2007,missing_total_seed_rank,/Volumes/migodam's-external-brain/Research/Inv_SLAM/Gaussian/A20/opm-imaging-route-a/results/replay/replay.jsonl:619,17,
,strong_derivative_goal_aware_ROM,,,,,,False,,,,gaussian,2007,missing_total_seed_rank,/Volumes/migodam's-external-brain/Research/Inv_SLAM/Gaussian/A20/opm-imaging-route-a/results/replay/replay.jsonl:620,17,
,current_POD,,,,,,False,,,,voxel,2010,missing_total_seed_rank,/Volumes/migodam's-external-brain/Research/Inv_SLAM/Gaussian/A20/opm-imaging-route-a/results/replay/replay.jsonl:697,0,
,strong_derivative_goal_aware_ROM,,,,,,False,,,,voxel,2010,missing_total_seed_rank,/Volumes/migodam's-external-brain/Research/Inv_SLAM/Gaussian/A20/opm-imaging-route-a/results/replay/replay.jsonl:698,0,
,current_POD,,,,,,False,,,,voxel,2010,missing_total_seed_rank,/Volumes/migodam's-external-brain/Research/Inv_SLAM/Gaussian/A20/opm-imaging-route-a/results/replay/replay.jsonl:774,17,
,strong_derivative_goal_aware_ROM,,,,,,False,,,,voxel,2010,missing_total_seed_rank,/Volumes/migodam's-external-brain/Research/Inv_SLAM/Gaussian/A20/opm-imaging-route-a/results/replay/replay.jsonl:775,17,
,current_POD,,,,,,False,,,,gaussian,2013,missing_total_seed_rank,/Volumes/migodam's-external-brain/Research/Inv_SLAM/Gaussian/A20/opm-imaging-route-a/results/replay/replay.jsonl:852,0,
,strong_derivative_goal_aware_ROM,,,,,,False,,,,gaussian,2013,missing_total_seed_rank,/Volumes/migodam's-external-brain/Research/Inv_SLAM/Gaussian/A20/opm-imaging-route-a/results/replay/replay.jsonl:853,0,
,current_POD,,,,,,False,,,,gaussian,2013,missing_total_seed_rank,/Volumes/migodam's-external-brain/Research/Inv_SLAM/Gaussian/A20/opm-imaging-route-a/results/replay/replay.jsonl:929,17,
,strong_derivative_goal_aware_ROM,,,,,,False,,,,gaussian,2013,missing_total_seed_rank,/Volumes/migodam's-external-brain/Research/Inv_SLAM/Gaussian/A20/opm-imaging-route-a/results/replay/replay.jsonl:930,17,
