bootstrap_draws,bootstrap_draws_executed,complete_paired_parents,control,coverage,degenerate_one_parent,degree,expected_parents,lower_95,mean_difference,missing_or_unusable_parents,overall_significance_claim,paired_parent_ids,parameterization,required_states_per_parent,rng_seed,scope,status,total_seed_rank,unit,upper_95
2000,0,0,M_total4,PARTIAL,False,0,5,,,"[""2001"", ""2005"", ""2003"", ""2007"", ""2013""]",False,[],gaussian,2,20261005,historically_exposed_feasibility; descriptive; not blind/generalization evidence,INSUFFICIENT_COMPLETE_PAIRED_PARENTS,4,parent_after_mean_of_required_state_paired_differences,
2000,0,0,OM_total4,PARTIAL,False,0,5,,,"[""2001"", ""2005"", ""2003"", ""2007"", ""2013""]",False,[],gaussian,2,20261005,historically_exposed_feasibility; descriptive; not blind/generalization evidence,INSUFFICIENT_COMPLETE_PAIRED_PARENTS,4,parent_after_mean_of_required_state_paired_differences,
2000,0,0,OPM_total4,PARTIAL,False,0,5,,,"[""2001"", ""2005"", ""2003"", ""2007"", ""2013""]",False,[],gaussian,2,20261005,historically_exposed_feasibility; descriptive; not blind/generalization evidence,INSUFFICIENT_COMPLETE_PAIRED_PARENTS,4,parent_after_mean_of_required_state_paired_differences,
2000,0,0,O_total4,PARTIAL,False,0,5,,,"[""2001"", ""2005"", ""2003"", ""2007"", ""2013""]",False,[],gaussian,2,20261005,historically_exposed_feasibility; descriptive; not blind/generalization evidence,INSUFFICIENT_COMPLETE_PAIRED_PARENTS,4,parent_after_mean_of_required_state_paired_differences,
2000,0,0,P_total4,PARTIAL,False,0,5,,,"[""2001"", ""2005"", ""2003"", ""2007"", ""2013""]",False,[],gaussian,2,20261005,historically_exposed_feasibility; descriptive; not blind/generalization evidence,INSUFFICIENT_COMPLETE_PAIRED_PARENTS,4,parent_after_mean_of_required_state_paired_differences,
2000,2000,5,OPM_forward_total12,COMPLETE,False,0,5,0.0,0.0,[],False,"[""2001"", ""2005"", ""2003"", ""2007"", ""2013""]",gaussian,2,20261005,historically_exposed_feasibility; descriptive; not blind/generalization evidence,DESCRIPTIVE_PARENT_BOOTSTRAP,12,parent_after_mean_of_required_state_paired_differences,0.0
2000,2000,5,ordinary_right_block_Krylov12,COMPLETE,False,0,5,-4.542485711213997,-3.2064721035698263,[],False,"[""2001"", ""2005"", ""2003"", ""2007"", ""2013""]",gaussian,2,20261005,historically_exposed_feasibility; descriptive; not blind/generalization evidence,DESCRIPTIVE_PARENT_BOOTSTRAP,12,parent_after_mean_of_required_state_paired_differences,-1.910889305748276
2000,0,0,random_current_rank_control_20261005,PARTIAL,False,0,5,,,"[""2001"", ""2005"", ""2003"", ""2007"", ""2013""]",False,[],gaussian,2,20261005,historically_exposed_feasibility; descriptive; not blind/generalization evidence,INSUFFICIENT_COMPLETE_PAIRED_PARENTS,20,parent_after_mean_of_required_state_paired_differences,
2000,0,0,random_current_rank_control_20261006,PARTIAL,False,0,5,,,"[""2001"", ""2005"", ""2003"", ""2007"", ""2013""]",False,[],gaussian,2,20261005,historically_exposed_feasibility; descriptive; not blind/generalization evidence,INSUFFICIENT_COMPLETE_PAIRED_PARENTS,20,parent_after_mean_of_required_state_paired_differences,
2000,0,0,random_current_rank_control_20261007,PARTIAL,False,0,5,,,"[""2001"", ""2005"", ""2003"", ""2007"", ""2013""]",False,[],gaussian,2,20261005,historically_exposed_feasibility; descriptive; not blind/generalization evidence,INSUFFICIENT_COMPLETE_PAIRED_PARENTS,20,parent_after_mean_of_required_state_paired_differences,
2000,0,0,receiver_SOM_rank_control,PARTIAL,False,0,5,,,"[""2001"", ""2005"", ""2003"", ""2007"", ""2013""]",False,[],gaussian,2,20261005,historically_exposed_feasibility; descriptive; not blind/generalization evidence,INSUFFICIENT_COMPLETE_PAIRED_PARENTS,20,parent_after_mean_of_required_state_paired_differences,
2000,0,0,M_total4,PARTIAL,False,1,5,,,"[""2001"", ""2005"", ""2003"", ""2007"", ""2013""]",False,[],gaussian,2,20261005,historically_exposed_feasibility; descriptive; not blind/generalization evidence,INSUFFICIENT_COMPLETE_PAIRED_PARENTS,4,parent_after_mean_of_required_state_paired_differences,
2000,0,0,OM_total4,PARTIAL,False,1,5,,,"[""2001"", ""2005"", ""2003"", ""2007"", ""2013""]",False,[],gaussian,2,20261005,historically_exposed_feasibility; descriptive; not blind/generalization evidence,INSUFFICIENT_COMPLETE_PAIRED_PARENTS,4,parent_after_mean_of_required_state_paired_differences,
2000,0,0,OPM_total4,PARTIAL,False,1,5,,,"[""2001"", ""2005"", ""2003"", ""2007"", ""2013""]",False,[],gaussian,2,20261005,historically_exposed_feasibility; descriptive; not blind/generalization evidence,INSUFFICIENT_COMPLETE_PAIRED_PARENTS,4,parent_after_mean_of_required_state_paired_differences,
2000,0,0,O_total4,PARTIAL,False,1,5,,,"[""2001"", ""2005"", ""2003"", ""2007"", ""2013""]",False,[],gaussian,2,20261005,historically_exposed_feasibility; descriptive; not blind/generalization evidence,INSUFFICIENT_COMPLETE_PAIRED_PARENTS,4,parent_after_mean_of_required_state_paired_differences,
2000,0,0,P_total4,PARTIAL,False,1,5,,,"[""2001"", ""2005"", ""2003"", ""2007"", ""2013""]",False,[],gaussian,2,20261005,historically_exposed_feasibility; descriptive; not blind/generalization evidence,INSUFFICIENT_COMPLETE_PAIRED_PARENTS,4,parent_after_mean_of_required_state_paired_differences,
2000,2000,5,OPM_forward_total12,COMPLETE,False,1,5,-0.09948559591083414,-0.016031440771525428,[],False,"[""2001"", ""2005"", ""2003"", ""2007"", ""2013""]",gaussian,2,20261005,historically_exposed_feasibility; descriptive; not blind/generalization evidence,DESCRIPTIVE_PARENT_BOOTSTRAP,12,parent_after_mean_of_required_state_paired_differences,0.08164034578495638
2000,2000,5,ordinary_right_block_Krylov12,COMPLETE,False,1,5,-4.7944036827737495,-3.5111037613907827,[],False,"[""2001"", ""2005"", ""2003"", ""2007"", ""2013""]",gaussian,2,20261005,historically_exposed_feasibility; descriptive; not blind/generalization evidence,DESCRIPTIVE_PARENT_BOOTSTRAP,12,parent_after_mean_of_required_state_paired_differences,-2.2002051192495786
2000,0,0,random_current_rank_control_20261005,PARTIAL,False,1,5,,,"[""2001"", ""2005"", ""2003"", ""2007"", ""2013""]",False,[],gaussian,2,20261005,historically_exposed_feasibility; descriptive; not blind/generalization evidence,INSUFFICIENT_COMPLETE_PAIRED_PARENTS,32,parent_after_mean_of_required_state_paired_differences,
2000,0,0,random_current_rank_control_20261006,PARTIAL,False,1,5,,,"[""2001"", ""2005"", ""2003"", ""2007"", ""2013""]",False,[],gaussian,2,20261005,historically_exposed_feasibility; descriptive; not blind/generalization evidence,INSUFFICIENT_COMPLETE_PAIRED_PARENTS,32,parent_after_mean_of_required_state_paired_differences,
2000,0,0,random_current_rank_control_20261007,PARTIAL,False,1,5,,,"[""2001"", ""2005"", ""2003"", ""2007"", ""2013""]",False,[],gaussian,2,20261005,historically_exposed_feasibility; descriptive; not blind/generalization evidence,INSUFFICIENT_COMPLETE_PAIRED_PARENTS,32,parent_after_mean_of_required_state_paired_differences,
2000,0,0,receiver_SOM_rank_control,PARTIAL,False,1,5,,,"[""2001"", ""2005"", ""2003"", ""2007"", ""2013""]",False,[],gaussian,2,20261005,historically_exposed_feasibility; descriptive; not blind/generalization evidence,INSUFFICIENT_COMPLETE_PAIRED_PARENTS,32,parent_after_mean_of_required_state_paired_differences,
2000,0,0,M_total4,PARTIAL,False,2,5,,,"[""2001"", ""2005"", ""2003"", ""2007"", ""2013""]",False,[],gaussian,2,20261005,historically_exposed_feasibility; descriptive; not blind/generalization evidence,INSUFFICIENT_COMPLETE_PAIRED_PARENTS,4,parent_after_mean_of_required_state_paired_differences,
2000,0,0,OM_total4,PARTIAL,False,2,5,,,"[""2001"", ""2005"", ""2003"", ""2007"", ""2013""]",False,[],gaussian,2,20261005,historically_exposed_feasibility; descriptive; not blind/generalization evidence,INSUFFICIENT_COMPLETE_PAIRED_PARENTS,4,parent_after_mean_of_required_state_paired_differences,
2000,0,0,OPM_total4,PARTIAL,False,2,5,,,"[""2001"", ""2005"", ""2003"", ""2007"", ""2013""]",False,[],gaussian,2,20261005,historically_exposed_feasibility; descriptive; not blind/generalization evidence,INSUFFICIENT_COMPLETE_PAIRED_PARENTS,4,parent_after_mean_of_required_state_paired_differences,
2000,0,0,O_total4,PARTIAL,False,2,5,,,"[""2001"", ""2005"", ""2003"", ""2007"", ""2013""]",False,[],gaussian,2,20261005,historically_exposed_feasibility; descriptive; not blind/generalization evidence,INSUFFICIENT_COMPLETE_PAIRED_PARENTS,4,parent_after_mean_of_required_state_paired_differences,
2000,0,0,P_total4,PARTIAL,False,2,5,,,"[""2001"", ""2005"", ""2003"", ""2007"", ""2013""]",False,[],gaussian,2,20261005,historically_exposed_feasibility; descriptive; not blind/generalization evidence,INSUFFICIENT_COMPLETE_PAIRED_PARENTS,4,parent_after_mean_of_required_state_paired_differences,
2000,2000,5,OPM_forward_total12,COMPLETE,False,2,5,-0.09369301201877722,-0.04524692805655685,[],False,"[""2001"", ""2005"", ""2003"", ""2007"", ""2013""]",gaussian,2,20261005,historically_exposed_feasibility; descriptive; not blind/generalization evidence,DESCRIPTIVE_PARENT_BOOTSTRAP,12,parent_after_mean_of_required_state_paired_differences,0.008389874776563009
2000,2000,5,ordinary_right_block_Krylov12,COMPLETE,False,2,5,-4.882709350988988,-3.5942635056137364,[],False,"[""2001"", ""2005"", ""2003"", ""2007"", ""2013""]",gaussian,2,20261005,historically_exposed_feasibility; descriptive; not blind/generalization evidence,DESCRIPTIVE_PARENT_BOOTSTRAP,12,parent_after_mean_of_required_state_paired_differences,-2.277259398396351
2000,0,0,random_current_rank_control_20261005,PARTIAL,False,2,5,,,"[""2001"", ""2005"", ""2003"", ""2007"", ""2013""]",False,[],gaussian,2,20261005,historically_exposed_feasibility; descriptive; not blind/generalization evidence,INSUFFICIENT_COMPLETE_PAIRED_PARENTS,44,parent_after_mean_of_required_state_paired_differences,
2000,0,0,random_current_rank_control_20261006,PARTIAL,False,2,5,,,"[""2001"", ""2005"", ""2003"", ""2007"", ""2013""]",False,[],gaussian,2,20261005,historically_exposed_feasibility; descriptive; not blind/generalization evidence,INSUFFICIENT_COMPLETE_PAIRED_PARENTS,44,parent_after_mean_of_required_state_paired_differences,
2000,0,0,random_current_rank_control_20261007,PARTIAL,False,2,5,,,"[""2001"", ""2005"", ""2003"", ""2007"", ""2013""]",False,[],gaussian,2,20261005,historically_exposed_feasibility; descriptive; not blind/generalization evidence,INSUFFICIENT_COMPLETE_PAIRED_PARENTS,44,parent_after_mean_of_required_state_paired_differences,
2000,0,0,receiver_SOM_rank_control,PARTIAL,False,2,5,,,"[""2001"", ""2005"", ""2003"", ""2007"", ""2013""]",False,[],gaussian,2,20261005,historically_exposed_feasibility; descriptive; not blind/generalization evidence,INSUFFICIENT_COMPLETE_PAIRED_PARENTS,44,parent_after_mean_of_required_state_paired_differences,
2000,0,0,M_total4,PARTIAL,False,3,5,,,"[""2001"", ""2005"", ""2003"", ""2007"", ""2013""]",False,[],gaussian,2,20261005,historically_exposed_feasibility; descriptive; not blind/generalization evidence,INSUFFICIENT_COMPLETE_PAIRED_PARENTS,4,parent_after_mean_of_required_state_paired_differences,
2000,0,0,OM_total4,PARTIAL,False,3,5,,,"[""2001"", ""2005"", ""2003"", ""2007"", ""2013""]",False,[],gaussian,2,20261005,historically_exposed_feasibility; descriptive; not blind/generalization evidence,INSUFFICIENT_COMPLETE_PAIRED_PARENTS,4,parent_after_mean_of_required_state_paired_differences,
2000,0,0,OPM_total4,PARTIAL,False,3,5,,,"[""2001"", ""2005"", ""2003"", ""2007"", ""2013""]",False,[],gaussian,2,20261005,historically_exposed_feasibility; descriptive; not blind/generalization evidence,INSUFFICIENT_COMPLETE_PAIRED_PARENTS,4,parent_after_mean_of_required_state_paired_differences,
2000,0,0,O_total4,PARTIAL,False,3,5,,,"[""2001"", ""2005"", ""2003"", ""2007"", ""2013""]",False,[],gaussian,2,20261005,historically_exposed_feasibility; descriptive; not blind/generalization evidence,INSUFFICIENT_COMPLETE_PAIRED_PARENTS,4,parent_after_mean_of_required_state_paired_differences,
2000,0,0,P_total4,PARTIAL,False,3,5,,,"[""2001"", ""2005"", ""2003"", ""2007"", ""2013""]",False,[],gaussian,2,20261005,historically_exposed_feasibility; descriptive; not blind/generalization evidence,INSUFFICIENT_COMPLETE_PAIRED_PARENTS,4,parent_after_mean_of_required_state_paired_differences,
2000,2000,5,OPM_forward_total12,COMPLETE,False,3,5,-0.06717904501715775,-0.017871902423722556,[],False,"[""2001"", ""2005"", ""2003"", ""2007"", ""2013""]",gaussian,2,20261005,historically_exposed_feasibility; descriptive; not blind/generalization evidence,DESCRIPTIVE_PARENT_BOOTSTRAP,12,parent_after_mean_of_required_state_paired_differences,0.04995716891327573
2000,2000,5,ordinary_right_block_Krylov12,COMPLETE,False,3,5,-4.888904203073833,-3.641990981847144,[],False,"[""2001"", ""2005"", ""2003"", ""2007"", ""2013""]",gaussian,2,20261005,historically_exposed_feasibility; descriptive; not blind/generalization evidence,DESCRIPTIVE_PARENT_BOOTSTRAP,12,parent_after_mean_of_required_state_paired_differences,-2.294613153215027
2000,0,0,random_current_rank_control_20261005,PARTIAL,False,3,5,,,"[""2001"", ""2005"", ""2003"", ""2007"", ""2013""]",False,[],gaussian,2,20261005,historically_exposed_feasibility; descriptive; not blind/generalization evidence,INSUFFICIENT_COMPLETE_PAIRED_PARENTS,56,parent_after_mean_of_required_state_paired_differences,
2000,0,0,random_current_rank_control_20261006,PARTIAL,False,3,5,,,"[""2001"", ""2005"", ""2003"", ""2007"", ""2013""]",False,[],gaussian,2,20261005,historically_exposed_feasibility; descriptive; not blind/generalization evidence,INSUFFICIENT_COMPLETE_PAIRED_PARENTS,56,parent_after_mean_of_required_state_paired_differences,
2000,0,0,random_current_rank_control_20261007,PARTIAL,False,3,5,,,"[""2001"", ""2005"", ""2003"", ""2007"", ""2013""]",False,[],gaussian,2,20261005,historically_exposed_feasibility; descriptive; not blind/generalization evidence,INSUFFICIENT_COMPLETE_PAIRED_PARENTS,56,parent_after_mean_of_required_state_paired_differences,
2000,0,0,receiver_SOM_rank_control,PARTIAL,False,3,5,,,"[""2001"", ""2005"", ""2003"", ""2007"", ""2013""]",False,[],gaussian,2,20261005,historically_exposed_feasibility; descriptive; not blind/generalization evidence,INSUFFICIENT_COMPLETE_PAIRED_PARENTS,56,parent_after_mean_of_required_state_paired_differences,
2000,0,0,M_total4,PARTIAL,False,4,5,,,"[""2001"", ""2005"", ""2003"", ""2007"", ""2013""]",False,[],gaussian,2,20261005,historically_exposed_feasibility; descriptive; not blind/generalization evidence,INSUFFICIENT_COMPLETE_PAIRED_PARENTS,4,parent_after_mean_of_required_state_paired_differences,
2000,0,0,OM_total4,PARTIAL,False,4,5,,,"[""2001"", ""2005"", ""2003"", ""2007"", ""2013""]",False,[],gaussian,2,20261005,historically_exposed_feasibility; descriptive; not blind/generalization evidence,INSUFFICIENT_COMPLETE_PAIRED_PARENTS,4,parent_after_mean_of_required_state_paired_differences,
2000,0,0,OPM_total4,PARTIAL,False,4,5,,,"[""2001"", ""2005"", ""2003"", ""2007"", ""2013""]",False,[],gaussian,2,20261005,historically_exposed_feasibility; descriptive; not blind/generalization evidence,INSUFFICIENT_COMPLETE_PAIRED_PARENTS,4,parent_after_mean_of_required_state_paired_differences,
2000,0,0,O_total4,PARTIAL,False,4,5,,,"[""2001"", ""2005"", ""2003"", ""2007"", ""2013""]",False,[],gaussian,2,20261005,historically_exposed_feasibility; descriptive; not blind/generalization evidence,INSUFFICIENT_COMPLETE_PAIRED_PARENTS,4,parent_after_mean_of_required_state_paired_differences,
2000,0,0,P_total4,PARTIAL,False,4,5,,,"[""2001"", ""2005"", ""2003"", ""2007"", ""2013""]",False,[],gaussian,2,20261005,historically_exposed_feasibility; descriptive; not blind/generalization evidence,INSUFFICIENT_COMPLETE_PAIRED_PARENTS,4,parent_after_mean_of_required_state_paired_differences,
2000,2000,5,OPM_forward_total12,COMPLETE,False,4,5,-0.03392187655922137,-0.0014507914989760015,[],False,"[""2001"", ""2005"", ""2003"", ""2007"", ""2013""]",gaussian,2,20261005,historically_exposed_feasibility; descriptive; not blind/generalization evidence,DESCRIPTIVE_PARENT_BOOTSTRAP,12,parent_after_mean_of_required_state_paired_differences,0.04301298947499246
2000,2000,5,ordinary_right_block_Krylov12,COMPLETE,False,4,5,-5.016108970754812,-3.645401060957279,[],False,"[""2001"", ""2005"", ""2003"", ""2007"", ""2013""]",gaussian,2,20261005,historically_exposed_feasibility; descriptive; not blind/generalization evidence,DESCRIPTIVE_PARENT_BOOTSTRAP,12,parent_after_mean_of_required_state_paired_differences,-2.280220738615755
2000,0,0,random_current_rank_control_20261005,PARTIAL,False,4,5,,,"[""2001"", ""2005"", ""2003"", ""2007"", ""2013""]",False,[],gaussian,2,20261005,historically_exposed_feasibility; descriptive; not blind/generalization evidence,INSUFFICIENT_COMPLETE_PAIRED_PARENTS,68,parent_after_mean_of_required_state_paired_differences,
2000,0,0,random_current_rank_control_20261006,PARTIAL,False,4,5,,,"[""2001"", ""2005"", ""2003"", ""2007"", ""2013""]",False,[],gaussian,2,20261005,historically_exposed_feasibility; descriptive; not blind/generalization evidence,INSUFFICIENT_COMPLETE_PAIRED_PARENTS,68,parent_after_mean_of_required_state_paired_differences,
2000,0,0,random_current_rank_control_20261007,PARTIAL,False,4,5,,,"[""2001"", ""2005"", ""2003"", ""2007"", ""2013""]",False,[],gaussian,2,20261005,historically_exposed_feasibility; descriptive; not blind/generalization evidence,INSUFFICIENT_COMPLETE_PAIRED_PARENTS,68,parent_after_mean_of_required_state_paired_differences,
2000,0,0,receiver_SOM_rank_control,PARTIAL,False,4,5,,,"[""2001"", ""2005"", ""2003"", ""2007"", ""2013""]",False,[],gaussian,2,20261005,historically_exposed_feasibility; descriptive; not blind/generalization evidence,INSUFFICIENT_COMPLETE_PAIRED_PARENTS,68,parent_after_mean_of_required_state_paired_differences,
2000,0,0,M_total4,PARTIAL,False,5,5,,,"[""2001"", ""2005"", ""2003"", ""2007"", ""2013""]",False,[],gaussian,2,20261005,historically_exposed_feasibility; descriptive; not blind/generalization evidence,INSUFFICIENT_COMPLETE_PAIRED_PARENTS,4,parent_after_mean_of_required_state_paired_differences,
2000,0,0,OM_total4,PARTIAL,False,5,5,,,"[""2001"", ""2005"", ""2003"", ""2007"", ""2013""]",False,[],gaussian,2,20261005,historically_exposed_feasibility; descriptive; not blind/generalization evidence,INSUFFICIENT_COMPLETE_PAIRED_PARENTS,4,parent_after_mean_of_required_state_paired_differences,
2000,0,0,OPM_total4,PARTIAL,False,5,5,,,"[""2001"", ""2005"", ""2003"", ""2007"", ""2013""]",False,[],gaussian,2,20261005,historically_exposed_feasibility; descriptive; not blind/generalization evidence,INSUFFICIENT_COMPLETE_PAIRED_PARENTS,4,parent_after_mean_of_required_state_paired_differences,
2000,0,0,O_total4,PARTIAL,False,5,5,,,"[""2001"", ""2005"", ""2003"", ""2007"", ""2013""]",False,[],gaussian,2,20261005,historically_exposed_feasibility; descriptive; not blind/generalization evidence,INSUFFICIENT_COMPLETE_PAIRED_PARENTS,4,parent_after_mean_of_required_state_paired_differences,
2000,0,0,P_total4,PARTIAL,False,5,5,,,"[""2001"", ""2005"", ""2003"", ""2007"", ""2013""]",False,[],gaussian,2,20261005,historically_exposed_feasibility; descriptive; not blind/generalization evidence,INSUFFICIENT_COMPLETE_PAIRED_PARENTS,4,parent_after_mean_of_required_state_paired_differences,
2000,2000,5,OPM_forward_total12,COMPLETE,False,5,5,-0.001654456760328119,0.018360072383204938,[],False,"[""2001"", ""2005"", ""2003"", ""2007"", ""2013""]",gaussian,2,20261005,historically_exposed_feasibility; descriptive; not blind/generalization evidence,DESCRIPTIVE_PARENT_BOOTSTRAP,12,parent_after_mean_of_required_state_paired_differences,0.04736999563096541
2000,2000,5,ordinary_right_block_Krylov12,COMPLETE,False,5,5,-4.726048870838055,-3.5097832122553116,[],False,"[""2001"", ""2005"", ""2003"", ""2007"", ""2013""]",gaussian,2,20261005,historically_exposed_feasibility; descriptive; not blind/generalization evidence,DESCRIPTIVE_PARENT_BOOTSTRAP,12,parent_after_mean_of_required_state_paired_differences,-2.1958171298063274
2000,0,0,random_current_rank_control_20261005,PARTIAL,False,5,5,,,"[""2001"", ""2005"", ""2003"", ""2007"", ""2013""]",False,[],gaussian,2,20261005,historically_exposed_feasibility; descriptive; not blind/generalization evidence,INSUFFICIENT_COMPLETE_PAIRED_PARENTS,80,parent_after_mean_of_required_state_paired_differences,
2000,0,0,random_current_rank_control_20261006,PARTIAL,False,5,5,,,"[""2001"", ""2005"", ""2003"", ""2007"", ""2013""]",False,[],gaussian,2,20261005,historically_exposed_feasibility; descriptive; not blind/generalization evidence,INSUFFICIENT_COMPLETE_PAIRED_PARENTS,80,parent_after_mean_of_required_state_paired_differences,
2000,0,0,random_current_rank_control_20261007,PARTIAL,False,5,5,,,"[""2001"", ""2005"", ""2003"", ""2007"", ""2013""]",False,[],gaussian,2,20261005,historically_exposed_feasibility; descriptive; not blind/generalization evidence,INSUFFICIENT_COMPLETE_PAIRED_PARENTS,80,parent_after_mean_of_required_state_paired_differences,
2000,0,0,receiver_SOM_rank_control,PARTIAL,False,5,5,,,"[""2001"", ""2005"", ""2003"", ""2007"", ""2013""]",False,[],gaussian,2,20261005,historically_exposed_feasibility; descriptive; not blind/generalization evidence,INSUFFICIENT_COMPLETE_PAIRED_PARENTS,80,parent_after_mean_of_required_state_paired_differences,
2000,0,0,M_total4,PARTIAL,False,0,1,,,"[""2010""]",False,[],voxel,2,20261005,historically_exposed_feasibility; descriptive; not blind/generalization evidence,INSUFFICIENT_COMPLETE_PAIRED_PARENTS,4,parent_after_mean_of_required_state_paired_differences,
2000,0,0,OM_total4,PARTIAL,False,0,1,,,"[""2010""]",False,[],voxel,2,20261005,historically_exposed_feasibility; descriptive; not blind/generalization evidence,INSUFFICIENT_COMPLETE_PAIRED_PARENTS,4,parent_after_mean_of_required_state_paired_differences,
2000,0,0,OPM_total4,PARTIAL,False,0,1,,,"[""2010""]",False,[],voxel,2,20261005,historically_exposed_feasibility; descriptive; not blind/generalization evidence,INSUFFICIENT_COMPLETE_PAIRED_PARENTS,4,parent_after_mean_of_required_state_paired_differences,
2000,0,0,O_total4,PARTIAL,False,0,1,,,"[""2010""]",False,[],voxel,2,20261005,historically_exposed_feasibility; descriptive; not blind/generalization evidence,INSUFFICIENT_COMPLETE_PAIRED_PARENTS,4,parent_after_mean_of_required_state_paired_differences,
2000,0,0,P_total4,PARTIAL,False,0,1,,,"[""2010""]",False,[],voxel,2,20261005,historically_exposed_feasibility; descriptive; not blind/generalization evidence,INSUFFICIENT_COMPLETE_PAIRED_PARENTS,4,parent_after_mean_of_required_state_paired_differences,
2000,0,0,OPM_forward_total12,PARTIAL,False,0,1,,,"[""2010""]",False,[],voxel,2,20261005,historically_exposed_feasibility; descriptive; not blind/generalization evidence,INSUFFICIENT_COMPLETE_PAIRED_PARENTS,12,parent_after_mean_of_required_state_paired_differences,
2000,0,0,ordinary_right_block_Krylov12,PARTIAL,False,0,1,,,"[""2010""]",False,[],voxel,2,20261005,historically_exposed_feasibility; descriptive; not blind/generalization evidence,INSUFFICIENT_COMPLETE_PAIRED_PARENTS,12,parent_after_mean_of_required_state_paired_differences,
2000,0,0,random_current_rank_control_20261005,PARTIAL,False,0,1,,,"[""2010""]",False,[],voxel,2,20261005,historically_exposed_feasibility; descriptive; not blind/generalization evidence,INSUFFICIENT_COMPLETE_PAIRED_PARENTS,20,parent_after_mean_of_required_state_paired_differences,
2000,0,0,random_current_rank_control_20261006,PARTIAL,False,0,1,,,"[""2010""]",False,[],voxel,2,20261005,historically_exposed_feasibility; descriptive; not blind/generalization evidence,INSUFFICIENT_COMPLETE_PAIRED_PARENTS,20,parent_after_mean_of_required_state_paired_differences,
2000,0,0,random_current_rank_control_20261007,PARTIAL,False,0,1,,,"[""2010""]",False,[],voxel,2,20261005,historically_exposed_feasibility; descriptive; not blind/generalization evidence,INSUFFICIENT_COMPLETE_PAIRED_PARENTS,20,parent_after_mean_of_required_state_paired_differences,
2000,0,0,receiver_SOM_rank_control,PARTIAL,False,0,1,,,"[""2010""]",False,[],voxel,2,20261005,historically_exposed_feasibility; descriptive; not blind/generalization evidence,INSUFFICIENT_COMPLETE_PAIRED_PARENTS,20,parent_after_mean_of_required_state_paired_differences,
2000,0,0,M_total4,PARTIAL,False,1,1,,,"[""2010""]",False,[],voxel,2,20261005,historically_exposed_feasibility; descriptive; not blind/generalization evidence,INSUFFICIENT_COMPLETE_PAIRED_PARENTS,4,parent_after_mean_of_required_state_paired_differences,
2000,0,0,OM_total4,PARTIAL,False,1,1,,,"[""2010""]",False,[],voxel,2,20261005,historically_exposed_feasibility; descriptive; not blind/generalization evidence,INSUFFICIENT_COMPLETE_PAIRED_PARENTS,4,parent_after_mean_of_required_state_paired_differences,
2000,0,0,OPM_total4,PARTIAL,False,1,1,,,"[""2010""]",False,[],voxel,2,20261005,historically_exposed_feasibility; descriptive; not blind/generalization evidence,INSUFFICIENT_COMPLETE_PAIRED_PARENTS,4,parent_after_mean_of_required_state_paired_differences,
2000,0,0,O_total4,PARTIAL,False,1,1,,,"[""2010""]",False,[],voxel,2,20261005,historically_exposed_feasibility; descriptive; not blind/generalization evidence,INSUFFICIENT_COMPLETE_PAIRED_PARENTS,4,parent_after_mean_of_required_state_paired_differences,
2000,0,0,P_total4,PARTIAL,False,1,1,,,"[""2010""]",False,[],voxel,2,20261005,historically_exposed_feasibility; descriptive; not blind/generalization evidence,INSUFFICIENT_COMPLETE_PAIRED_PARENTS,4,parent_after_mean_of_required_state_paired_differences,
2000,0,0,OPM_forward_total12,PARTIAL,False,1,1,,,"[""2010""]",False,[],voxel,2,20261005,historically_exposed_feasibility; descriptive; not blind/generalization evidence,INSUFFICIENT_COMPLETE_PAIRED_PARENTS,12,parent_after_mean_of_required_state_paired_differences,
2000,0,0,ordinary_right_block_Krylov12,PARTIAL,False,1,1,,,"[""2010""]",False,[],voxel,2,20261005,historically_exposed_feasibility; descriptive; not blind/generalization evidence,INSUFFICIENT_COMPLETE_PAIRED_PARENTS,12,parent_after_mean_of_required_state_paired_differences,
2000,0,0,random_current_rank_control_20261005,PARTIAL,False,1,1,,,"[""2010""]",False,[],voxel,2,20261005,historically_exposed_feasibility; descriptive; not blind/generalization evidence,INSUFFICIENT_COMPLETE_PAIRED_PARENTS,32,parent_after_mean_of_required_state_paired_differences,
2000,0,0,random_current_rank_control_20261006,PARTIAL,False,1,1,,,"[""2010""]",False,[],voxel,2,20261005,historically_exposed_feasibility; descriptive; not blind/generalization evidence,INSUFFICIENT_COMPLETE_PAIRED_PARENTS,32,parent_after_mean_of_required_state_paired_differences,
2000,0,0,random_current_rank_control_20261007,PARTIAL,False,1,1,,,"[""2010""]",False,[],voxel,2,20261005,historically_exposed_feasibility; descriptive; not blind/generalization evidence,INSUFFICIENT_COMPLETE_PAIRED_PARENTS,32,parent_after_mean_of_required_state_paired_differences,
2000,0,0,receiver_SOM_rank_control,PARTIAL,False,1,1,,,"[""2010""]",False,[],voxel,2,20261005,historically_exposed_feasibility; descriptive; not blind/generalization evidence,INSUFFICIENT_COMPLETE_PAIRED_PARENTS,32,parent_after_mean_of_required_state_paired_differences,
2000,0,0,M_total4,PARTIAL,False,2,1,,,"[""2010""]",False,[],voxel,2,20261005,historically_exposed_feasibility; descriptive; not blind/generalization evidence,INSUFFICIENT_COMPLETE_PAIRED_PARENTS,4,parent_after_mean_of_required_state_paired_differences,
2000,0,0,OM_total4,PARTIAL,False,2,1,,,"[""2010""]",False,[],voxel,2,20261005,historically_exposed_feasibility; descriptive; not blind/generalization evidence,INSUFFICIENT_COMPLETE_PAIRED_PARENTS,4,parent_after_mean_of_required_state_paired_differences,
2000,0,0,OPM_total4,PARTIAL,False,2,1,,,"[""2010""]",False,[],voxel,2,20261005,historically_exposed_feasibility; descriptive; not blind/generalization evidence,INSUFFICIENT_COMPLETE_PAIRED_PARENTS,4,parent_after_mean_of_required_state_paired_differences,
2000,0,0,O_total4,PARTIAL,False,2,1,,,"[""2010""]",False,[],voxel,2,20261005,historically_exposed_feasibility; descriptive; not blind/generalization evidence,INSUFFICIENT_COMPLETE_PAIRED_PARENTS,4,parent_after_mean_of_required_state_paired_differences,
2000,0,0,P_total4,PARTIAL,False,2,1,,,"[""2010""]",False,[],voxel,2,20261005,historically_exposed_feasibility; descriptive; not blind/generalization evidence,INSUFFICIENT_COMPLETE_PAIRED_PARENTS,4,parent_after_mean_of_required_state_paired_differences,
2000,0,0,OPM_forward_total12,PARTIAL,False,2,1,,,"[""2010""]",False,[],voxel,2,20261005,historically_exposed_feasibility; descriptive; not blind/generalization evidence,INSUFFICIENT_COMPLETE_PAIRED_PARENTS,12,parent_after_mean_of_required_state_paired_differences,
2000,0,0,ordinary_right_block_Krylov12,PARTIAL,False,2,1,,,"[""2010""]",False,[],voxel,2,20261005,historically_exposed_feasibility; descriptive; not blind/generalization evidence,INSUFFICIENT_COMPLETE_PAIRED_PARENTS,12,parent_after_mean_of_required_state_paired_differences,
2000,0,0,random_current_rank_control_20261005,PARTIAL,False,2,1,,,"[""2010""]",False,[],voxel,2,20261005,historically_exposed_feasibility; descriptive; not blind/generalization evidence,INSUFFICIENT_COMPLETE_PAIRED_PARENTS,44,parent_after_mean_of_required_state_paired_differences,
2000,0,0,random_current_rank_control_20261006,PARTIAL,False,2,1,,,"[""2010""]",False,[],voxel,2,20261005,historically_exposed_feasibility; descriptive; not blind/generalization evidence,INSUFFICIENT_COMPLETE_PAIRED_PARENTS,44,parent_after_mean_of_required_state_paired_differences,
2000,0,0,random_current_rank_control_20261007,PARTIAL,False,2,1,,,"[""2010""]",False,[],voxel,2,20261005,historically_exposed_feasibility; descriptive; not blind/generalization evidence,INSUFFICIENT_COMPLETE_PAIRED_PARENTS,44,parent_after_mean_of_required_state_paired_differences,
2000,0,0,receiver_SOM_rank_control,PARTIAL,False,2,1,,,"[""2010""]",False,[],voxel,2,20261005,historically_exposed_feasibility; descriptive; not blind/generalization evidence,INSUFFICIENT_COMPLETE_PAIRED_PARENTS,44,parent_after_mean_of_required_state_paired_differences,
2000,0,0,M_total4,PARTIAL,False,3,1,,,"[""2010""]",False,[],voxel,2,20261005,historically_exposed_feasibility; descriptive; not blind/generalization evidence,INSUFFICIENT_COMPLETE_PAIRED_PARENTS,4,parent_after_mean_of_required_state_paired_differences,
2000,0,0,OM_total4,PARTIAL,False,3,1,,,"[""2010""]",False,[],voxel,2,20261005,historically_exposed_feasibility; descriptive; not blind/generalization evidence,INSUFFICIENT_COMPLETE_PAIRED_PARENTS,4,parent_after_mean_of_required_state_paired_differences,
2000,0,0,OPM_total4,PARTIAL,False,3,1,,,"[""2010""]",False,[],voxel,2,20261005,historically_exposed_feasibility; descriptive; not blind/generalization evidence,INSUFFICIENT_COMPLETE_PAIRED_PARENTS,4,parent_after_mean_of_required_state_paired_differences,
2000,0,0,O_total4,PARTIAL,False,3,1,,,"[""2010""]",False,[],voxel,2,20261005,historically_exposed_feasibility; descriptive; not blind/generalization evidence,INSUFFICIENT_COMPLETE_PAIRED_PARENTS,4,parent_after_mean_of_required_state_paired_differences,
2000,0,0,P_total4,PARTIAL,False,3,1,,,"[""2010""]",False,[],voxel,2,20261005,historically_exposed_feasibility; descriptive; not blind/generalization evidence,INSUFFICIENT_COMPLETE_PAIRED_PARENTS,4,parent_after_mean_of_required_state_paired_differences,
2000,0,0,OPM_forward_total12,PARTIAL,False,3,1,,,"[""2010""]",False,[],voxel,2,20261005,historically_exposed_feasibility; descriptive; not blind/generalization evidence,INSUFFICIENT_COMPLETE_PAIRED_PARENTS,12,parent_after_mean_of_required_state_paired_differences,
2000,0,0,ordinary_right_block_Krylov12,PARTIAL,False,3,1,,,"[""2010""]",False,[],voxel,2,20261005,historically_exposed_feasibility; descriptive; not blind/generalization evidence,INSUFFICIENT_COMPLETE_PAIRED_PARENTS,12,parent_after_mean_of_required_state_paired_differences,
2000,0,0,random_current_rank_control_20261005,PARTIAL,False,3,1,,,"[""2010""]",False,[],voxel,2,20261005,historically_exposed_feasibility; descriptive; not blind/generalization evidence,INSUFFICIENT_COMPLETE_PAIRED_PARENTS,56,parent_after_mean_of_required_state_paired_differences,
2000,0,0,random_current_rank_control_20261006,PARTIAL,False,3,1,,,"[""2010""]",False,[],voxel,2,20261005,historically_exposed_feasibility; descriptive; not blind/generalization evidence,INSUFFICIENT_COMPLETE_PAIRED_PARENTS,56,parent_after_mean_of_required_state_paired_differences,
2000,0,0,random_current_rank_control_20261007,PARTIAL,False,3,1,,,"[""2010""]",False,[],voxel,2,20261005,historically_exposed_feasibility; descriptive; not blind/generalization evidence,INSUFFICIENT_COMPLETE_PAIRED_PARENTS,56,parent_after_mean_of_required_state_paired_differences,
2000,0,0,receiver_SOM_rank_control,PARTIAL,False,3,1,,,"[""2010""]",False,[],voxel,2,20261005,historically_exposed_feasibility; descriptive; not blind/generalization evidence,INSUFFICIENT_COMPLETE_PAIRED_PARENTS,56,parent_after_mean_of_required_state_paired_differences,
2000,0,0,M_total4,PARTIAL,False,4,1,,,"[""2010""]",False,[],voxel,2,20261005,historically_exposed_feasibility; descriptive; not blind/generalization evidence,INSUFFICIENT_COMPLETE_PAIRED_PARENTS,4,parent_after_mean_of_required_state_paired_differences,
2000,0,0,OM_total4,PARTIAL,False,4,1,,,"[""2010""]",False,[],voxel,2,20261005,historically_exposed_feasibility; descriptive; not blind/generalization evidence,INSUFFICIENT_COMPLETE_PAIRED_PARENTS,4,parent_after_mean_of_required_state_paired_differences,
2000,0,0,OPM_total4,PARTIAL,False,4,1,,,"[""2010""]",False,[],voxel,2,20261005,historically_exposed_feasibility; descriptive; not blind/generalization evidence,INSUFFICIENT_COMPLETE_PAIRED_PARENTS,4,parent_after_mean_of_required_state_paired_differences,
2000,0,0,O_total4,PARTIAL,False,4,1,,,"[""2010""]",False,[],voxel,2,20261005,historically_exposed_feasibility; descriptive; not blind/generalization evidence,INSUFFICIENT_COMPLETE_PAIRED_PARENTS,4,parent_after_mean_of_required_state_paired_differences,
2000,0,0,P_total4,PARTIAL,False,4,1,,,"[""2010""]",False,[],voxel,2,20261005,historically_exposed_feasibility; descriptive; not blind/generalization evidence,INSUFFICIENT_COMPLETE_PAIRED_PARENTS,4,parent_after_mean_of_required_state_paired_differences,
2000,0,0,OPM_forward_total12,PARTIAL,False,4,1,,,"[""2010""]",False,[],voxel,2,20261005,historically_exposed_feasibility; descriptive; not blind/generalization evidence,INSUFFICIENT_COMPLETE_PAIRED_PARENTS,12,parent_after_mean_of_required_state_paired_differences,
2000,0,0,ordinary_right_block_Krylov12,PARTIAL,False,4,1,,,"[""2010""]",False,[],voxel,2,20261005,historically_exposed_feasibility; descriptive; not blind/generalization evidence,INSUFFICIENT_COMPLETE_PAIRED_PARENTS,12,parent_after_mean_of_required_state_paired_differences,
2000,0,0,random_current_rank_control_20261005,PARTIAL,False,4,1,,,"[""2010""]",False,[],voxel,2,20261005,historically_exposed_feasibility; descriptive; not blind/generalization evidence,INSUFFICIENT_COMPLETE_PAIRED_PARENTS,68,parent_after_mean_of_required_state_paired_differences,
2000,0,0,random_current_rank_control_20261006,PARTIAL,False,4,1,,,"[""2010""]",False,[],voxel,2,20261005,historically_exposed_feasibility; descriptive; not blind/generalization evidence,INSUFFICIENT_COMPLETE_PAIRED_PARENTS,68,parent_after_mean_of_required_state_paired_differences,
2000,0,0,random_current_rank_control_20261007,PARTIAL,False,4,1,,,"[""2010""]",False,[],voxel,2,20261005,historically_exposed_feasibility; descriptive; not blind/generalization evidence,INSUFFICIENT_COMPLETE_PAIRED_PARENTS,68,parent_after_mean_of_required_state_paired_differences,
2000,0,0,receiver_SOM_rank_control,PARTIAL,False,4,1,,,"[""2010""]",False,[],voxel,2,20261005,historically_exposed_feasibility; descriptive; not blind/generalization evidence,INSUFFICIENT_COMPLETE_PAIRED_PARENTS,68,parent_after_mean_of_required_state_paired_differences,
2000,0,0,M_total4,PARTIAL,False,5,1,,,"[""2010""]",False,[],voxel,2,20261005,historically_exposed_feasibility; descriptive; not blind/generalization evidence,INSUFFICIENT_COMPLETE_PAIRED_PARENTS,4,parent_after_mean_of_required_state_paired_differences,
2000,0,0,OM_total4,PARTIAL,False,5,1,,,"[""2010""]",False,[],voxel,2,20261005,historically_exposed_feasibility; descriptive; not blind/generalization evidence,INSUFFICIENT_COMPLETE_PAIRED_PARENTS,4,parent_after_mean_of_required_state_paired_differences,
2000,0,0,OPM_total4,PARTIAL,False,5,1,,,"[""2010""]",False,[],voxel,2,20261005,historically_exposed_feasibility; descriptive; not blind/generalization evidence,INSUFFICIENT_COMPLETE_PAIRED_PARENTS,4,parent_after_mean_of_required_state_paired_differences,
2000,0,0,O_total4,PARTIAL,False,5,1,,,"[""2010""]",False,[],voxel,2,20261005,historically_exposed_feasibility; descriptive; not blind/generalization evidence,INSUFFICIENT_COMPLETE_PAIRED_PARENTS,4,parent_after_mean_of_required_state_paired_differences,
2000,0,0,P_total4,PARTIAL,False,5,1,,,"[""2010""]",False,[],voxel,2,20261005,historically_exposed_feasibility; descriptive; not blind/generalization evidence,INSUFFICIENT_COMPLETE_PAIRED_PARENTS,4,parent_after_mean_of_required_state_paired_differences,
2000,0,0,OPM_forward_total12,PARTIAL,False,5,1,,,"[""2010""]",False,[],voxel,2,20261005,historically_exposed_feasibility; descriptive; not blind/generalization evidence,INSUFFICIENT_COMPLETE_PAIRED_PARENTS,12,parent_after_mean_of_required_state_paired_differences,
2000,0,0,ordinary_right_block_Krylov12,PARTIAL,False,5,1,,,"[""2010""]",False,[],voxel,2,20261005,historically_exposed_feasibility; descriptive; not blind/generalization evidence,INSUFFICIENT_COMPLETE_PAIRED_PARENTS,12,parent_after_mean_of_required_state_paired_differences,
2000,0,0,random_current_rank_control_20261005,PARTIAL,False,5,1,,,"[""2010""]",False,[],voxel,2,20261005,historically_exposed_feasibility; descriptive; not blind/generalization evidence,INSUFFICIENT_COMPLETE_PAIRED_PARENTS,80,parent_after_mean_of_required_state_paired_differences,
2000,0,0,random_current_rank_control_20261006,PARTIAL,False,5,1,,,"[""2010""]",False,[],voxel,2,20261005,historically_exposed_feasibility; descriptive; not blind/generalization evidence,INSUFFICIENT_COMPLETE_PAIRED_PARENTS,80,parent_after_mean_of_required_state_paired_differences,
2000,0,0,random_current_rank_control_20261007,PARTIAL,False,5,1,,,"[""2010""]",False,[],voxel,2,20261005,historically_exposed_feasibility; descriptive; not blind/generalization evidence,INSUFFICIENT_COMPLETE_PAIRED_PARENTS,80,parent_after_mean_of_required_state_paired_differences,
2000,0,0,receiver_SOM_rank_control,PARTIAL,False,5,1,,,"[""2010""]",False,[],voxel,2,20261005,historically_exposed_feasibility; descriptive; not blind/generalization evidence,INSUFFICIENT_COMPLETE_PAIRED_PARENTS,80,parent_after_mean_of_required_state_paired_differences,
