degree,duplicate,failed,invalid,method,metric_valid,missing,missing_cell,observed_rows,oracle,parameterization,parent,state,zero_reference
0,0,0,0,M_total4,1,0,False,1,0,gaussian,2001,0,0
0,0,0,0,M_total4,1,0,False,1,0,gaussian,2001,17,0
0,0,0,0,M_total4,1,0,False,1,0,gaussian,2005,0,0
0,0,0,0,M_total4,1,0,False,1,0,gaussian,2005,17,0
0,0,0,0,M_total4,1,0,False,1,0,gaussian,2003,0,0
0,0,0,0,M_total4,1,0,False,1,0,gaussian,2003,17,0
0,0,0,0,M_total4,1,0,False,1,0,gaussian,2007,0,0
0,0,0,0,M_total4,1,0,False,1,0,gaussian,2007,17,0
0,0,0,0,M_total4,1,0,False,1,0,gaussian,2013,0,0
0,0,0,0,M_total4,1,0,False,1,0,gaussian,2013,17,0
1,0,0,0,M_total4,1,0,False,1,0,gaussian,2001,0,0
1,0,0,0,M_total4,1,0,False,1,0,gaussian,2001,17,0
1,0,0,0,M_total4,1,0,False,1,0,gaussian,2005,0,0
1,0,0,0,M_total4,1,0,False,1,0,gaussian,2005,17,0
1,0,0,0,M_total4,1,0,False,1,0,gaussian,2003,0,0
1,0,0,0,M_total4,1,0,False,1,0,gaussian,2003,17,0
1,0,0,0,M_total4,1,0,False,1,0,gaussian,2007,0,0
1,0,0,0,M_total4,1,0,False,1,0,gaussian,2007,17,0
1,0,0,0,M_total4,1,0,False,1,0,gaussian,2013,0,0
1,0,0,0,M_total4,1,0,False,1,0,gaussian,2013,17,0
2,0,0,0,M_total4,1,0,False,1,0,gaussian,2001,0,0
2,0,0,0,M_total4,1,0,False,1,0,gaussian,2001,17,0
2,0,0,0,M_total4,1,0,False,1,0,gaussian,2005,0,0
2,0,0,0,M_total4,1,0,False,1,0,gaussian,2005,17,0
2,0,0,0,M_total4,1,0,False,1,0,gaussian,2003,0,0
2,0,0,0,M_total4,1,0,False,1,0,gaussian,2003,17,0
2,0,0,0,M_total4,1,0,False,1,0,gaussian,2007,0,0
2,0,0,0,M_total4,1,0,False,1,0,gaussian,2007,17,0
2,0,0,0,M_total4,1,0,False,1,0,gaussian,2013,0,0
2,0,0,0,M_total4,1,0,False,1,0,gaussian,2013,17,0
3,0,0,0,M_total4,1,0,False,1,0,gaussian,2001,0,0
3,0,0,0,M_total4,1,0,False,1,0,gaussian,2001,17,0
3,0,0,0,M_total4,1,0,False,1,0,gaussian,2005,0,0
3,0,0,0,M_total4,1,0,False,1,0,gaussian,2005,17,0
3,0,0,0,M_total4,1,0,False,1,0,gaussian,2003,0,0
3,0,0,0,M_total4,1,0,False,1,0,gaussian,2003,17,0
3,0,0,0,M_total4,1,0,False,1,0,gaussian,2007,0,0
3,0,0,0,M_total4,1,0,False,1,0,gaussian,2007,17,0
3,0,0,0,M_total4,1,0,False,1,0,gaussian,2013,0,0
3,0,0,0,M_total4,1,0,False,1,0,gaussian,2013,17,0
4,0,0,0,M_total4,1,0,False,1,0,gaussian,2001,0,0
4,0,0,0,M_total4,1,0,False,1,0,gaussian,2001,17,0
4,0,0,0,M_total4,1,0,False,1,0,gaussian,2005,0,0
4,0,0,0,M_total4,1,0,False,1,0,gaussian,2005,17,0
4,0,0,0,M_total4,1,0,False,1,0,gaussian,2003,0,0
4,0,0,0,M_total4,1,0,False,1,0,gaussian,2003,17,0
4,0,0,0,M_total4,1,0,False,1,0,gaussian,2007,0,0
4,0,0,0,M_total4,1,0,False,1,0,gaussian,2007,17,0
4,0,0,0,M_total4,1,0,False,1,0,gaussian,2013,0,0
4,0,0,0,M_total4,1,0,False,1,0,gaussian,2013,17,0
5,0,0,0,M_total4,1,0,False,1,0,gaussian,2001,0,0
5,0,0,0,M_total4,1,0,False,1,0,gaussian,2001,17,0
5,0,0,0,M_total4,1,0,False,1,0,gaussian,2005,0,0
5,0,0,0,M_total4,1,0,False,1,0,gaussian,2005,17,0
5,0,0,0,M_total4,1,0,False,1,0,gaussian,2003,0,0
5,0,0,0,M_total4,1,0,False,1,0,gaussian,2003,17,0
5,0,0,0,M_total4,1,0,False,1,0,gaussian,2007,0,0
5,0,0,0,M_total4,1,0,False,1,0,gaussian,2007,17,0
5,0,0,0,M_total4,1,0,False,1,0,gaussian,2013,0,0
5,0,0,0,M_total4,1,0,False,1,0,gaussian,2013,17,0
0,0,0,0,OM_total4,1,0,False,1,0,gaussian,2001,0,0
0,0,0,0,OM_total4,1,0,False,1,0,gaussian,2001,17,0
0,0,0,0,OM_total4,1,0,False,1,0,gaussian,2005,0,0
0,0,0,0,OM_total4,1,0,False,1,0,gaussian,2005,17,0
0,0,0,0,OM_total4,1,0,False,1,0,gaussian,2003,0,0
0,0,0,0,OM_total4,1,0,False,1,0,gaussian,2003,17,0
0,0,0,0,OM_total4,1,0,False,1,0,gaussian,2007,0,0
0,0,0,0,OM_total4,1,0,False,1,0,gaussian,2007,17,0
0,0,0,0,OM_total4,1,0,False,1,0,gaussian,2013,0,0
0,0,0,0,OM_total4,1,0,False,1,0,gaussian,2013,17,0
1,0,0,0,OM_total4,1,0,False,1,0,gaussian,2001,0,0
1,0,0,0,OM_total4,1,0,False,1,0,gaussian,2001,17,0
1,0,0,0,OM_total4,1,0,False,1,0,gaussian,2005,0,0
1,0,0,0,OM_total4,1,0,False,1,0,gaussian,2005,17,0
1,0,0,0,OM_total4,1,0,False,1,0,gaussian,2003,0,0
1,0,0,0,OM_total4,1,0,False,1,0,gaussian,2003,17,0
1,0,0,0,OM_total4,1,0,False,1,0,gaussian,2007,0,0
1,0,0,0,OM_total4,1,0,False,1,0,gaussian,2007,17,0
1,0,0,0,OM_total4,1,0,False,1,0,gaussian,2013,0,0
1,0,0,0,OM_total4,1,0,False,1,0,gaussian,2013,17,0
2,0,0,0,OM_total4,1,0,False,1,0,gaussian,2001,0,0
2,0,0,0,OM_total4,1,0,False,1,0,gaussian,2001,17,0
2,0,0,0,OM_total4,1,0,False,1,0,gaussian,2005,0,0
2,0,0,0,OM_total4,1,0,False,1,0,gaussian,2005,17,0
2,0,0,0,OM_total4,1,0,False,1,0,gaussian,2003,0,0
2,0,0,0,OM_total4,1,0,False,1,0,gaussian,2003,17,0
2,0,0,0,OM_total4,1,0,False,1,0,gaussian,2007,0,0
2,0,0,0,OM_total4,1,0,False,1,0,gaussian,2007,17,0
2,0,0,0,OM_total4,1,0,False,1,0,gaussian,2013,0,0
2,0,0,0,OM_total4,1,0,False,1,0,gaussian,2013,17,0
3,0,0,0,OM_total4,1,0,False,1,0,gaussian,2001,0,0
3,0,0,0,OM_total4,1,0,False,1,0,gaussian,2001,17,0
3,0,0,0,OM_total4,1,0,False,1,0,gaussian,2005,0,0
3,0,0,0,OM_total4,1,0,False,1,0,gaussian,2005,17,0
3,0,0,0,OM_total4,1,0,False,1,0,gaussian,2003,0,0
3,0,0,0,OM_total4,1,0,False,1,0,gaussian,2003,17,0
3,0,0,0,OM_total4,1,0,False,1,0,gaussian,2007,0,0
3,0,0,0,OM_total4,1,0,False,1,0,gaussian,2007,17,0
3,0,0,0,OM_total4,1,0,False,1,0,gaussian,2013,0,0
3,0,0,0,OM_total4,1,0,False,1,0,gaussian,2013,17,0
4,0,0,0,OM_total4,1,0,False,1,0,gaussian,2001,0,0
4,0,0,0,OM_total4,1,0,False,1,0,gaussian,2001,17,0
4,0,0,0,OM_total4,1,0,False,1,0,gaussian,2005,0,0
4,0,0,0,OM_total4,1,0,False,1,0,gaussian,2005,17,0
4,0,0,0,OM_total4,1,0,False,1,0,gaussian,2003,0,0
4,0,0,0,OM_total4,1,0,False,1,0,gaussian,2003,17,0
4,0,0,0,OM_total4,1,0,False,1,0,gaussian,2007,0,0
4,0,0,0,OM_total4,1,0,False,1,0,gaussian,2007,17,0
4,0,0,0,OM_total4,1,0,False,1,0,gaussian,2013,0,0
4,0,0,0,OM_total4,1,0,False,1,0,gaussian,2013,17,0
5,0,0,0,OM_total4,1,0,False,1,0,gaussian,2001,0,0
5,0,0,0,OM_total4,1,0,False,1,0,gaussian,2001,17,0
5,0,0,0,OM_total4,1,0,False,1,0,gaussian,2005,0,0
5,0,0,0,OM_total4,1,0,False,1,0,gaussian,2005,17,0
5,0,0,0,OM_total4,1,0,False,1,0,gaussian,2003,0,0
5,0,0,0,OM_total4,1,0,False,1,0,gaussian,2003,17,0
5,0,0,0,OM_total4,1,0,False,1,0,gaussian,2007,0,0
5,0,0,0,OM_total4,1,0,False,1,0,gaussian,2007,17,0
5,0,0,0,OM_total4,1,0,False,1,0,gaussian,2013,0,0
5,0,0,0,OM_total4,1,0,False,1,0,gaussian,2013,17,0
0,0,0,0,OPM_forward_total12,1,0,False,1,0,gaussian,2001,0,0
0,0,0,0,OPM_forward_total12,1,0,False,1,0,gaussian,2001,17,0
0,0,0,0,OPM_forward_total12,1,0,False,1,0,gaussian,2005,0,0
0,0,0,0,OPM_forward_total12,1,0,False,1,0,gaussian,2005,17,0
0,0,0,0,OPM_forward_total12,1,0,False,1,0,gaussian,2003,0,0
0,0,0,0,OPM_forward_total12,1,0,False,1,0,gaussian,2003,17,0
0,0,0,0,OPM_forward_total12,1,0,False,1,0,gaussian,2007,0,0
0,0,0,0,OPM_forward_total12,1,0,False,1,0,gaussian,2007,17,0
0,0,0,0,OPM_forward_total12,1,0,False,1,0,gaussian,2013,0,0
0,0,0,0,OPM_forward_total12,1,0,False,1,0,gaussian,2013,17,0
1,0,0,0,OPM_forward_total12,1,0,False,1,0,gaussian,2001,0,0
1,0,0,0,OPM_forward_total12,1,0,False,1,0,gaussian,2001,17,0
1,0,0,0,OPM_forward_total12,1,0,False,1,0,gaussian,2005,0,0
1,0,0,0,OPM_forward_total12,1,0,False,1,0,gaussian,2005,17,0
1,0,0,0,OPM_forward_total12,1,0,False,1,0,gaussian,2003,0,0
1,0,0,0,OPM_forward_total12,1,0,False,1,0,gaussian,2003,17,0
1,0,0,0,OPM_forward_total12,1,0,False,1,0,gaussian,2007,0,0
1,0,0,0,OPM_forward_total12,1,0,False,1,0,gaussian,2007,17,0
1,0,0,0,OPM_forward_total12,1,0,False,1,0,gaussian,2013,0,0
1,0,0,0,OPM_forward_total12,1,0,False,1,0,gaussian,2013,17,0
2,0,0,0,OPM_forward_total12,1,0,False,1,0,gaussian,2001,0,0
2,0,0,0,OPM_forward_total12,1,0,False,1,0,gaussian,2001,17,0
2,0,0,0,OPM_forward_total12,1,0,False,1,0,gaussian,2005,0,0
2,0,0,0,OPM_forward_total12,1,0,False,1,0,gaussian,2005,17,0
2,0,0,0,OPM_forward_total12,1,0,False,1,0,gaussian,2003,0,0
2,0,0,0,OPM_forward_total12,1,0,False,1,0,gaussian,2003,17,0
2,0,0,0,OPM_forward_total12,1,0,False,1,0,gaussian,2007,0,0
2,0,0,0,OPM_forward_total12,1,0,False,1,0,gaussian,2007,17,0
2,0,0,0,OPM_forward_total12,1,0,False,1,0,gaussian,2013,0,0
2,0,0,0,OPM_forward_total12,1,0,False,1,0,gaussian,2013,17,0
3,0,0,0,OPM_forward_total12,1,0,False,1,0,gaussian,2001,0,0
3,0,0,0,OPM_forward_total12,1,0,False,1,0,gaussian,2001,17,0
3,0,0,0,OPM_forward_total12,1,0,False,1,0,gaussian,2005,0,0
3,0,0,0,OPM_forward_total12,1,0,False,1,0,gaussian,2005,17,0
3,0,0,0,OPM_forward_total12,1,0,False,1,0,gaussian,2003,0,0
3,0,0,0,OPM_forward_total12,1,0,False,1,0,gaussian,2003,17,0
3,0,0,0,OPM_forward_total12,1,0,False,1,0,gaussian,2007,0,0
3,0,0,0,OPM_forward_total12,1,0,False,1,0,gaussian,2007,17,0
3,0,0,0,OPM_forward_total12,1,0,False,1,0,gaussian,2013,0,0
3,0,0,0,OPM_forward_total12,1,0,False,1,0,gaussian,2013,17,0
4,0,0,0,OPM_forward_total12,1,0,False,1,0,gaussian,2001,0,0
4,0,0,0,OPM_forward_total12,1,0,False,1,0,gaussian,2001,17,0
4,0,0,0,OPM_forward_total12,1,0,False,1,0,gaussian,2005,0,0
4,0,0,0,OPM_forward_total12,1,0,False,1,0,gaussian,2005,17,0
4,0,0,0,OPM_forward_total12,1,0,False,1,0,gaussian,2003,0,0
4,0,0,0,OPM_forward_total12,1,0,False,1,0,gaussian,2003,17,0
4,0,0,0,OPM_forward_total12,1,0,False,1,0,gaussian,2007,0,0
4,0,0,0,OPM_forward_total12,1,0,False,1,0,gaussian,2007,17,0
4,0,0,0,OPM_forward_total12,1,0,False,1,0,gaussian,2013,0,0
4,0,0,0,OPM_forward_total12,1,0,False,1,0,gaussian,2013,17,0
5,0,0,0,OPM_forward_total12,1,0,False,1,0,gaussian,2001,0,0
5,0,0,0,OPM_forward_total12,1,0,False,1,0,gaussian,2001,17,0
5,0,0,0,OPM_forward_total12,1,0,False,1,0,gaussian,2005,0,0
5,0,0,0,OPM_forward_total12,1,0,False,1,0,gaussian,2005,17,0
5,0,0,0,OPM_forward_total12,1,0,False,1,0,gaussian,2003,0,0
5,0,0,0,OPM_forward_total12,1,0,False,1,0,gaussian,2003,17,0
5,0,0,0,OPM_forward_total12,1,0,False,1,0,gaussian,2007,0,0
5,0,0,0,OPM_forward_total12,1,0,False,1,0,gaussian,2007,17,0
5,0,0,0,OPM_forward_total12,1,0,False,1,0,gaussian,2013,0,0
5,0,0,0,OPM_forward_total12,1,0,False,1,0,gaussian,2013,17,0
0,0,0,0,OPM_total4,1,0,False,1,0,gaussian,2001,0,0
0,0,0,0,OPM_total4,1,0,False,1,0,gaussian,2001,17,0
0,0,0,0,OPM_total4,1,0,False,1,0,gaussian,2005,0,0
0,0,0,0,OPM_total4,1,0,False,1,0,gaussian,2005,17,0
0,0,0,0,OPM_total4,1,0,False,1,0,gaussian,2003,0,0
0,0,0,0,OPM_total4,1,0,False,1,0,gaussian,2003,17,0
0,0,0,0,OPM_total4,1,0,False,1,0,gaussian,2007,0,0
0,0,0,0,OPM_total4,1,0,False,1,0,gaussian,2007,17,0
0,0,0,0,OPM_total4,1,0,False,1,0,gaussian,2013,0,0
0,0,0,0,OPM_total4,1,0,False,1,0,gaussian,2013,17,0
1,0,0,0,OPM_total4,1,0,False,1,0,gaussian,2001,0,0
1,0,0,0,OPM_total4,1,0,False,1,0,gaussian,2001,17,0
1,0,0,0,OPM_total4,1,0,False,1,0,gaussian,2005,0,0
1,0,0,0,OPM_total4,1,0,False,1,0,gaussian,2005,17,0
1,0,0,0,OPM_total4,1,0,False,1,0,gaussian,2003,0,0
1,0,0,0,OPM_total4,1,0,False,1,0,gaussian,2003,17,0
1,0,0,0,OPM_total4,1,0,False,1,0,gaussian,2007,0,0
1,0,0,0,OPM_total4,1,0,False,1,0,gaussian,2007,17,0
1,0,0,0,OPM_total4,1,0,False,1,0,gaussian,2013,0,0
1,0,0,0,OPM_total4,1,0,False,1,0,gaussian,2013,17,0
2,0,0,0,OPM_total4,1,0,False,1,0,gaussian,2001,0,0
2,0,0,0,OPM_total4,1,0,False,1,0,gaussian,2001,17,0
2,0,0,0,OPM_total4,1,0,False,1,0,gaussian,2005,0,0
2,0,0,0,OPM_total4,1,0,False,1,0,gaussian,2005,17,0
2,0,0,0,OPM_total4,1,0,False,1,0,gaussian,2003,0,0
2,0,0,0,OPM_total4,1,0,False,1,0,gaussian,2003,17,0
2,0,0,0,OPM_total4,1,0,False,1,0,gaussian,2007,0,0
2,0,0,0,OPM_total4,1,0,False,1,0,gaussian,2007,17,0
2,0,0,0,OPM_total4,1,0,False,1,0,gaussian,2013,0,0
2,0,0,0,OPM_total4,1,0,False,1,0,gaussian,2013,17,0
3,0,0,0,OPM_total4,1,0,False,1,0,gaussian,2001,0,0
3,0,0,0,OPM_total4,1,0,False,1,0,gaussian,2001,17,0
3,0,0,0,OPM_total4,1,0,False,1,0,gaussian,2005,0,0
3,0,0,0,OPM_total4,1,0,False,1,0,gaussian,2005,17,0
3,0,0,0,OPM_total4,1,0,False,1,0,gaussian,2003,0,0
3,0,0,0,OPM_total4,1,0,False,1,0,gaussian,2003,17,0
3,0,0,0,OPM_total4,1,0,False,1,0,gaussian,2007,0,0
3,0,0,0,OPM_total4,1,0,False,1,0,gaussian,2007,17,0
3,0,0,0,OPM_total4,1,0,False,1,0,gaussian,2013,0,0
3,0,0,0,OPM_total4,1,0,False,1,0,gaussian,2013,17,0
4,0,0,0,OPM_total4,1,0,False,1,0,gaussian,2001,0,0
4,0,0,0,OPM_total4,1,0,False,1,0,gaussian,2001,17,0
4,0,0,0,OPM_total4,1,0,False,1,0,gaussian,2005,0,0
4,0,0,0,OPM_total4,1,0,False,1,0,gaussian,2005,17,0
4,0,0,0,OPM_total4,1,0,False,1,0,gaussian,2003,0,0
4,0,0,0,OPM_total4,1,0,False,1,0,gaussian,2003,17,0
4,0,0,0,OPM_total4,1,0,False,1,0,gaussian,2007,0,0
4,0,0,0,OPM_total4,1,0,False,1,0,gaussian,2007,17,0
4,0,0,0,OPM_total4,1,0,False,1,0,gaussian,2013,0,0
4,0,0,0,OPM_total4,1,0,False,1,0,gaussian,2013,17,0
5,0,0,0,OPM_total4,1,0,False,1,0,gaussian,2001,0,0
5,0,0,0,OPM_total4,1,0,False,1,0,gaussian,2001,17,0
5,0,0,0,OPM_total4,1,0,False,1,0,gaussian,2005,0,0
5,0,0,0,OPM_total4,1,0,False,1,0,gaussian,2005,17,0
5,0,0,0,OPM_total4,1,0,False,1,0,gaussian,2003,0,0
5,0,0,0,OPM_total4,1,0,False,1,0,gaussian,2003,17,0
5,0,0,0,OPM_total4,1,0,False,1,0,gaussian,2007,0,0
5,0,0,0,OPM_total4,1,0,False,1,0,gaussian,2007,17,0
5,0,0,0,OPM_total4,1,0,False,1,0,gaussian,2013,0,0
5,0,0,0,OPM_total4,1,0,False,1,0,gaussian,2013,17,0
0,0,0,0,O_total4,1,0,False,1,0,gaussian,2001,0,0
0,0,0,0,O_total4,1,0,False,1,0,gaussian,2001,17,0
0,0,0,0,O_total4,1,0,False,1,0,gaussian,2005,0,0
0,0,0,0,O_total4,1,0,False,1,0,gaussian,2005,17,0
0,0,0,0,O_total4,1,0,False,1,0,gaussian,2003,0,0
0,0,0,0,O_total4,1,0,False,1,0,gaussian,2003,17,0
0,0,0,0,O_total4,1,0,False,1,0,gaussian,2007,0,0
0,0,0,0,O_total4,1,0,False,1,0,gaussian,2007,17,0
0,0,0,0,O_total4,1,0,False,1,0,gaussian,2013,0,0
0,0,0,0,O_total4,1,0,False,1,0,gaussian,2013,17,0
1,0,0,0,O_total4,1,0,False,1,0,gaussian,2001,0,0
1,0,0,0,O_total4,1,0,False,1,0,gaussian,2001,17,0
1,0,0,0,O_total4,1,0,False,1,0,gaussian,2005,0,0
1,0,0,0,O_total4,1,0,False,1,0,gaussian,2005,17,0
1,0,0,0,O_total4,1,0,False,1,0,gaussian,2003,0,0
1,0,0,0,O_total4,1,0,False,1,0,gaussian,2003,17,0
1,0,0,0,O_total4,1,0,False,1,0,gaussian,2007,0,0
1,0,0,0,O_total4,1,0,False,1,0,gaussian,2007,17,0
1,0,0,0,O_total4,1,0,False,1,0,gaussian,2013,0,0
1,0,0,0,O_total4,1,0,False,1,0,gaussian,2013,17,0
2,0,0,0,O_total4,1,0,False,1,0,gaussian,2001,0,0
2,0,0,0,O_total4,1,0,False,1,0,gaussian,2001,17,0
2,0,0,0,O_total4,1,0,False,1,0,gaussian,2005,0,0
2,0,0,0,O_total4,1,0,False,1,0,gaussian,2005,17,0
2,0,0,0,O_total4,1,0,False,1,0,gaussian,2003,0,0
2,0,0,0,O_total4,1,0,False,1,0,gaussian,2003,17,0
2,0,0,0,O_total4,1,0,False,1,0,gaussian,2007,0,0
2,0,0,0,O_total4,1,0,False,1,0,gaussian,2007,17,0
2,0,0,0,O_total4,1,0,False,1,0,gaussian,2013,0,0
2,0,0,0,O_total4,1,0,False,1,0,gaussian,2013,17,0
3,0,0,0,O_total4,1,0,False,1,0,gaussian,2001,0,0
3,0,0,0,O_total4,1,0,False,1,0,gaussian,2001,17,0
3,0,0,0,O_total4,1,0,False,1,0,gaussian,2005,0,0
3,0,0,0,O_total4,1,0,False,1,0,gaussian,2005,17,0
3,0,0,0,O_total4,1,0,False,1,0,gaussian,2003,0,0
3,0,0,0,O_total4,1,0,False,1,0,gaussian,2003,17,0
3,0,0,0,O_total4,1,0,False,1,0,gaussian,2007,0,0
3,0,0,0,O_total4,1,0,False,1,0,gaussian,2007,17,0
3,0,0,0,O_total4,1,0,False,1,0,gaussian,2013,0,0
3,0,0,0,O_total4,1,0,False,1,0,gaussian,2013,17,0
4,0,0,0,O_total4,1,0,False,1,0,gaussian,2001,0,0
4,0,0,0,O_total4,1,0,False,1,0,gaussian,2001,17,0
4,0,0,0,O_total4,1,0,False,1,0,gaussian,2005,0,0
4,0,0,0,O_total4,1,0,False,1,0,gaussian,2005,17,0
4,0,0,0,O_total4,1,0,False,1,0,gaussian,2003,0,0
4,0,0,0,O_total4,1,0,False,1,0,gaussian,2003,17,0
4,0,0,0,O_total4,1,0,False,1,0,gaussian,2007,0,0
4,0,0,0,O_total4,1,0,False,1,0,gaussian,2007,17,0
4,0,0,0,O_total4,1,0,False,1,0,gaussian,2013,0,0
4,0,0,0,O_total4,1,0,False,1,0,gaussian,2013,17,0
5,0,0,0,O_total4,1,0,False,1,0,gaussian,2001,0,0
5,0,0,0,O_total4,1,0,False,1,0,gaussian,2001,17,0
5,0,0,0,O_total4,1,0,False,1,0,gaussian,2005,0,0
5,0,0,0,O_total4,1,0,False,1,0,gaussian,2005,17,0
5,0,0,0,O_total4,1,0,False,1,0,gaussian,2003,0,0
5,0,0,0,O_total4,1,0,False,1,0,gaussian,2003,17,0
5,0,0,0,O_total4,1,0,False,1,0,gaussian,2007,0,0
5,0,0,0,O_total4,1,0,False,1,0,gaussian,2007,17,0
5,0,0,0,O_total4,1,0,False,1,0,gaussian,2013,0,0
5,0,0,0,O_total4,1,0,False,1,0,gaussian,2013,17,0
0,0,0,0,P_total4,1,0,False,1,0,gaussian,2001,0,0
0,0,0,0,P_total4,1,0,False,1,0,gaussian,2001,17,0
0,0,0,0,P_total4,1,0,False,1,0,gaussian,2005,0,0
0,0,0,0,P_total4,1,0,False,1,0,gaussian,2005,17,0
0,0,0,0,P_total4,1,0,False,1,0,gaussian,2003,0,0
0,0,0,0,P_total4,1,0,False,1,0,gaussian,2003,17,0
0,0,0,0,P_total4,1,0,False,1,0,gaussian,2007,0,0
0,0,0,0,P_total4,1,0,False,1,0,gaussian,2007,17,0
0,0,0,0,P_total4,1,0,False,1,0,gaussian,2013,0,0
0,0,0,0,P_total4,1,0,False,1,0,gaussian,2013,17,0
1,0,0,0,P_total4,1,0,False,1,0,gaussian,2001,0,0
1,0,0,0,P_total4,1,0,False,1,0,gaussian,2001,17,0
1,0,0,0,P_total4,1,0,False,1,0,gaussian,2005,0,0
1,0,0,0,P_total4,1,0,False,1,0,gaussian,2005,17,0
1,0,0,0,P_total4,1,0,False,1,0,gaussian,2003,0,0
1,0,0,0,P_total4,1,0,False,1,0,gaussian,2003,17,0
1,0,0,0,P_total4,1,0,False,1,0,gaussian,2007,0,0
1,0,0,0,P_total4,1,0,False,1,0,gaussian,2007,17,0
1,0,0,0,P_total4,1,0,False,1,0,gaussian,2013,0,0
1,0,0,0,P_total4,1,0,False,1,0,gaussian,2013,17,0
2,0,0,0,P_total4,1,0,False,1,0,gaussian,2001,0,0
2,0,0,0,P_total4,1,0,False,1,0,gaussian,2001,17,0
2,0,0,0,P_total4,1,0,False,1,0,gaussian,2005,0,0
2,0,0,0,P_total4,1,0,False,1,0,gaussian,2005,17,0
2,0,0,0,P_total4,1,0,False,1,0,gaussian,2003,0,0
2,0,0,0,P_total4,1,0,False,1,0,gaussian,2003,17,0
2,0,0,0,P_total4,1,0,False,1,0,gaussian,2007,0,0
2,0,0,0,P_total4,1,0,False,1,0,gaussian,2007,17,0
2,0,0,0,P_total4,1,0,False,1,0,gaussian,2013,0,0
2,0,0,0,P_total4,1,0,False,1,0,gaussian,2013,17,0
3,0,0,0,P_total4,1,0,False,1,0,gaussian,2001,0,0
3,0,0,0,P_total4,1,0,False,1,0,gaussian,2001,17,0
3,0,0,0,P_total4,1,0,False,1,0,gaussian,2005,0,0
3,0,0,0,P_total4,1,0,False,1,0,gaussian,2005,17,0
3,0,0,0,P_total4,1,0,False,1,0,gaussian,2003,0,0
3,0,0,0,P_total4,1,0,False,1,0,gaussian,2003,17,0
3,0,0,0,P_total4,1,0,False,1,0,gaussian,2007,0,0
3,0,0,0,P_total4,1,0,False,1,0,gaussian,2007,17,0
3,0,0,0,P_total4,1,0,False,1,0,gaussian,2013,0,0
3,0,0,0,P_total4,1,0,False,1,0,gaussian,2013,17,0
4,0,0,0,P_total4,1,0,False,1,0,gaussian,2001,0,0
4,0,0,0,P_total4,1,0,False,1,0,gaussian,2001,17,0
4,0,0,0,P_total4,1,0,False,1,0,gaussian,2005,0,0
4,0,0,0,P_total4,1,0,False,1,0,gaussian,2005,17,0
4,0,0,0,P_total4,1,0,False,1,0,gaussian,2003,0,0
4,0,0,0,P_total4,1,0,False,1,0,gaussian,2003,17,0
4,0,0,0,P_total4,1,0,False,1,0,gaussian,2007,0,0
4,0,0,0,P_total4,1,0,False,1,0,gaussian,2007,17,0
4,0,0,0,P_total4,1,0,False,1,0,gaussian,2013,0,0
4,0,0,0,P_total4,1,0,False,1,0,gaussian,2013,17,0
5,0,0,0,P_total4,1,0,False,1,0,gaussian,2001,0,0
5,0,0,0,P_total4,1,0,False,1,0,gaussian,2001,17,0
5,0,0,0,P_total4,1,0,False,1,0,gaussian,2005,0,0
5,0,0,0,P_total4,1,0,False,1,0,gaussian,2005,17,0
5,0,0,0,P_total4,1,0,False,1,0,gaussian,2003,0,0
5,0,0,0,P_total4,1,0,False,1,0,gaussian,2003,17,0
5,0,0,0,P_total4,1,0,False,1,0,gaussian,2007,0,0
5,0,0,0,P_total4,1,0,False,1,0,gaussian,2007,17,0
5,0,0,0,P_total4,1,0,False,1,0,gaussian,2013,0,0
5,0,0,0,P_total4,1,0,False,1,0,gaussian,2013,17,0
0,0,0,0,current_POD,0,0,True,0,0,gaussian,2001,0,0
0,0,0,0,current_POD,0,0,True,0,0,gaussian,2001,17,0
0,0,0,0,current_POD,0,0,True,0,0,gaussian,2005,0,0
0,0,0,0,current_POD,0,0,True,0,0,gaussian,2005,17,0
0,0,0,0,current_POD,0,0,True,0,0,gaussian,2003,0,0
0,0,0,0,current_POD,0,0,True,0,0,gaussian,2003,17,0
0,0,0,0,current_POD,0,0,True,0,0,gaussian,2007,0,0
0,0,0,0,current_POD,0,0,True,0,0,gaussian,2007,17,0
0,0,0,0,current_POD,0,0,True,0,0,gaussian,2013,0,0
0,0,0,0,current_POD,0,0,True,0,0,gaussian,2013,17,0
1,0,0,0,current_POD,0,0,True,0,0,gaussian,2001,0,0
1,0,0,0,current_POD,0,0,True,0,0,gaussian,2001,17,0
1,0,0,0,current_POD,0,0,True,0,0,gaussian,2005,0,0
1,0,0,0,current_POD,0,0,True,0,0,gaussian,2005,17,0
1,0,0,0,current_POD,0,0,True,0,0,gaussian,2003,0,0
1,0,0,0,current_POD,0,0,True,0,0,gaussian,2003,17,0
1,0,0,0,current_POD,0,0,True,0,0,gaussian,2007,0,0
1,0,0,0,current_POD,0,0,True,0,0,gaussian,2007,17,0
1,0,0,0,current_POD,0,0,True,0,0,gaussian,2013,0,0
1,0,0,0,current_POD,0,0,True,0,0,gaussian,2013,17,0
2,0,0,0,current_POD,0,0,True,0,0,gaussian,2001,0,0
2,0,0,0,current_POD,0,0,True,0,0,gaussian,2001,17,0
2,0,0,0,current_POD,0,0,True,0,0,gaussian,2005,0,0
2,0,0,0,current_POD,0,0,True,0,0,gaussian,2005,17,0
2,0,0,0,current_POD,0,0,True,0,0,gaussian,2003,0,0
2,0,0,0,current_POD,0,0,True,0,0,gaussian,2003,17,0
2,0,0,0,current_POD,0,0,True,0,0,gaussian,2007,0,0
2,0,0,0,current_POD,0,0,True,0,0,gaussian,2007,17,0
2,0,0,0,current_POD,0,0,True,0,0,gaussian,2013,0,0
2,0,0,0,current_POD,0,0,True,0,0,gaussian,2013,17,0
3,0,0,0,current_POD,0,0,True,0,0,gaussian,2001,0,0
3,0,0,0,current_POD,0,0,True,0,0,gaussian,2001,17,0
3,0,0,0,current_POD,0,0,True,0,0,gaussian,2005,0,0
3,0,0,0,current_POD,0,0,True,0,0,gaussian,2005,17,0
3,0,0,0,current_POD,0,0,True,0,0,gaussian,2003,0,0
3,0,0,0,current_POD,0,0,True,0,0,gaussian,2003,17,0
3,0,0,0,current_POD,0,0,True,0,0,gaussian,2007,0,0
3,0,0,0,current_POD,0,0,True,0,0,gaussian,2007,17,0
3,0,0,0,current_POD,0,0,True,0,0,gaussian,2013,0,0
3,0,0,0,current_POD,0,0,True,0,0,gaussian,2013,17,0
4,0,0,0,current_POD,0,0,True,0,0,gaussian,2001,0,0
4,0,0,0,current_POD,0,0,True,0,0,gaussian,2001,17,0
4,0,0,0,current_POD,0,0,True,0,0,gaussian,2005,0,0
4,0,0,0,current_POD,0,0,True,0,0,gaussian,2005,17,0
4,0,0,0,current_POD,0,0,True,0,0,gaussian,2003,0,0
4,0,0,0,current_POD,0,0,True,0,0,gaussian,2003,17,0
4,0,0,0,current_POD,0,0,True,0,0,gaussian,2007,0,0
4,0,0,0,current_POD,0,0,True,0,0,gaussian,2007,17,0
4,0,0,0,current_POD,0,0,True,0,0,gaussian,2013,0,0
4,0,0,0,current_POD,0,0,True,0,0,gaussian,2013,17,0
5,0,0,0,current_POD,0,0,True,0,0,gaussian,2001,0,0
5,0,0,0,current_POD,0,0,True,0,0,gaussian,2001,17,0
5,0,0,0,current_POD,0,0,True,0,0,gaussian,2005,0,0
5,0,0,0,current_POD,0,0,True,0,0,gaussian,2005,17,0
5,0,0,0,current_POD,0,0,True,0,0,gaussian,2003,0,0
5,0,0,0,current_POD,0,0,True,0,0,gaussian,2003,17,0
5,0,0,0,current_POD,0,0,True,0,0,gaussian,2007,0,0
5,0,0,0,current_POD,0,0,True,0,0,gaussian,2007,17,0
5,0,0,0,current_POD,0,0,True,0,0,gaussian,2013,0,0
5,0,0,0,current_POD,0,0,True,0,0,gaussian,2013,17,0
0,0,0,0,mixed,1,0,False,1,0,gaussian,2001,0,0
0,0,0,0,mixed,1,0,False,1,0,gaussian,2001,17,0
0,0,0,0,mixed,1,0,False,1,0,gaussian,2005,0,0
0,0,0,0,mixed,1,0,False,1,0,gaussian,2005,17,0
0,0,0,0,mixed,1,0,False,1,0,gaussian,2003,0,0
0,0,0,0,mixed,1,0,False,1,0,gaussian,2003,17,0
0,0,0,0,mixed,1,0,False,1,0,gaussian,2007,0,0
0,0,0,0,mixed,1,0,False,1,0,gaussian,2007,17,0
0,0,0,0,mixed,1,0,False,1,0,gaussian,2013,0,0
0,0,0,0,mixed,1,0,False,1,0,gaussian,2013,17,0
1,0,0,0,mixed,1,0,False,1,0,gaussian,2001,0,0
1,0,0,0,mixed,1,0,False,1,0,gaussian,2001,17,0
1,0,0,0,mixed,1,0,False,1,0,gaussian,2005,0,0
1,0,0,0,mixed,1,0,False,1,0,gaussian,2005,17,0
1,0,0,0,mixed,1,0,False,1,0,gaussian,2003,0,0
1,0,0,0,mixed,1,0,False,1,0,gaussian,2003,17,0
1,0,0,0,mixed,1,0,False,1,0,gaussian,2007,0,0
1,0,0,0,mixed,1,0,False,1,0,gaussian,2007,17,0
1,0,0,0,mixed,1,0,False,1,0,gaussian,2013,0,0
1,0,0,0,mixed,1,0,False,1,0,gaussian,2013,17,0
2,0,0,0,mixed,1,0,False,1,0,gaussian,2001,0,0
2,0,0,0,mixed,1,0,False,1,0,gaussian,2001,17,0
2,0,0,0,mixed,1,0,False,1,0,gaussian,2005,0,0
2,0,0,0,mixed,1,0,False,1,0,gaussian,2005,17,0
2,0,0,0,mixed,1,0,False,1,0,gaussian,2003,0,0
2,0,0,0,mixed,1,0,False,1,0,gaussian,2003,17,0
2,0,0,0,mixed,1,0,False,1,0,gaussian,2007,0,0
2,0,0,0,mixed,1,0,False,1,0,gaussian,2007,17,0
2,0,0,0,mixed,1,0,False,1,0,gaussian,2013,0,0
2,0,0,0,mixed,1,0,False,1,0,gaussian,2013,17,0
3,0,0,0,mixed,1,0,False,1,0,gaussian,2001,0,0
3,0,0,0,mixed,1,0,False,1,0,gaussian,2001,17,0
3,0,0,0,mixed,1,0,False,1,0,gaussian,2005,0,0
3,0,0,0,mixed,1,0,False,1,0,gaussian,2005,17,0
3,0,0,0,mixed,1,0,False,1,0,gaussian,2003,0,0
3,0,0,0,mixed,1,0,False,1,0,gaussian,2003,17,0
3,0,0,0,mixed,1,0,False,1,0,gaussian,2007,0,0
3,0,0,0,mixed,1,0,False,1,0,gaussian,2007,17,0
3,0,0,0,mixed,1,0,False,1,0,gaussian,2013,0,0
3,0,0,0,mixed,1,0,False,1,0,gaussian,2013,17,0
4,0,0,0,mixed,1,0,False,1,0,gaussian,2001,0,0
4,0,0,0,mixed,1,0,False,1,0,gaussian,2001,17,0
4,0,0,0,mixed,1,0,False,1,0,gaussian,2005,0,0
4,0,0,0,mixed,1,0,False,1,0,gaussian,2005,17,0
4,0,0,0,mixed,1,0,False,1,0,gaussian,2003,0,0
4,0,0,0,mixed,1,0,False,1,0,gaussian,2003,17,0
4,0,0,0,mixed,1,0,False,1,0,gaussian,2007,0,0
4,0,0,0,mixed,1,0,False,1,0,gaussian,2007,17,0
4,0,0,0,mixed,1,0,False,1,0,gaussian,2013,0,0
4,0,0,0,mixed,1,0,False,1,0,gaussian,2013,17,0
5,0,0,0,mixed,1,0,False,1,0,gaussian,2001,0,0
5,0,0,0,mixed,1,0,False,1,0,gaussian,2001,17,0
5,0,0,0,mixed,1,0,False,1,0,gaussian,2005,0,0
5,0,0,0,mixed,1,0,False,1,0,gaussian,2005,17,0
5,0,0,0,mixed,1,0,False,1,0,gaussian,2003,0,0
5,0,0,0,mixed,1,0,False,1,0,gaussian,2003,17,0
5,0,0,0,mixed,1,0,False,1,0,gaussian,2007,0,0
5,0,0,0,mixed,1,0,False,1,0,gaussian,2007,17,0
5,0,0,0,mixed,1,0,False,1,0,gaussian,2013,0,0
5,0,0,0,mixed,1,0,False,1,0,gaussian,2013,17,0
0,0,0,0,ordinary_right_block_Krylov12,1,0,False,1,0,gaussian,2001,0,0
0,0,0,0,ordinary_right_block_Krylov12,1,0,False,1,0,gaussian,2001,17,0
0,0,0,0,ordinary_right_block_Krylov12,1,0,False,1,0,gaussian,2005,0,0
0,0,0,0,ordinary_right_block_Krylov12,1,0,False,1,0,gaussian,2005,17,0
0,0,0,0,ordinary_right_block_Krylov12,1,0,False,1,0,gaussian,2003,0,0
0,0,0,0,ordinary_right_block_Krylov12,1,0,False,1,0,gaussian,2003,17,0
0,0,0,0,ordinary_right_block_Krylov12,1,0,False,1,0,gaussian,2007,0,0
0,0,0,0,ordinary_right_block_Krylov12,1,0,False,1,0,gaussian,2007,17,0
0,0,0,0,ordinary_right_block_Krylov12,1,0,False,1,0,gaussian,2013,0,0
0,0,0,0,ordinary_right_block_Krylov12,1,0,False,1,0,gaussian,2013,17,0
1,0,0,0,ordinary_right_block_Krylov12,1,0,False,1,0,gaussian,2001,0,0
1,0,0,0,ordinary_right_block_Krylov12,1,0,False,1,0,gaussian,2001,17,0
1,0,0,0,ordinary_right_block_Krylov12,1,0,False,1,0,gaussian,2005,0,0
1,0,0,0,ordinary_right_block_Krylov12,1,0,False,1,0,gaussian,2005,17,0
1,0,0,0,ordinary_right_block_Krylov12,1,0,False,1,0,gaussian,2003,0,0
1,0,0,0,ordinary_right_block_Krylov12,1,0,False,1,0,gaussian,2003,17,0
1,0,0,0,ordinary_right_block_Krylov12,1,0,False,1,0,gaussian,2007,0,0
1,0,0,0,ordinary_right_block_Krylov12,1,0,False,1,0,gaussian,2007,17,0
1,0,0,0,ordinary_right_block_Krylov12,1,0,False,1,0,gaussian,2013,0,0
1,0,0,0,ordinary_right_block_Krylov12,1,0,False,1,0,gaussian,2013,17,0
2,0,0,0,ordinary_right_block_Krylov12,1,0,False,1,0,gaussian,2001,0,0
2,0,0,0,ordinary_right_block_Krylov12,1,0,False,1,0,gaussian,2001,17,0
2,0,0,0,ordinary_right_block_Krylov12,1,0,False,1,0,gaussian,2005,0,0
2,0,0,0,ordinary_right_block_Krylov12,1,0,False,1,0,gaussian,2005,17,0
2,0,0,0,ordinary_right_block_Krylov12,1,0,False,1,0,gaussian,2003,0,0
2,0,0,0,ordinary_right_block_Krylov12,1,0,False,1,0,gaussian,2003,17,0
2,0,0,0,ordinary_right_block_Krylov12,1,0,False,1,0,gaussian,2007,0,0
2,0,0,0,ordinary_right_block_Krylov12,1,0,False,1,0,gaussian,2007,17,0
2,0,0,0,ordinary_right_block_Krylov12,1,0,False,1,0,gaussian,2013,0,0
2,0,0,0,ordinary_right_block_Krylov12,1,0,False,1,0,gaussian,2013,17,0
3,0,0,0,ordinary_right_block_Krylov12,1,0,False,1,0,gaussian,2001,0,0
3,0,0,0,ordinary_right_block_Krylov12,1,0,False,1,0,gaussian,2001,17,0
3,0,0,0,ordinary_right_block_Krylov12,1,0,False,1,0,gaussian,2005,0,0
3,0,0,0,ordinary_right_block_Krylov12,1,0,False,1,0,gaussian,2005,17,0
3,0,0,0,ordinary_right_block_Krylov12,1,0,False,1,0,gaussian,2003,0,0
3,0,0,0,ordinary_right_block_Krylov12,1,0,False,1,0,gaussian,2003,17,0
3,0,0,0,ordinary_right_block_Krylov12,1,0,False,1,0,gaussian,2007,0,0
3,0,0,0,ordinary_right_block_Krylov12,1,0,False,1,0,gaussian,2007,17,0
3,0,0,0,ordinary_right_block_Krylov12,1,0,False,1,0,gaussian,2013,0,0
3,0,0,0,ordinary_right_block_Krylov12,1,0,False,1,0,gaussian,2013,17,0
4,0,0,0,ordinary_right_block_Krylov12,1,0,False,1,0,gaussian,2001,0,0
4,0,0,0,ordinary_right_block_Krylov12,1,0,False,1,0,gaussian,2001,17,0
4,0,0,0,ordinary_right_block_Krylov12,1,0,False,1,0,gaussian,2005,0,0
4,0,0,0,ordinary_right_block_Krylov12,1,0,False,1,0,gaussian,2005,17,0
4,0,0,0,ordinary_right_block_Krylov12,1,0,False,1,0,gaussian,2003,0,0
4,0,0,0,ordinary_right_block_Krylov12,1,0,False,1,0,gaussian,2003,17,0
4,0,0,0,ordinary_right_block_Krylov12,1,0,False,1,0,gaussian,2007,0,0
4,0,0,0,ordinary_right_block_Krylov12,1,0,False,1,0,gaussian,2007,17,0
4,0,0,0,ordinary_right_block_Krylov12,1,0,False,1,0,gaussian,2013,0,0
4,0,0,0,ordinary_right_block_Krylov12,1,0,False,1,0,gaussian,2013,17,0
5,0,0,0,ordinary_right_block_Krylov12,1,0,False,1,0,gaussian,2001,0,0
5,0,0,0,ordinary_right_block_Krylov12,1,0,False,1,0,gaussian,2001,17,0
5,0,0,0,ordinary_right_block_Krylov12,1,0,False,1,0,gaussian,2005,0,0
5,0,0,0,ordinary_right_block_Krylov12,1,0,False,1,0,gaussian,2005,17,0
5,0,0,0,ordinary_right_block_Krylov12,1,0,False,1,0,gaussian,2003,0,0
5,0,0,0,ordinary_right_block_Krylov12,1,0,False,1,0,gaussian,2003,17,0
5,0,0,0,ordinary_right_block_Krylov12,1,0,False,1,0,gaussian,2007,0,0
5,0,0,0,ordinary_right_block_Krylov12,1,0,False,1,0,gaussian,2007,17,0
5,0,0,0,ordinary_right_block_Krylov12,1,0,False,1,0,gaussian,2013,0,0
5,0,0,0,ordinary_right_block_Krylov12,1,0,False,1,0,gaussian,2013,17,0
0,0,0,0,random_current_rank_control_20261005,1,0,False,1,0,gaussian,2001,0,0
0,0,0,0,random_current_rank_control_20261005,1,0,False,1,0,gaussian,2001,17,0
0,0,0,0,random_current_rank_control_20261005,1,0,False,1,0,gaussian,2005,0,0
0,0,0,0,random_current_rank_control_20261005,1,0,False,1,0,gaussian,2005,17,0
0,0,0,0,random_current_rank_control_20261005,1,0,False,1,0,gaussian,2003,0,0
0,0,0,0,random_current_rank_control_20261005,1,0,False,1,0,gaussian,2003,17,0
0,0,0,0,random_current_rank_control_20261005,1,0,False,1,0,gaussian,2007,0,0
0,0,0,0,random_current_rank_control_20261005,1,0,False,1,0,gaussian,2007,17,0
0,0,0,0,random_current_rank_control_20261005,1,0,False,1,0,gaussian,2013,0,0
0,0,0,0,random_current_rank_control_20261005,1,0,False,1,0,gaussian,2013,17,0
1,0,0,0,random_current_rank_control_20261005,1,0,False,1,0,gaussian,2001,0,0
1,0,0,0,random_current_rank_control_20261005,1,0,False,1,0,gaussian,2001,17,0
1,0,0,0,random_current_rank_control_20261005,1,0,False,1,0,gaussian,2005,0,0
1,0,0,0,random_current_rank_control_20261005,1,0,False,1,0,gaussian,2005,17,0
1,0,0,0,random_current_rank_control_20261005,1,0,False,1,0,gaussian,2003,0,0
1,0,0,0,random_current_rank_control_20261005,1,0,False,1,0,gaussian,2003,17,0
1,0,0,0,random_current_rank_control_20261005,1,0,False,1,0,gaussian,2007,0,0
1,0,0,0,random_current_rank_control_20261005,1,0,False,1,0,gaussian,2007,17,0
1,0,0,0,random_current_rank_control_20261005,1,0,False,1,0,gaussian,2013,0,0
1,0,0,0,random_current_rank_control_20261005,1,0,False,1,0,gaussian,2013,17,0
2,0,0,0,random_current_rank_control_20261005,1,0,False,1,0,gaussian,2001,0,0
2,0,0,0,random_current_rank_control_20261005,1,0,False,1,0,gaussian,2001,17,0
2,0,0,0,random_current_rank_control_20261005,1,0,False,1,0,gaussian,2005,0,0
2,0,0,0,random_current_rank_control_20261005,1,0,False,1,0,gaussian,2005,17,0
2,0,0,0,random_current_rank_control_20261005,1,0,False,1,0,gaussian,2003,0,0
2,0,0,0,random_current_rank_control_20261005,1,0,False,1,0,gaussian,2003,17,0
2,0,0,0,random_current_rank_control_20261005,1,0,False,1,0,gaussian,2007,0,0
2,0,0,0,random_current_rank_control_20261005,1,0,False,1,0,gaussian,2007,17,0
2,0,0,0,random_current_rank_control_20261005,1,0,False,1,0,gaussian,2013,0,0
2,0,0,0,random_current_rank_control_20261005,1,0,False,1,0,gaussian,2013,17,0
3,0,0,0,random_current_rank_control_20261005,1,0,False,1,0,gaussian,2001,0,0
3,0,0,0,random_current_rank_control_20261005,1,0,False,1,0,gaussian,2001,17,0
3,0,0,0,random_current_rank_control_20261005,1,0,False,1,0,gaussian,2005,0,0
3,0,0,0,random_current_rank_control_20261005,1,0,False,1,0,gaussian,2005,17,0
3,0,0,0,random_current_rank_control_20261005,1,0,False,1,0,gaussian,2003,0,0
3,0,0,0,random_current_rank_control_20261005,1,0,False,1,0,gaussian,2003,17,0
3,0,0,0,random_current_rank_control_20261005,1,0,False,1,0,gaussian,2007,0,0
3,0,0,0,random_current_rank_control_20261005,1,0,False,1,0,gaussian,2007,17,0
3,0,0,0,random_current_rank_control_20261005,1,0,False,1,0,gaussian,2013,0,0
3,0,0,0,random_current_rank_control_20261005,1,0,False,1,0,gaussian,2013,17,0
4,0,0,0,random_current_rank_control_20261005,1,0,False,1,0,gaussian,2001,0,0
4,0,0,0,random_current_rank_control_20261005,1,0,False,1,0,gaussian,2001,17,0
4,0,0,0,random_current_rank_control_20261005,1,0,False,1,0,gaussian,2005,0,0
4,0,0,0,random_current_rank_control_20261005,1,0,False,1,0,gaussian,2005,17,0
4,0,0,0,random_current_rank_control_20261005,1,0,False,1,0,gaussian,2003,0,0
4,0,0,0,random_current_rank_control_20261005,1,0,False,1,0,gaussian,2003,17,0
4,0,0,0,random_current_rank_control_20261005,1,0,False,1,0,gaussian,2007,0,0
4,0,0,0,random_current_rank_control_20261005,1,0,False,1,0,gaussian,2007,17,0
4,0,0,0,random_current_rank_control_20261005,1,0,False,1,0,gaussian,2013,0,0
4,0,0,0,random_current_rank_control_20261005,1,0,False,1,0,gaussian,2013,17,0
5,0,0,0,random_current_rank_control_20261005,1,0,False,1,0,gaussian,2001,0,0
5,0,0,0,random_current_rank_control_20261005,1,0,False,1,0,gaussian,2001,17,0
5,0,0,0,random_current_rank_control_20261005,1,0,False,1,0,gaussian,2005,0,0
5,0,0,0,random_current_rank_control_20261005,1,0,False,1,0,gaussian,2005,17,0
5,0,0,0,random_current_rank_control_20261005,1,0,False,1,0,gaussian,2003,0,0
5,0,0,0,random_current_rank_control_20261005,1,0,False,1,0,gaussian,2003,17,0
5,0,0,0,random_current_rank_control_20261005,1,0,False,1,0,gaussian,2007,0,0
5,0,0,0,random_current_rank_control_20261005,1,0,False,1,0,gaussian,2007,17,0
5,0,0,0,random_current_rank_control_20261005,1,0,False,1,0,gaussian,2013,0,0
5,0,0,0,random_current_rank_control_20261005,1,0,False,1,0,gaussian,2013,17,0
0,0,0,0,random_current_rank_control_20261006,1,0,False,1,0,gaussian,2001,0,0
0,0,0,0,random_current_rank_control_20261006,1,0,False,1,0,gaussian,2001,17,0
0,0,0,0,random_current_rank_control_20261006,1,0,False,1,0,gaussian,2005,0,0
0,0,0,0,random_current_rank_control_20261006,1,0,False,1,0,gaussian,2005,17,0
0,0,0,0,random_current_rank_control_20261006,1,0,False,1,0,gaussian,2003,0,0
0,0,0,0,random_current_rank_control_20261006,1,0,False,1,0,gaussian,2003,17,0
0,0,0,0,random_current_rank_control_20261006,1,0,False,1,0,gaussian,2007,0,0
0,0,0,0,random_current_rank_control_20261006,1,0,False,1,0,gaussian,2007,17,0
0,0,0,0,random_current_rank_control_20261006,1,0,False,1,0,gaussian,2013,0,0
0,0,0,0,random_current_rank_control_20261006,1,0,False,1,0,gaussian,2013,17,0
1,0,0,0,random_current_rank_control_20261006,1,0,False,1,0,gaussian,2001,0,0
1,0,0,0,random_current_rank_control_20261006,1,0,False,1,0,gaussian,2001,17,0
1,0,0,0,random_current_rank_control_20261006,1,0,False,1,0,gaussian,2005,0,0
1,0,0,0,random_current_rank_control_20261006,1,0,False,1,0,gaussian,2005,17,0
1,0,0,0,random_current_rank_control_20261006,1,0,False,1,0,gaussian,2003,0,0
1,0,0,0,random_current_rank_control_20261006,1,0,False,1,0,gaussian,2003,17,0
1,0,0,0,random_current_rank_control_20261006,1,0,False,1,0,gaussian,2007,0,0
1,0,0,0,random_current_rank_control_20261006,1,0,False,1,0,gaussian,2007,17,0
1,0,0,0,random_current_rank_control_20261006,1,0,False,1,0,gaussian,2013,0,0
1,0,0,0,random_current_rank_control_20261006,1,0,False,1,0,gaussian,2013,17,0
2,0,0,0,random_current_rank_control_20261006,1,0,False,1,0,gaussian,2001,0,0
2,0,0,0,random_current_rank_control_20261006,1,0,False,1,0,gaussian,2001,17,0
2,0,0,0,random_current_rank_control_20261006,1,0,False,1,0,gaussian,2005,0,0
2,0,0,0,random_current_rank_control_20261006,1,0,False,1,0,gaussian,2005,17,0
2,0,0,0,random_current_rank_control_20261006,1,0,False,1,0,gaussian,2003,0,0
2,0,0,0,random_current_rank_control_20261006,1,0,False,1,0,gaussian,2003,17,0
2,0,0,0,random_current_rank_control_20261006,1,0,False,1,0,gaussian,2007,0,0
2,0,0,0,random_current_rank_control_20261006,1,0,False,1,0,gaussian,2007,17,0
2,0,0,0,random_current_rank_control_20261006,1,0,False,1,0,gaussian,2013,0,0
2,0,0,0,random_current_rank_control_20261006,1,0,False,1,0,gaussian,2013,17,0
3,0,0,0,random_current_rank_control_20261006,1,0,False,1,0,gaussian,2001,0,0
3,0,0,0,random_current_rank_control_20261006,1,0,False,1,0,gaussian,2001,17,0
3,0,0,0,random_current_rank_control_20261006,1,0,False,1,0,gaussian,2005,0,0
3,0,0,0,random_current_rank_control_20261006,1,0,False,1,0,gaussian,2005,17,0
3,0,0,0,random_current_rank_control_20261006,1,0,False,1,0,gaussian,2003,0,0
3,0,0,0,random_current_rank_control_20261006,1,0,False,1,0,gaussian,2003,17,0
3,0,0,0,random_current_rank_control_20261006,1,0,False,1,0,gaussian,2007,0,0
3,0,0,0,random_current_rank_control_20261006,1,0,False,1,0,gaussian,2007,17,0
3,0,0,0,random_current_rank_control_20261006,1,0,False,1,0,gaussian,2013,0,0
3,0,0,0,random_current_rank_control_20261006,1,0,False,1,0,gaussian,2013,17,0
4,0,0,0,random_current_rank_control_20261006,1,0,False,1,0,gaussian,2001,0,0
4,0,0,0,random_current_rank_control_20261006,1,0,False,1,0,gaussian,2001,17,0
4,0,0,0,random_current_rank_control_20261006,1,0,False,1,0,gaussian,2005,0,0
4,0,0,0,random_current_rank_control_20261006,1,0,False,1,0,gaussian,2005,17,0
4,0,0,0,random_current_rank_control_20261006,1,0,False,1,0,gaussian,2003,0,0
4,0,0,0,random_current_rank_control_20261006,1,0,False,1,0,gaussian,2003,17,0
4,0,0,0,random_current_rank_control_20261006,1,0,False,1,0,gaussian,2007,0,0
4,0,0,0,random_current_rank_control_20261006,1,0,False,1,0,gaussian,2007,17,0
4,0,0,0,random_current_rank_control_20261006,1,0,False,1,0,gaussian,2013,0,0
4,0,0,0,random_current_rank_control_20261006,1,0,False,1,0,gaussian,2013,17,0
5,0,0,0,random_current_rank_control_20261006,1,0,False,1,0,gaussian,2001,0,0
5,0,0,0,random_current_rank_control_20261006,1,0,False,1,0,gaussian,2001,17,0
5,0,0,0,random_current_rank_control_20261006,1,0,False,1,0,gaussian,2005,0,0
5,0,0,0,random_current_rank_control_20261006,1,0,False,1,0,gaussian,2005,17,0
5,0,0,0,random_current_rank_control_20261006,1,0,False,1,0,gaussian,2003,0,0
5,0,0,0,random_current_rank_control_20261006,1,0,False,1,0,gaussian,2003,17,0
5,0,0,0,random_current_rank_control_20261006,1,0,False,1,0,gaussian,2007,0,0
5,0,0,0,random_current_rank_control_20261006,1,0,False,1,0,gaussian,2007,17,0
5,0,0,0,random_current_rank_control_20261006,1,0,False,1,0,gaussian,2013,0,0
5,0,0,0,random_current_rank_control_20261006,1,0,False,1,0,gaussian,2013,17,0
0,0,0,0,random_current_rank_control_20261007,1,0,False,1,0,gaussian,2001,0,0
0,0,0,0,random_current_rank_control_20261007,1,0,False,1,0,gaussian,2001,17,0
0,0,0,0,random_current_rank_control_20261007,1,0,False,1,0,gaussian,2005,0,0
0,0,0,0,random_current_rank_control_20261007,1,0,False,1,0,gaussian,2005,17,0
0,0,0,0,random_current_rank_control_20261007,1,0,False,1,0,gaussian,2003,0,0
0,0,0,0,random_current_rank_control_20261007,1,0,False,1,0,gaussian,2003,17,0
0,0,0,0,random_current_rank_control_20261007,1,0,False,1,0,gaussian,2007,0,0
0,0,0,0,random_current_rank_control_20261007,1,0,False,1,0,gaussian,2007,17,0
0,0,0,0,random_current_rank_control_20261007,1,0,False,1,0,gaussian,2013,0,0
0,0,0,0,random_current_rank_control_20261007,1,0,False,1,0,gaussian,2013,17,0
1,0,0,0,random_current_rank_control_20261007,1,0,False,1,0,gaussian,2001,0,0
1,0,0,0,random_current_rank_control_20261007,1,0,False,1,0,gaussian,2001,17,0
1,0,0,0,random_current_rank_control_20261007,1,0,False,1,0,gaussian,2005,0,0
1,0,0,0,random_current_rank_control_20261007,1,0,False,1,0,gaussian,2005,17,0
1,0,0,0,random_current_rank_control_20261007,1,0,False,1,0,gaussian,2003,0,0
1,0,0,0,random_current_rank_control_20261007,1,0,False,1,0,gaussian,2003,17,0
1,0,0,0,random_current_rank_control_20261007,1,0,False,1,0,gaussian,2007,0,0
1,0,0,0,random_current_rank_control_20261007,1,0,False,1,0,gaussian,2007,17,0
1,0,0,0,random_current_rank_control_20261007,1,0,False,1,0,gaussian,2013,0,0
1,0,0,0,random_current_rank_control_20261007,1,0,False,1,0,gaussian,2013,17,0
2,0,0,0,random_current_rank_control_20261007,1,0,False,1,0,gaussian,2001,0,0
2,0,0,0,random_current_rank_control_20261007,1,0,False,1,0,gaussian,2001,17,0
2,0,0,0,random_current_rank_control_20261007,1,0,False,1,0,gaussian,2005,0,0
2,0,0,0,random_current_rank_control_20261007,1,0,False,1,0,gaussian,2005,17,0
2,0,0,0,random_current_rank_control_20261007,1,0,False,1,0,gaussian,2003,0,0
2,0,0,0,random_current_rank_control_20261007,1,0,False,1,0,gaussian,2003,17,0
2,0,0,0,random_current_rank_control_20261007,1,0,False,1,0,gaussian,2007,0,0
2,0,0,0,random_current_rank_control_20261007,1,0,False,1,0,gaussian,2007,17,0
2,0,0,0,random_current_rank_control_20261007,1,0,False,1,0,gaussian,2013,0,0
2,0,0,0,random_current_rank_control_20261007,1,0,False,1,0,gaussian,2013,17,0
3,0,0,0,random_current_rank_control_20261007,1,0,False,1,0,gaussian,2001,0,0
3,0,0,0,random_current_rank_control_20261007,1,0,False,1,0,gaussian,2001,17,0
3,0,0,0,random_current_rank_control_20261007,1,0,False,1,0,gaussian,2005,0,0
3,0,0,0,random_current_rank_control_20261007,1,0,False,1,0,gaussian,2005,17,0
3,0,0,0,random_current_rank_control_20261007,1,0,False,1,0,gaussian,2003,0,0
3,0,0,0,random_current_rank_control_20261007,1,0,False,1,0,gaussian,2003,17,0
3,0,0,0,random_current_rank_control_20261007,1,0,False,1,0,gaussian,2007,0,0
3,0,0,0,random_current_rank_control_20261007,1,0,False,1,0,gaussian,2007,17,0
3,0,0,0,random_current_rank_control_20261007,1,0,False,1,0,gaussian,2013,0,0
3,0,0,0,random_current_rank_control_20261007,1,0,False,1,0,gaussian,2013,17,0
4,0,0,0,random_current_rank_control_20261007,1,0,False,1,0,gaussian,2001,0,0
4,0,0,0,random_current_rank_control_20261007,1,0,False,1,0,gaussian,2001,17,0
4,0,0,0,random_current_rank_control_20261007,1,0,False,1,0,gaussian,2005,0,0
4,0,0,0,random_current_rank_control_20261007,1,0,False,1,0,gaussian,2005,17,0
4,0,0,0,random_current_rank_control_20261007,1,0,False,1,0,gaussian,2003,0,0
4,0,0,0,random_current_rank_control_20261007,1,0,False,1,0,gaussian,2003,17,0
4,0,0,0,random_current_rank_control_20261007,1,0,False,1,0,gaussian,2007,0,0
4,0,0,0,random_current_rank_control_20261007,1,0,False,1,0,gaussian,2007,17,0
4,0,0,0,random_current_rank_control_20261007,1,0,False,1,0,gaussian,2013,0,0
4,0,0,0,random_current_rank_control_20261007,1,0,False,1,0,gaussian,2013,17,0
5,0,0,0,random_current_rank_control_20261007,1,0,False,1,0,gaussian,2001,0,0
5,0,0,0,random_current_rank_control_20261007,1,0,False,1,0,gaussian,2001,17,0
5,0,0,0,random_current_rank_control_20261007,1,0,False,1,0,gaussian,2005,0,0
5,0,0,0,random_current_rank_control_20261007,1,0,False,1,0,gaussian,2005,17,0
5,0,0,0,random_current_rank_control_20261007,1,0,False,1,0,gaussian,2003,0,0
5,0,0,0,random_current_rank_control_20261007,1,0,False,1,0,gaussian,2003,17,0
5,0,0,0,random_current_rank_control_20261007,1,0,False,1,0,gaussian,2007,0,0
5,0,0,0,random_current_rank_control_20261007,1,0,False,1,0,gaussian,2007,17,0
5,0,0,0,random_current_rank_control_20261007,1,0,False,1,0,gaussian,2013,0,0
5,0,0,0,random_current_rank_control_20261007,1,0,False,1,0,gaussian,2013,17,0
0,0,0,0,receiver_SOM_rank_control,1,0,False,1,0,gaussian,2001,0,0
0,0,0,0,receiver_SOM_rank_control,1,0,False,1,0,gaussian,2001,17,0
0,0,0,0,receiver_SOM_rank_control,1,0,False,1,0,gaussian,2005,0,0
0,0,0,0,receiver_SOM_rank_control,1,0,False,1,0,gaussian,2005,17,0
0,0,0,0,receiver_SOM_rank_control,1,0,False,1,0,gaussian,2003,0,0
0,0,0,0,receiver_SOM_rank_control,1,0,False,1,0,gaussian,2003,17,0
0,0,0,0,receiver_SOM_rank_control,1,0,False,1,0,gaussian,2007,0,0
0,0,0,0,receiver_SOM_rank_control,1,0,False,1,0,gaussian,2007,17,0
0,0,0,0,receiver_SOM_rank_control,1,0,False,1,0,gaussian,2013,0,0
0,0,0,0,receiver_SOM_rank_control,1,0,False,1,0,gaussian,2013,17,0
1,0,0,0,receiver_SOM_rank_control,1,0,False,1,0,gaussian,2001,0,0
1,0,0,0,receiver_SOM_rank_control,1,0,False,1,0,gaussian,2001,17,0
1,0,0,0,receiver_SOM_rank_control,1,0,False,1,0,gaussian,2005,0,0
1,0,0,0,receiver_SOM_rank_control,1,0,False,1,0,gaussian,2005,17,0
1,0,0,0,receiver_SOM_rank_control,1,0,False,1,0,gaussian,2003,0,0
1,0,0,0,receiver_SOM_rank_control,1,0,False,1,0,gaussian,2003,17,0
1,0,0,0,receiver_SOM_rank_control,1,0,False,1,0,gaussian,2007,0,0
1,0,0,0,receiver_SOM_rank_control,1,0,False,1,0,gaussian,2007,17,0
1,0,0,0,receiver_SOM_rank_control,1,0,False,1,0,gaussian,2013,0,0
1,0,0,0,receiver_SOM_rank_control,1,0,False,1,0,gaussian,2013,17,0
2,0,0,0,receiver_SOM_rank_control,1,0,False,1,0,gaussian,2001,0,0
2,0,0,0,receiver_SOM_rank_control,1,0,False,1,0,gaussian,2001,17,0
2,0,0,0,receiver_SOM_rank_control,1,0,False,1,0,gaussian,2005,0,0
2,0,0,0,receiver_SOM_rank_control,1,0,False,1,0,gaussian,2005,17,0
2,0,0,0,receiver_SOM_rank_control,1,0,False,1,0,gaussian,2003,0,0
2,0,0,0,receiver_SOM_rank_control,1,0,False,1,0,gaussian,2003,17,0
2,0,0,0,receiver_SOM_rank_control,1,0,False,1,0,gaussian,2007,0,0
2,0,0,0,receiver_SOM_rank_control,1,0,False,1,0,gaussian,2007,17,0
2,0,0,0,receiver_SOM_rank_control,1,0,False,1,0,gaussian,2013,0,0
2,0,0,0,receiver_SOM_rank_control,1,0,False,1,0,gaussian,2013,17,0
3,0,0,0,receiver_SOM_rank_control,1,0,False,1,0,gaussian,2001,0,0
3,0,0,0,receiver_SOM_rank_control,1,0,False,1,0,gaussian,2001,17,0
3,0,0,0,receiver_SOM_rank_control,1,0,False,1,0,gaussian,2005,0,0
3,0,0,0,receiver_SOM_rank_control,1,0,False,1,0,gaussian,2005,17,0
3,0,0,0,receiver_SOM_rank_control,1,0,False,1,0,gaussian,2003,0,0
3,0,0,0,receiver_SOM_rank_control,1,0,False,1,0,gaussian,2003,17,0
3,0,0,0,receiver_SOM_rank_control,1,0,False,1,0,gaussian,2007,0,0
3,0,0,0,receiver_SOM_rank_control,1,0,False,1,0,gaussian,2007,17,0
3,0,0,0,receiver_SOM_rank_control,1,0,False,1,0,gaussian,2013,0,0
3,0,0,0,receiver_SOM_rank_control,1,0,False,1,0,gaussian,2013,17,0
4,0,0,0,receiver_SOM_rank_control,1,0,False,1,0,gaussian,2001,0,0
4,0,0,0,receiver_SOM_rank_control,1,0,False,1,0,gaussian,2001,17,0
4,0,0,0,receiver_SOM_rank_control,1,0,False,1,0,gaussian,2005,0,0
4,0,0,0,receiver_SOM_rank_control,1,0,False,1,0,gaussian,2005,17,0
4,0,0,0,receiver_SOM_rank_control,1,0,False,1,0,gaussian,2003,0,0
4,0,0,0,receiver_SOM_rank_control,1,0,False,1,0,gaussian,2003,17,0
4,0,0,0,receiver_SOM_rank_control,1,0,False,1,0,gaussian,2007,0,0
4,0,0,0,receiver_SOM_rank_control,1,0,False,1,0,gaussian,2007,17,0
4,0,0,0,receiver_SOM_rank_control,1,0,False,1,0,gaussian,2013,0,0
4,0,0,0,receiver_SOM_rank_control,1,0,False,1,0,gaussian,2013,17,0
5,0,0,0,receiver_SOM_rank_control,1,0,False,1,0,gaussian,2001,0,0
5,0,0,0,receiver_SOM_rank_control,1,0,False,1,0,gaussian,2001,17,0
5,0,0,0,receiver_SOM_rank_control,1,0,False,1,0,gaussian,2005,0,0
5,0,0,0,receiver_SOM_rank_control,1,0,False,1,0,gaussian,2005,17,0
5,0,0,0,receiver_SOM_rank_control,1,0,False,1,0,gaussian,2003,0,0
5,0,0,0,receiver_SOM_rank_control,1,0,False,1,0,gaussian,2003,17,0
5,0,0,0,receiver_SOM_rank_control,1,0,False,1,0,gaussian,2007,0,0
5,0,0,0,receiver_SOM_rank_control,1,0,False,1,0,gaussian,2007,17,0
5,0,0,0,receiver_SOM_rank_control,1,0,False,1,0,gaussian,2013,0,0
5,0,0,0,receiver_SOM_rank_control,1,0,False,1,0,gaussian,2013,17,0
0,0,0,0,strong_derivative_goal_aware_ROM,0,0,True,0,0,gaussian,2001,0,0
0,0,0,0,strong_derivative_goal_aware_ROM,0,0,True,0,0,gaussian,2001,17,0
0,0,0,0,strong_derivative_goal_aware_ROM,0,0,True,0,0,gaussian,2005,0,0
0,0,0,0,strong_derivative_goal_aware_ROM,0,0,True,0,0,gaussian,2005,17,0
0,0,0,0,strong_derivative_goal_aware_ROM,0,0,True,0,0,gaussian,2003,0,0
0,0,0,0,strong_derivative_goal_aware_ROM,0,0,True,0,0,gaussian,2003,17,0
0,0,0,0,strong_derivative_goal_aware_ROM,0,0,True,0,0,gaussian,2007,0,0
0,0,0,0,strong_derivative_goal_aware_ROM,0,0,True,0,0,gaussian,2007,17,0
0,0,0,0,strong_derivative_goal_aware_ROM,0,0,True,0,0,gaussian,2013,0,0
0,0,0,0,strong_derivative_goal_aware_ROM,0,0,True,0,0,gaussian,2013,17,0
1,0,0,0,strong_derivative_goal_aware_ROM,0,0,True,0,0,gaussian,2001,0,0
1,0,0,0,strong_derivative_goal_aware_ROM,0,0,True,0,0,gaussian,2001,17,0
1,0,0,0,strong_derivative_goal_aware_ROM,0,0,True,0,0,gaussian,2005,0,0
1,0,0,0,strong_derivative_goal_aware_ROM,0,0,True,0,0,gaussian,2005,17,0
1,0,0,0,strong_derivative_goal_aware_ROM,0,0,True,0,0,gaussian,2003,0,0
1,0,0,0,strong_derivative_goal_aware_ROM,0,0,True,0,0,gaussian,2003,17,0
1,0,0,0,strong_derivative_goal_aware_ROM,0,0,True,0,0,gaussian,2007,0,0
1,0,0,0,strong_derivative_goal_aware_ROM,0,0,True,0,0,gaussian,2007,17,0
1,0,0,0,strong_derivative_goal_aware_ROM,0,0,True,0,0,gaussian,2013,0,0
1,0,0,0,strong_derivative_goal_aware_ROM,0,0,True,0,0,gaussian,2013,17,0
2,0,0,0,strong_derivative_goal_aware_ROM,0,0,True,0,0,gaussian,2001,0,0
2,0,0,0,strong_derivative_goal_aware_ROM,0,0,True,0,0,gaussian,2001,17,0
2,0,0,0,strong_derivative_goal_aware_ROM,0,0,True,0,0,gaussian,2005,0,0
2,0,0,0,strong_derivative_goal_aware_ROM,0,0,True,0,0,gaussian,2005,17,0
2,0,0,0,strong_derivative_goal_aware_ROM,0,0,True,0,0,gaussian,2003,0,0
2,0,0,0,strong_derivative_goal_aware_ROM,0,0,True,0,0,gaussian,2003,17,0
2,0,0,0,strong_derivative_goal_aware_ROM,0,0,True,0,0,gaussian,2007,0,0
2,0,0,0,strong_derivative_goal_aware_ROM,0,0,True,0,0,gaussian,2007,17,0
2,0,0,0,strong_derivative_goal_aware_ROM,0,0,True,0,0,gaussian,2013,0,0
2,0,0,0,strong_derivative_goal_aware_ROM,0,0,True,0,0,gaussian,2013,17,0
3,0,0,0,strong_derivative_goal_aware_ROM,0,0,True,0,0,gaussian,2001,0,0
3,0,0,0,strong_derivative_goal_aware_ROM,0,0,True,0,0,gaussian,2001,17,0
3,0,0,0,strong_derivative_goal_aware_ROM,0,0,True,0,0,gaussian,2005,0,0
3,0,0,0,strong_derivative_goal_aware_ROM,0,0,True,0,0,gaussian,2005,17,0
3,0,0,0,strong_derivative_goal_aware_ROM,0,0,True,0,0,gaussian,2003,0,0
3,0,0,0,strong_derivative_goal_aware_ROM,0,0,True,0,0,gaussian,2003,17,0
3,0,0,0,strong_derivative_goal_aware_ROM,0,0,True,0,0,gaussian,2007,0,0
3,0,0,0,strong_derivative_goal_aware_ROM,0,0,True,0,0,gaussian,2007,17,0
3,0,0,0,strong_derivative_goal_aware_ROM,0,0,True,0,0,gaussian,2013,0,0
3,0,0,0,strong_derivative_goal_aware_ROM,0,0,True,0,0,gaussian,2013,17,0
4,0,0,0,strong_derivative_goal_aware_ROM,0,0,True,0,0,gaussian,2001,0,0
4,0,0,0,strong_derivative_goal_aware_ROM,0,0,True,0,0,gaussian,2001,17,0
4,0,0,0,strong_derivative_goal_aware_ROM,0,0,True,0,0,gaussian,2005,0,0
4,0,0,0,strong_derivative_goal_aware_ROM,0,0,True,0,0,gaussian,2005,17,0
4,0,0,0,strong_derivative_goal_aware_ROM,0,0,True,0,0,gaussian,2003,0,0
4,0,0,0,strong_derivative_goal_aware_ROM,0,0,True,0,0,gaussian,2003,17,0
4,0,0,0,strong_derivative_goal_aware_ROM,0,0,True,0,0,gaussian,2007,0,0
4,0,0,0,strong_derivative_goal_aware_ROM,0,0,True,0,0,gaussian,2007,17,0
4,0,0,0,strong_derivative_goal_aware_ROM,0,0,True,0,0,gaussian,2013,0,0
4,0,0,0,strong_derivative_goal_aware_ROM,0,0,True,0,0,gaussian,2013,17,0
5,0,0,0,strong_derivative_goal_aware_ROM,0,0,True,0,0,gaussian,2001,0,0
5,0,0,0,strong_derivative_goal_aware_ROM,0,0,True,0,0,gaussian,2001,17,0
5,0,0,0,strong_derivative_goal_aware_ROM,0,0,True,0,0,gaussian,2005,0,0
5,0,0,0,strong_derivative_goal_aware_ROM,0,0,True,0,0,gaussian,2005,17,0
5,0,0,0,strong_derivative_goal_aware_ROM,0,0,True,0,0,gaussian,2003,0,0
5,0,0,0,strong_derivative_goal_aware_ROM,0,0,True,0,0,gaussian,2003,17,0
5,0,0,0,strong_derivative_goal_aware_ROM,0,0,True,0,0,gaussian,2007,0,0
5,0,0,0,strong_derivative_goal_aware_ROM,0,0,True,0,0,gaussian,2007,17,0
5,0,0,0,strong_derivative_goal_aware_ROM,0,0,True,0,0,gaussian,2013,0,0
5,0,0,0,strong_derivative_goal_aware_ROM,0,0,True,0,0,gaussian,2013,17,0
0,0,1,0,M_total4,0,1,False,1,0,voxel,2010,0,0
0,0,1,0,M_total4,0,1,False,1,0,voxel,2010,17,0
1,0,1,0,M_total4,0,1,False,1,0,voxel,2010,0,0
1,0,1,0,M_total4,0,1,False,1,0,voxel,2010,17,0
2,0,1,0,M_total4,0,1,False,1,0,voxel,2010,0,0
2,0,1,0,M_total4,0,1,False,1,0,voxel,2010,17,0
3,0,1,0,M_total4,0,1,False,1,0,voxel,2010,0,0
3,0,1,0,M_total4,0,1,False,1,0,voxel,2010,17,0
4,0,1,0,M_total4,0,1,False,1,0,voxel,2010,0,0
4,0,1,0,M_total4,0,1,False,1,0,voxel,2010,17,0
5,0,1,0,M_total4,0,1,False,1,0,voxel,2010,0,0
5,0,1,0,M_total4,0,1,False,1,0,voxel,2010,17,0
0,0,1,0,OM_total4,0,1,False,1,0,voxel,2010,0,0
0,0,1,0,OM_total4,0,1,False,1,0,voxel,2010,17,0
1,0,1,0,OM_total4,0,1,False,1,0,voxel,2010,0,0
1,0,1,0,OM_total4,0,1,False,1,0,voxel,2010,17,0
2,0,1,0,OM_total4,0,1,False,1,0,voxel,2010,0,0
2,0,1,0,OM_total4,0,1,False,1,0,voxel,2010,17,0
3,0,1,0,OM_total4,0,1,False,1,0,voxel,2010,0,0
3,0,1,0,OM_total4,0,1,False,1,0,voxel,2010,17,0
4,0,1,0,OM_total4,0,1,False,1,0,voxel,2010,0,0
4,0,1,0,OM_total4,0,1,False,1,0,voxel,2010,17,0
5,0,1,0,OM_total4,0,1,False,1,0,voxel,2010,0,0
5,0,1,0,OM_total4,0,1,False,1,0,voxel,2010,17,0
0,0,1,0,OPM_forward_total12,0,1,False,1,0,voxel,2010,0,0
0,0,1,0,OPM_forward_total12,0,1,False,1,0,voxel,2010,17,0
1,0,1,0,OPM_forward_total12,0,1,False,1,0,voxel,2010,0,0
1,0,1,0,OPM_forward_total12,0,1,False,1,0,voxel,2010,17,0
2,0,1,0,OPM_forward_total12,0,1,False,1,0,voxel,2010,0,0
2,0,1,0,OPM_forward_total12,0,1,False,1,0,voxel,2010,17,0
3,0,1,0,OPM_forward_total12,0,1,False,1,0,voxel,2010,0,0
3,0,1,0,OPM_forward_total12,0,1,False,1,0,voxel,2010,17,0
4,0,1,0,OPM_forward_total12,0,1,False,1,0,voxel,2010,0,0
4,0,1,0,OPM_forward_total12,0,1,False,1,0,voxel,2010,17,0
5,0,1,0,OPM_forward_total12,0,1,False,1,0,voxel,2010,0,0
5,0,1,0,OPM_forward_total12,0,1,False,1,0,voxel,2010,17,0
0,0,1,0,OPM_total4,0,1,False,1,0,voxel,2010,0,0
0,0,1,0,OPM_total4,0,1,False,1,0,voxel,2010,17,0
1,0,1,0,OPM_total4,0,1,False,1,0,voxel,2010,0,0
1,0,1,0,OPM_total4,0,1,False,1,0,voxel,2010,17,0
2,0,1,0,OPM_total4,0,1,False,1,0,voxel,2010,0,0
2,0,1,0,OPM_total4,0,1,False,1,0,voxel,2010,17,0
3,0,1,0,OPM_total4,0,1,False,1,0,voxel,2010,0,0
3,0,1,0,OPM_total4,0,1,False,1,0,voxel,2010,17,0
4,0,1,0,OPM_total4,0,1,False,1,0,voxel,2010,0,0
4,0,1,0,OPM_total4,0,1,False,1,0,voxel,2010,17,0
5,0,1,0,OPM_total4,0,1,False,1,0,voxel,2010,0,0
5,0,1,0,OPM_total4,0,1,False,1,0,voxel,2010,17,0
0,0,1,0,O_total4,0,1,False,1,0,voxel,2010,0,0
0,0,1,0,O_total4,0,1,False,1,0,voxel,2010,17,0
1,0,1,0,O_total4,0,1,False,1,0,voxel,2010,0,0
1,0,1,0,O_total4,0,1,False,1,0,voxel,2010,17,0
2,0,1,0,O_total4,0,1,False,1,0,voxel,2010,0,0
2,0,1,0,O_total4,0,1,False,1,0,voxel,2010,17,0
3,0,1,0,O_total4,0,1,False,1,0,voxel,2010,0,0
3,0,1,0,O_total4,0,1,False,1,0,voxel,2010,17,0
4,0,1,0,O_total4,0,1,False,1,0,voxel,2010,0,0
4,0,1,0,O_total4,0,1,False,1,0,voxel,2010,17,0
5,0,1,0,O_total4,0,1,False,1,0,voxel,2010,0,0
5,0,1,0,O_total4,0,1,False,1,0,voxel,2010,17,0
0,0,1,0,P_total4,0,1,False,1,0,voxel,2010,0,0
0,0,1,0,P_total4,0,1,False,1,0,voxel,2010,17,0
1,0,1,0,P_total4,0,1,False,1,0,voxel,2010,0,0
1,0,1,0,P_total4,0,1,False,1,0,voxel,2010,17,0
2,0,1,0,P_total4,0,1,False,1,0,voxel,2010,0,0
2,0,1,0,P_total4,0,1,False,1,0,voxel,2010,17,0
3,0,1,0,P_total4,0,1,False,1,0,voxel,2010,0,0
3,0,1,0,P_total4,0,1,False,1,0,voxel,2010,17,0
4,0,1,0,P_total4,0,1,False,1,0,voxel,2010,0,0
4,0,1,0,P_total4,0,1,False,1,0,voxel,2010,17,0
5,0,1,0,P_total4,0,1,False,1,0,voxel,2010,0,0
5,0,1,0,P_total4,0,1,False,1,0,voxel,2010,17,0
0,0,0,0,current_POD,0,0,True,0,0,voxel,2010,0,0
0,0,0,0,current_POD,0,0,True,0,0,voxel,2010,17,0
1,0,0,0,current_POD,0,0,True,0,0,voxel,2010,0,0
1,0,0,0,current_POD,0,0,True,0,0,voxel,2010,17,0
2,0,0,0,current_POD,0,0,True,0,0,voxel,2010,0,0
2,0,0,0,current_POD,0,0,True,0,0,voxel,2010,17,0
3,0,0,0,current_POD,0,0,True,0,0,voxel,2010,0,0
3,0,0,0,current_POD,0,0,True,0,0,voxel,2010,17,0
4,0,0,0,current_POD,0,0,True,0,0,voxel,2010,0,0
4,0,0,0,current_POD,0,0,True,0,0,voxel,2010,17,0
5,0,0,0,current_POD,0,0,True,0,0,voxel,2010,0,0
5,0,0,0,current_POD,0,0,True,0,0,voxel,2010,17,0
0,0,1,0,mixed,0,1,False,1,0,voxel,2010,0,0
0,0,1,0,mixed,0,1,False,1,0,voxel,2010,17,0
1,0,1,0,mixed,0,1,False,1,0,voxel,2010,0,0
1,0,1,0,mixed,0,1,False,1,0,voxel,2010,17,0
2,0,1,0,mixed,0,1,False,1,0,voxel,2010,0,0
2,0,1,0,mixed,0,1,False,1,0,voxel,2010,17,0
3,0,1,0,mixed,0,1,False,1,0,voxel,2010,0,0
3,0,1,0,mixed,0,1,False,1,0,voxel,2010,17,0
4,0,1,0,mixed,0,1,False,1,0,voxel,2010,0,0
4,0,1,0,mixed,0,1,False,1,0,voxel,2010,17,0
5,0,1,0,mixed,0,1,False,1,0,voxel,2010,0,0
5,0,1,0,mixed,0,1,False,1,0,voxel,2010,17,0
0,0,1,0,ordinary_right_block_Krylov12,0,1,False,1,0,voxel,2010,0,0
0,0,1,0,ordinary_right_block_Krylov12,0,1,False,1,0,voxel,2010,17,0
1,0,1,0,ordinary_right_block_Krylov12,0,1,False,1,0,voxel,2010,0,0
1,0,1,0,ordinary_right_block_Krylov12,0,1,False,1,0,voxel,2010,17,0
2,0,1,0,ordinary_right_block_Krylov12,0,1,False,1,0,voxel,2010,0,0
2,0,1,0,ordinary_right_block_Krylov12,0,1,False,1,0,voxel,2010,17,0
3,0,1,0,ordinary_right_block_Krylov12,0,1,False,1,0,voxel,2010,0,0
3,0,1,0,ordinary_right_block_Krylov12,0,1,False,1,0,voxel,2010,17,0
4,0,1,0,ordinary_right_block_Krylov12,0,1,False,1,0,voxel,2010,0,0
4,0,1,0,ordinary_right_block_Krylov12,0,1,False,1,0,voxel,2010,17,0
5,0,1,0,ordinary_right_block_Krylov12,0,1,False,1,0,voxel,2010,0,0
5,0,1,0,ordinary_right_block_Krylov12,0,1,False,1,0,voxel,2010,17,0
0,0,0,0,random_current_rank_control_20261005,0,1,False,1,0,voxel,2010,0,0
0,0,1,0,random_current_rank_control_20261005,0,1,False,1,0,voxel,2010,17,0
1,0,0,0,random_current_rank_control_20261005,0,1,False,1,0,voxel,2010,0,0
1,0,1,0,random_current_rank_control_20261005,0,1,False,1,0,voxel,2010,17,0
2,0,0,0,random_current_rank_control_20261005,0,1,False,1,0,voxel,2010,0,0
2,0,1,0,random_current_rank_control_20261005,0,1,False,1,0,voxel,2010,17,0
3,0,0,0,random_current_rank_control_20261005,0,1,False,1,0,voxel,2010,0,0
3,0,1,0,random_current_rank_control_20261005,0,1,False,1,0,voxel,2010,17,0
4,0,0,0,random_current_rank_control_20261005,0,1,False,1,0,voxel,2010,0,0
4,0,1,0,random_current_rank_control_20261005,0,1,False,1,0,voxel,2010,17,0
5,0,0,0,random_current_rank_control_20261005,0,1,False,1,0,voxel,2010,0,0
5,0,1,0,random_current_rank_control_20261005,0,1,False,1,0,voxel,2010,17,0
0,0,0,0,random_current_rank_control_20261006,0,1,False,1,0,voxel,2010,0,0
0,0,1,0,random_current_rank_control_20261006,0,1,False,1,0,voxel,2010,17,0
1,0,0,0,random_current_rank_control_20261006,0,1,False,1,0,voxel,2010,0,0
1,0,1,0,random_current_rank_control_20261006,0,1,False,1,0,voxel,2010,17,0
2,0,0,0,random_current_rank_control_20261006,0,1,False,1,0,voxel,2010,0,0
2,0,1,0,random_current_rank_control_20261006,0,1,False,1,0,voxel,2010,17,0
3,0,0,0,random_current_rank_control_20261006,0,1,False,1,0,voxel,2010,0,0
3,0,1,0,random_current_rank_control_20261006,0,1,False,1,0,voxel,2010,17,0
4,0,0,0,random_current_rank_control_20261006,0,1,False,1,0,voxel,2010,0,0
4,0,1,0,random_current_rank_control_20261006,0,1,False,1,0,voxel,2010,17,0
5,0,0,0,random_current_rank_control_20261006,0,1,False,1,0,voxel,2010,0,0
5,0,1,0,random_current_rank_control_20261006,0,1,False,1,0,voxel,2010,17,0
0,0,1,0,random_current_rank_control_20261007,0,1,False,1,0,voxel,2010,0,0
0,0,1,0,random_current_rank_control_20261007,0,1,False,1,0,voxel,2010,17,0
1,0,0,0,random_current_rank_control_20261007,0,1,False,1,0,voxel,2010,0,0
1,0,1,0,random_current_rank_control_20261007,0,1,False,1,0,voxel,2010,17,0
2,0,0,0,random_current_rank_control_20261007,0,1,False,1,0,voxel,2010,0,0
2,0,1,0,random_current_rank_control_20261007,0,1,False,1,0,voxel,2010,17,0
3,0,1,0,random_current_rank_control_20261007,0,1,False,1,0,voxel,2010,0,0
3,0,1,0,random_current_rank_control_20261007,0,1,False,1,0,voxel,2010,17,0
4,0,0,0,random_current_rank_control_20261007,0,1,False,1,0,voxel,2010,0,0
4,0,1,0,random_current_rank_control_20261007,0,1,False,1,0,voxel,2010,17,0
5,0,0,0,random_current_rank_control_20261007,0,1,False,1,0,voxel,2010,0,0
5,0,1,0,random_current_rank_control_20261007,0,1,False,1,0,voxel,2010,17,0
0,0,1,0,receiver_SOM_rank_control,0,1,False,1,0,voxel,2010,0,0
0,0,1,0,receiver_SOM_rank_control,0,1,False,1,0,voxel,2010,17,0
1,0,1,0,receiver_SOM_rank_control,0,1,False,1,0,voxel,2010,0,0
1,0,1,0,receiver_SOM_rank_control,0,1,False,1,0,voxel,2010,17,0
2,0,1,0,receiver_SOM_rank_control,0,1,False,1,0,voxel,2010,0,0
2,0,1,0,receiver_SOM_rank_control,0,1,False,1,0,voxel,2010,17,0
3,0,1,0,receiver_SOM_rank_control,0,1,False,1,0,voxel,2010,0,0
3,0,1,0,receiver_SOM_rank_control,0,1,False,1,0,voxel,2010,17,0
4,0,1,0,receiver_SOM_rank_control,0,1,False,1,0,voxel,2010,0,0
4,0,1,0,receiver_SOM_rank_control,0,1,False,1,0,voxel,2010,17,0
5,0,1,0,receiver_SOM_rank_control,0,1,False,1,0,voxel,2010,0,0
5,0,1,0,receiver_SOM_rank_control,0,1,False,1,0,voxel,2010,17,0
0,0,0,0,strong_derivative_goal_aware_ROM,0,0,True,0,0,voxel,2010,0,0
0,0,0,0,strong_derivative_goal_aware_ROM,0,0,True,0,0,voxel,2010,17,0
1,0,0,0,strong_derivative_goal_aware_ROM,0,0,True,0,0,voxel,2010,0,0
1,0,0,0,strong_derivative_goal_aware_ROM,0,0,True,0,0,voxel,2010,17,0
2,0,0,0,strong_derivative_goal_aware_ROM,0,0,True,0,0,voxel,2010,0,0
2,0,0,0,strong_derivative_goal_aware_ROM,0,0,True,0,0,voxel,2010,17,0
3,0,0,0,strong_derivative_goal_aware_ROM,0,0,True,0,0,voxel,2010,0,0
3,0,0,0,strong_derivative_goal_aware_ROM,0,0,True,0,0,voxel,2010,17,0
4,0,0,0,strong_derivative_goal_aware_ROM,0,0,True,0,0,voxel,2010,0,0
4,0,0,0,strong_derivative_goal_aware_ROM,0,0,True,0,0,voxel,2010,17,0
5,0,0,0,strong_derivative_goal_aware_ROM,0,0,True,0,0,voxel,2010,0,0
5,0,0,0,strong_derivative_goal_aware_ROM,0,0,True,0,0,voxel,2010,17,0
