method,parent_id,status,evidence_source_class,action_fourtuple,actual_rank,comparison_scope,component_relative_gaps,control_action_fourtuple,control_actual_rank,control_issues,control_method,maximum_component_relative_gap,method_issues,nearest_measured_fourtuple,rank_absolute_difference,state
WIDE-M,2001,INVALID_METHOD_OR_REFERENCE_PAIR,,,,ONLINE_LEGAL_ACTUAL_FOURTUPLE_DESCRIPTIVE,,"[32,20,86,24]",56.0,"[""METHOD_FAILED_OR_NOT_RUN"",""BASELINE_REPRODUCTION_FAILED""]",FIXED-DEEP,,"[""METHOD_FAILED_OR_NOT_RUN"",""METHOD_QP_FAILED_OR_UNVERIFIED"",""H_METRIC_MISSING_OR_INVALID"",""ACTUAL_RANK_MISSING_OR_INVALID""]",,,early
CHEAP-TASK,2001,INVALID_METHOD_OR_REFERENCE_PAIR,,,,ONLINE_LEGAL_ACTUAL_FOURTUPLE_DESCRIPTIVE,,"[32,20,86,24]",56.0,"[""METHOD_FAILED_OR_NOT_RUN"",""BASELINE_REPRODUCTION_FAILED""]",FIXED-DEEP,,"[""METHOD_FAILED_OR_NOT_RUN"",""METHOD_QP_FAILED_OR_UNVERIFIED"",""H_METRIC_MISSING_OR_INVALID"",""ACTUAL_RANK_MISSING_OR_INVALID""]",,,early
WIDE-M,2005,INVALID_METHOD_OR_REFERENCE_PAIR,,,,ONLINE_LEGAL_ACTUAL_FOURTUPLE_DESCRIPTIVE,,,,"[""METHOD_FAILED_OR_NOT_RUN"",""REFERENCE_MISSING_OR_INVALID"",""METHOD_QP_FAILED_OR_UNVERIFIED"",""REFERENCE_DENOMINATOR_MISSING"",""H_METRIC_MISSING_OR_INVALID"",""ACTUAL_RANK_MISSING_OR_INVALID""]",FIXED-DEEP,,"[""METHOD_FAILED_OR_NOT_RUN"",""REFERENCE_MISSING_OR_INVALID"",""METHOD_QP_FAILED_OR_UNVERIFIED"",""REFERENCE_DENOMINATOR_MISSING"",""H_METRIC_MISSING_OR_INVALID"",""ACTUAL_RANK_MISSING_OR_INVALID""]",,,early
CHEAP-TASK,2005,INVALID_METHOD_OR_REFERENCE_PAIR,,,,ONLINE_LEGAL_ACTUAL_FOURTUPLE_DESCRIPTIVE,,,,"[""METHOD_FAILED_OR_NOT_RUN"",""REFERENCE_MISSING_OR_INVALID"",""METHOD_QP_FAILED_OR_UNVERIFIED"",""REFERENCE_DENOMINATOR_MISSING"",""H_METRIC_MISSING_OR_INVALID"",""ACTUAL_RANK_MISSING_OR_INVALID""]",FIXED-DEEP,,"[""METHOD_FAILED_OR_NOT_RUN"",""REFERENCE_MISSING_OR_INVALID"",""METHOD_QP_FAILED_OR_UNVERIFIED"",""REFERENCE_DENOMINATOR_MISSING"",""H_METRIC_MISSING_OR_INVALID"",""ACTUAL_RANK_MISSING_OR_INVALID""]",,,early
WIDE-M,2003,INVALID_METHOD_OR_REFERENCE_PAIR,,,,ONLINE_LEGAL_ACTUAL_FOURTUPLE_DESCRIPTIVE,,,,"[""METHOD_FAILED_OR_NOT_RUN"",""REFERENCE_MISSING_OR_INVALID"",""METHOD_QP_FAILED_OR_UNVERIFIED"",""REFERENCE_DENOMINATOR_MISSING"",""H_METRIC_MISSING_OR_INVALID"",""ACTUAL_RANK_MISSING_OR_INVALID""]",FIXED-DEEP,,"[""METHOD_FAILED_OR_NOT_RUN"",""REFERENCE_MISSING_OR_INVALID"",""METHOD_QP_FAILED_OR_UNVERIFIED"",""REFERENCE_DENOMINATOR_MISSING"",""H_METRIC_MISSING_OR_INVALID"",""ACTUAL_RANK_MISSING_OR_INVALID""]",,,early
CHEAP-TASK,2003,INVALID_METHOD_OR_REFERENCE_PAIR,,,,ONLINE_LEGAL_ACTUAL_FOURTUPLE_DESCRIPTIVE,,,,"[""METHOD_FAILED_OR_NOT_RUN"",""REFERENCE_MISSING_OR_INVALID"",""METHOD_QP_FAILED_OR_UNVERIFIED"",""REFERENCE_DENOMINATOR_MISSING"",""H_METRIC_MISSING_OR_INVALID"",""ACTUAL_RANK_MISSING_OR_INVALID""]",FIXED-DEEP,,"[""METHOD_FAILED_OR_NOT_RUN"",""REFERENCE_MISSING_OR_INVALID"",""METHOD_QP_FAILED_OR_UNVERIFIED"",""REFERENCE_DENOMINATOR_MISSING"",""H_METRIC_MISSING_OR_INVALID"",""ACTUAL_RANK_MISSING_OR_INVALID""]",,,early
WIDE-M,2007,INVALID_METHOD_OR_REFERENCE_PAIR,,,,ONLINE_LEGAL_ACTUAL_FOURTUPLE_DESCRIPTIVE,,,,"[""METHOD_FAILED_OR_NOT_RUN"",""REFERENCE_MISSING_OR_INVALID"",""METHOD_QP_FAILED_OR_UNVERIFIED"",""REFERENCE_DENOMINATOR_MISSING"",""H_METRIC_MISSING_OR_INVALID"",""ACTUAL_RANK_MISSING_OR_INVALID""]",FIXED-DEEP,,"[""METHOD_FAILED_OR_NOT_RUN"",""REFERENCE_MISSING_OR_INVALID"",""METHOD_QP_FAILED_OR_UNVERIFIED"",""REFERENCE_DENOMINATOR_MISSING"",""H_METRIC_MISSING_OR_INVALID"",""ACTUAL_RANK_MISSING_OR_INVALID""]",,,early
CHEAP-TASK,2007,INVALID_METHOD_OR_REFERENCE_PAIR,,,,ONLINE_LEGAL_ACTUAL_FOURTUPLE_DESCRIPTIVE,,,,"[""METHOD_FAILED_OR_NOT_RUN"",""REFERENCE_MISSING_OR_INVALID"",""METHOD_QP_FAILED_OR_UNVERIFIED"",""REFERENCE_DENOMINATOR_MISSING"",""H_METRIC_MISSING_OR_INVALID"",""ACTUAL_RANK_MISSING_OR_INVALID""]",FIXED-DEEP,,"[""METHOD_FAILED_OR_NOT_RUN"",""REFERENCE_MISSING_OR_INVALID"",""METHOD_QP_FAILED_OR_UNVERIFIED"",""REFERENCE_DENOMINATOR_MISSING"",""H_METRIC_MISSING_OR_INVALID"",""ACTUAL_RANK_MISSING_OR_INVALID""]",,,early
WIDE-M,2013,INVALID_METHOD_OR_REFERENCE_PAIR,,,,ONLINE_LEGAL_ACTUAL_FOURTUPLE_DESCRIPTIVE,,,,"[""METHOD_FAILED_OR_NOT_RUN"",""REFERENCE_MISSING_OR_INVALID"",""METHOD_QP_FAILED_OR_UNVERIFIED"",""REFERENCE_DENOMINATOR_MISSING"",""H_METRIC_MISSING_OR_INVALID"",""ACTUAL_RANK_MISSING_OR_INVALID""]",FIXED-DEEP,,"[""METHOD_FAILED_OR_NOT_RUN"",""REFERENCE_MISSING_OR_INVALID"",""METHOD_QP_FAILED_OR_UNVERIFIED"",""REFERENCE_DENOMINATOR_MISSING"",""H_METRIC_MISSING_OR_INVALID"",""ACTUAL_RANK_MISSING_OR_INVALID""]",,,early
CHEAP-TASK,2013,INVALID_METHOD_OR_REFERENCE_PAIR,,,,ONLINE_LEGAL_ACTUAL_FOURTUPLE_DESCRIPTIVE,,,,"[""METHOD_FAILED_OR_NOT_RUN"",""REFERENCE_MISSING_OR_INVALID"",""METHOD_QP_FAILED_OR_UNVERIFIED"",""REFERENCE_DENOMINATOR_MISSING"",""H_METRIC_MISSING_OR_INVALID"",""ACTUAL_RANK_MISSING_OR_INVALID""]",FIXED-DEEP,,"[""METHOD_FAILED_OR_NOT_RUN"",""REFERENCE_MISSING_OR_INVALID"",""METHOD_QP_FAILED_OR_UNVERIFIED"",""REFERENCE_DENOMINATOR_MISSING"",""H_METRIC_MISSING_OR_INVALID"",""ACTUAL_RANK_MISSING_OR_INVALID""]",,,early
WIDE-M,2001,ACTUAL_FOURTUPLE_NOT_MATCHED,,"[28,12,158,24]",56.0,ONLINE_LEGAL_ACTUAL_FOURTUPLE_DESCRIPTIVE,"[0.125,0.4,0.45569620253164556,0.0]","[32,20,86,24]",56.0,[],FIXED-DEEP,0.45569620253164556,[],True,0.0,late
CHEAP-TASK,2001,ACTUAL_FOURTUPLE_NOT_MATCHED,,"[56,32,172,48]",56.0,ONLINE_LEGAL_ACTUAL_FOURTUPLE_DESCRIPTIVE,"[0.42857142857142855,0.375,0.5,0.5]","[32,20,86,24]",56.0,[],FIXED-DEEP,0.5,[],False,0.0,late
WIDE-M,2005,ACTUAL_FOURTUPLE_NOT_MATCHED,,"[28,12,158,24]",56.0,ONLINE_LEGAL_ACTUAL_FOURTUPLE_DESCRIPTIVE,"[0.125,0.4,0.45569620253164556,0.0]","[32,20,86,24]",56.0,[],FIXED-DEEP,0.45569620253164556,[],True,0.0,late
CHEAP-TASK,2005,ACTUAL_FOURTUPLE_NOT_MATCHED,,"[56,32,172,48]",56.0,ONLINE_LEGAL_ACTUAL_FOURTUPLE_DESCRIPTIVE,"[0.42857142857142855,0.375,0.5,0.5]","[32,20,86,24]",56.0,[],FIXED-DEEP,0.5,[],False,0.0,late
WIDE-M,2003,ACTUAL_FOURTUPLE_NOT_MATCHED,,"[28,12,158,24]",56.0,ONLINE_LEGAL_ACTUAL_FOURTUPLE_DESCRIPTIVE,"[0.125,0.4,0.45569620253164556,0.0]","[32,20,86,24]",56.0,[],FIXED-DEEP,0.45569620253164556,[],True,0.0,late
CHEAP-TASK,2003,ACTUAL_FOURTUPLE_NOT_MATCHED,,"[56,32,172,48]",56.0,ONLINE_LEGAL_ACTUAL_FOURTUPLE_DESCRIPTIVE,"[0.42857142857142855,0.375,0.5,0.5]","[32,20,86,24]",56.0,[],FIXED-DEEP,0.5,[],False,0.0,late
WIDE-M,2007,ACTUAL_FOURTUPLE_NOT_MATCHED,,"[28,12,158,24]",56.0,ONLINE_LEGAL_ACTUAL_FOURTUPLE_DESCRIPTIVE,"[0.125,0.4,0.45569620253164556,0.0]","[32,20,86,24]",56.0,[],FIXED-DEEP,0.45569620253164556,[],True,0.0,late
CHEAP-TASK,2007,ACTUAL_FOURTUPLE_NOT_MATCHED,,"[56,32,172,48]",56.0,ONLINE_LEGAL_ACTUAL_FOURTUPLE_DESCRIPTIVE,"[0.42857142857142855,0.375,0.5,0.5]","[32,20,86,24]",56.0,[],FIXED-DEEP,0.5,[],False,0.0,late
WIDE-M,2013,ACTUAL_FOURTUPLE_NOT_MATCHED,,"[28,12,158,24]",56.0,ONLINE_LEGAL_ACTUAL_FOURTUPLE_DESCRIPTIVE,"[0.125,0.4,0.45569620253164556,0.0]","[32,20,86,24]",56.0,[],FIXED-DEEP,0.45569620253164556,[],True,0.0,late
CHEAP-TASK,2013,ACTUAL_FOURTUPLE_NOT_MATCHED,,"[56,32,172,48]",56.0,ONLINE_LEGAL_ACTUAL_FOURTUPLE_DESCRIPTIVE,"[0.42857142857142855,0.375,0.5,0.5]","[32,20,86,24]",56.0,[],FIXED-DEEP,0.5,[],False,0.0,late
