scene,method,k,status,fixed_input,cache_read_wall_seconds,cache_read_amortization,split_wall_seconds,measurement_and_small_operator_wall_seconds,small_solve_wall_seconds,cached_kernel_wall_seconds,cached_one_shot_including_shared_read_seconds,process_cpu_seconds,known_background_physical_construction_wall_seconds,original_OPM_construction_wall_seconds,descriptor_and_identity_construction_receipt,descriptor_scoring,new_Maxwell_actions,new_labels,NN,feasibility,KKT_relative,timing_scope,primary_metric_vectors_replaced
2001,COMMON_32D,32,VALID,direction0_amplitude0_noiseless_nominal,0.0071995420003077015,shared measured read shown once per scene,1.66997779160738e-07,7.20900425221771e-06,0.013489375007338822,0.013503333990229294,0.020702875990536995,0.013461,10.8460920000216,1.7447406998835504,results/a22_r1/online/scene_2001.json,frozen_cached_scores; fresh score construction is separately billed in the physical freeze,0,0,NOT_RUN,6.938893903907228e-18,3.7858220717511786e-09,cached local CPU kernel; OS cache not flushed; not end-to-end deployment acceleration,False
2001,RANDOM,16,VALID,direction0_amplitude0_noiseless_nominal,0.0071995420003077015,shared measured read shown once per scene,0.00010983299580402672,2.608299837447703e-05,0.0036393340124050155,0.0037761249986942858,0.010975666999001987,0.0037439999999999973,10.8460920000216,1.7447406998835504,results/a22_r1/online/scene_2001.json,frozen_cached_scores; fresh score construction is separately billed in the physical freeze,0,0,NOT_RUN,6.938893903907228e-18,1.6603046840343725e-09,cached local CPU kernel; OS cache not flushed; not end-to-end deployment acceleration,False
2001,A1,16,VALID,direction0_amplitude0_noiseless_nominal,0.0071995420003077015,shared measured read shown once per scene,5.709007382392883e-06,1.50829873746261e-05,0.008757000003242865,0.008778500006883405,0.015978042007191107,0.0065579999999999805,10.8460920000216,1.7447406998835504,results/a22_r1/online/scene_2001.json,frozen_cached_scores; fresh score construction is separately billed in the physical freeze,0,0,NOT_RUN,0.0,4.593206431135393e-09,cached local CPU kernel; OS cache not flushed; not end-to-end deployment acceleration,False
2001,A2,16,VALID,direction0_amplitude0_noiseless_nominal,0.0071995420003077015,shared measured read shown once per scene,2.750000567175448e-05,0.00038204099109862,0.010670165996998549,0.011081083997851238,0.01828062599815894,0.008247000000000004,10.8460920000216,1.7447406998835504,results/a22_r1/online/scene_2001.json,frozen_cached_scores; fresh score construction is separately billed in the physical freeze,0,0,NOT_RUN,0.0,4.593206432892039e-09,cached local CPU kernel; OS cache not flushed; not end-to-end deployment acceleration,False
2001,A3,16,VALID,direction0_amplitude0_noiseless_nominal,0.0071995420003077015,shared measured read shown once per scene,8.70799703989178e-06,3.0167007935233414e-05,0.00601341700530611,0.006053040997358039,0.01325258299766574,0.005651000000000017,10.8460920000216,1.7447406998835504,results/a22_r1/online/scene_2001.json,frozen_cached_scores; fresh score construction is separately billed in the physical freeze,0,0,NOT_RUN,6.938893903907228e-18,4.593206433826234e-09,cached local CPU kernel; OS cache not flushed; not end-to-end deployment acceleration,False
2003,COMMON_32D,32,VALID,direction0_amplitude0_noiseless_nominal,0.007297125004697591,shared measured read shown once per scene,4.5799242798238993e-07,6.791000487282872e-06,0.014881125011015683,0.014890124992234632,0.022187249996932223,0.014865000000000017,10.211783600010676,1.7245861999690533,results/a22_r1/online/scene_2003.json,frozen_cached_scores; fresh score construction is separately billed in the physical freeze,0,0,NOT_RUN,6.938893903907228e-18,5.074318581846364e-10,cached local CPU kernel; OS cache not flushed; not end-to-end deployment acceleration,False
2003,RANDOM,16,VALID,direction0_amplitude0_noiseless_nominal,0.007297125004697591,shared measured read shown once per scene,4.441599594429135e-05,2.145799226127565e-05,0.00448491598945111,0.004551207995973527,0.011848333000671118,0.004510999999999987,10.211783600010676,1.7245861999690533,results/a22_r1/online/scene_2003.json,frozen_cached_scores; fresh score construction is separately billed in the physical freeze,0,0,NOT_RUN,3.469446951953614e-17,2.259784808727667e-09,cached local CPU kernel; OS cache not flushed; not end-to-end deployment acceleration,False
2003,A1,16,VALID,direction0_amplitude0_noiseless_nominal,0.007297125004697591,shared measured read shown once per scene,5.416994099505246e-06,1.4000004739500582e-05,0.0036880840052617714,0.003708000003825873,0.011005125008523464,0.003664999999999974,10.211783600010676,1.7245861999690533,results/a22_r1/online/scene_2003.json,frozen_cached_scores; fresh score construction is separately billed in the physical freeze,0,0,NOT_RUN,3.469446951953614e-17,2.7366130668983365e-09,cached local CPU kernel; OS cache not flushed; not end-to-end deployment acceleration,False
2003,A2,16,VALID,direction0_amplitude0_noiseless_nominal,0.007297125004697591,shared measured read shown once per scene,5.374997272156179e-06,1.6541991499252617e-05,0.003405750001547858,0.003428209005505778,0.010725334010203369,0.003394000000000008,10.211783600010676,1.7245861999690533,results/a22_r1/online/scene_2003.json,frozen_cached_scores; fresh score construction is separately billed in the physical freeze,0,0,NOT_RUN,1.3877787807814457e-17,2.736613047434259e-09,cached local CPU kernel; OS cache not flushed; not end-to-end deployment acceleration,False
2003,A3,16,VALID,direction0_amplitude0_noiseless_nominal,0.007297125004697591,shared measured read shown once per scene,4.250003257766366e-06,1.3666998711414635e-05,0.0034387919877190143,0.003457124999840744,0.010754250004538335,0.0034270000000000134,10.211783600010676,1.7245861999690533,results/a22_r1/online/scene_2003.json,frozen_cached_scores; fresh score construction is separately billed in the physical freeze,0,0,NOT_RUN,6.938893903907228e-18,2.7366130473986537e-09,cached local CPU kernel; OS cache not flushed; not end-to-end deployment acceleration,False
2014,COMMON_32D,32,VALID,direction0_amplitude0_noiseless_nominal,0.006209999992279336,shared measured read shown once per scene,5.00003807246685e-07,5.708003300242126e-06,0.010836625006049871,0.010843707990716211,0.017053707982995547,0.010782999999999987,9.724651500000618,1.7828183999517933,results/a22_r1/online/scene_2014.json,frozen_cached_scores; fresh score construction is separately billed in the physical freeze,0,0,NOT_RUN,0.0,1.2624098510235226e-09,cached local CPU kernel; OS cache not flushed; not end-to-end deployment acceleration,False
2014,RANDOM,16,VALID,direction0_amplitude0_noiseless_nominal,0.006209999992279336,shared measured read shown once per scene,3.470899537205696e-05,1.62090000230819e-05,0.0005432500038295984,0.0005947089957771823,0.006804708988056518,0.0005549999999999722,9.724651500000618,1.7828183999517933,results/a22_r1/online/scene_2014.json,frozen_cached_scores; fresh score construction is separately billed in the physical freeze,0,0,NOT_RUN,0.0,8.309810943005839e-17,cached local CPU kernel; OS cache not flushed; not end-to-end deployment acceleration,False
2014,A1,16,VALID,direction0_amplitude0_noiseless_nominal,0.006209999992279336,shared measured read shown once per scene,4.04199818149209e-06,1.3084005331620574e-05,0.0005070420011179522,0.0005246249929768965,0.006734624985256232,0.0004949999999999677,9.724651500000618,1.7828183999517933,results/a22_r1/online/scene_2014.json,frozen_cached_scores; fresh score construction is separately billed in the physical freeze,0,0,NOT_RUN,0.0,5.015719362270683e-17,cached local CPU kernel; OS cache not flushed; not end-to-end deployment acceleration,False
2014,A2,16,VALID,direction0_amplitude0_noiseless_nominal,0.006209999992279336,shared measured read shown once per scene,3.292007022537291e-06,1.2332995538599789e-05,0.0005507909954758361,0.0005669169913744554,0.006776916983653791,0.00047799999999997844,9.724651500000618,1.7828183999517933,results/a22_r1/online/scene_2014.json,frozen_cached_scores; fresh score construction is separately billed in the physical freeze,0,0,NOT_RUN,0.0,1.4349343038561897e-17,cached local CPU kernel; OS cache not flushed; not end-to-end deployment acceleration,False
2014,A3,16,VALID,direction0_amplitude0_noiseless_nominal,0.006209999992279336,shared measured read shown once per scene,3.208988346159458e-06,1.2208009138703346e-05,0.0005656249995809048,0.0005814169999212027,0.0067914169922005385,0.0004959999999999964,9.724651500000618,1.7828183999517933,results/a22_r1/online/scene_2014.json,frozen_cached_scores; fresh score construction is separately billed in the physical freeze,0,0,NOT_RUN,0.0,1.852282003887727e-16,cached local CPU kernel; OS cache not flushed; not end-to-end deployment acceleration,False
2009,COMMON_32D,32,VALID,direction0_amplitude0_noiseless_nominal,0.006594042002689093,shared measured read shown once per scene,3.7500285543501377e-07,4.958987119607627e-06,0.013244665999081917,0.013251166994450614,0.019845208997139707,0.013160999999999978,9.599129400012316,1.7628903000731952,results/a22_r1/online/scene_2009.json,frozen_cached_scores; fresh score construction is separately billed in the physical freeze,0,0,NOT_RUN,1.3877787807814457e-17,5.529167217600306e-11,cached local CPU kernel; OS cache not flushed; not end-to-end deployment acceleration,False
2009,RANDOM,16,VALID,direction0_amplitude0_noiseless_nominal,0.006594042002689093,shared measured read shown once per scene,4.037500184495002e-05,1.6792007954791188e-05,0.00415279099252075,0.0042103329906240106,0.010804374993313104,0.004169000000000034,9.599129400012316,1.7628903000731952,results/a22_r1/online/scene_2009.json,frozen_cached_scores; fresh score construction is separately billed in the physical freeze,0,0,NOT_RUN,1.3877787807814457e-17,4.463076588228861e-10,cached local CPU kernel; OS cache not flushed; not end-to-end deployment acceleration,False
2009,A1,16,VALID,direction0_amplitude0_noiseless_nominal,0.006594042002689093,shared measured read shown once per scene,4.9579975893720984e-06,1.4582998119294643e-05,0.0033016249944921583,0.0033216250012628734,0.009915667003951967,0.003285000000000038,9.599129400012316,1.7628903000731952,results/a22_r1/online/scene_2009.json,frozen_cached_scores; fresh score construction is separately billed in the physical freeze,0,0,NOT_RUN,2.7755575615628914e-17,2.3417127417480555e-09,cached local CPU kernel; OS cache not flushed; not end-to-end deployment acceleration,False
2009,A2,16,VALID,direction0_amplitude0_noiseless_nominal,0.006594042002689093,shared measured read shown once per scene,3.875000402331352e-06,1.3083001249469817e-05,0.0035133750061504543,0.0035307920043123886,0.010124834007001482,0.0034319999999999906,9.599129400012316,1.7628903000731952,results/a22_r1/online/scene_2009.json,frozen_cached_scores; fresh score construction is separately billed in the physical freeze,0,0,NOT_RUN,6.938893903907228e-18,2.3417127381770705e-09,cached local CPU kernel; OS cache not flushed; not end-to-end deployment acceleration,False
2009,A3,16,VALID,direction0_amplitude0_noiseless_nominal,0.006594042002689093,shared measured read shown once per scene,4.875008016824722e-06,1.4958000974729657e-05,0.003356375003932044,0.0033767080021789297,0.009970750004868023,0.003278000000000003,9.599129400012316,1.7628903000731952,results/a22_r1/online/scene_2009.json,frozen_cached_scores; fresh score construction is separately billed in the physical freeze,0,0,NOT_RUN,3.469446951953614e-17,2.341712731254217e-09,cached local CPU kernel; OS cache not flushed; not end-to-end deployment acceleration,False
