scene,method,k,test,expected_condition_count,observed_condition_count,missing_condition_count,unexpected_condition_count,inferred_unknown_condition_count,missing_noise_draw_count,excess_noise_draw_count,duplicate_noise_draw_count,failed_replicate_count,structurally_complete,undefined_condition_counts,nrmse_phys,nrmse_prior,s_sep,f_error_prior,f_truth_phys,q_phys,q_prior,f_error_phys,f_truth_prior,error_norm,error_phys_norm,error_prior_norm,truth_norm,truth_phys_norm,truth_prior_norm,metrics_complete,complete,status,historical_exposed,family,data_residual,solve_wall_seconds,solve_process_cpu_seconds,prior_coefficient_norm
2001,A1,16,A,48,48,0,0,0,0,0,0,0,True,"{""error_norm"": 0, ""error_phys_norm"": 0, ""error_prior_norm"": 0, ""f_error_phys"": 0, ""f_error_prior"": 0, ""f_truth_phys"": 0, ""f_truth_prior"": 0, ""nrmse_phys"": 0, ""nrmse_prior"": 0, ""q_phys"": 0, ""q_prior"": 0, ""s_sep"": 0, ""truth_norm"": 0, ""truth_phys_norm"": 0, ""truth_prior_norm"": 0}",0.46886903727590984,1.302509165258716,2.882803879615522,0.5670332122968835,0.8450670475349483,0.5144152981700115,3.9884269175885634,0.4329667877031163,0.15493295246505165,0.13803560646426039,0.08841737709281988,0.10469460054062546,0.21118671870819025,0.194558188998226,0.0812591169176019,True,True,COMPLETE,True,gaussian,,,,
2001,A1,16,B,48,48,0,0,0,0,0,0,0,True,"{""error_norm"": 0, ""error_phys_norm"": 0, ""error_prior_norm"": 0, ""f_error_phys"": 0, ""f_error_prior"": 0, ""f_truth_phys"": 0, ""f_truth_prior"": 0, ""nrmse_phys"": 0, ""nrmse_prior"": 0, ""q_phys"": 0, ""q_prior"": 0, ""s_sep"": 0, ""truth_norm"": 0, ""truth_phys_norm"": 0, ""truth_prior_norm"": 0}",0.45277700904756096,1.0000000000000002,2.311357191820039,0.47416035202811074,0.8450670475349483,0.6215379289179267,3.246331172998096,0.5258396479718894,0.15493295246505165,0.11838419851576043,0.08530488118884434,0.08125911691760192,0.21118671870819025,0.194558188998226,0.0812591169176019,True,True,COMPLETE,True,gaussian,400.8423478427408,0.0029707210602509804,0.002886136718749956,5.2709445326137734e-17
2001,A1,8,A,48,48,0,0,0,0,0,0,0,True,"{""error_norm"": 0, ""error_phys_norm"": 0, ""error_prior_norm"": 0, ""f_error_phys"": 0, ""f_error_prior"": 0, ""f_truth_phys"": 0, ""f_truth_prior"": 0, ""nrmse_phys"": 0, ""nrmse_prior"": 0, ""q_phys"": 0, ""q_prior"": 0, ""s_sep"": 0, ""truth_norm"": 0, ""truth_phys_norm"": 0, ""truth_prior_norm"": 0}",0.3125594080786675,1.0252470168854149,3.4120832420772236,0.8550836009815775,0.6289357367696397,0.23117033723762812,2.4691771191741805,0.14491639901842224,0.3710642632303604,0.13803560646426039,0.050636825647648376,0.12803486903978725,0.21118671870819025,0.168037907457414,0.1262698572370123,True,True,COMPLETE,True,gaussian,,,,
2001,A1,8,B,48,48,0,0,0,0,0,0,0,True,"{""error_norm"": 0, ""error_phys_norm"": 0, ""error_prior_norm"": 0, ""f_error_phys"": 0, ""f_error_prior"": 0, ""f_truth_phys"": 0, ""f_truth_prior"": 0, ""nrmse_phys"": 0, ""nrmse_prior"": 0, ""q_phys"": 0, ""q_prior"": 0, ""s_sep"": 0, ""truth_norm"": 0, ""truth_phys_norm"": 0, ""truth_prior_norm"": 0}",0.29804228704309,1.0000000000000002,3.609898394896522,0.8663784902693105,0.6289357367696397,0.21385940751983376,2.504661377731544,0.13362150973069,0.3710642632303604,0.1354179000829346,0.04799076704646685,0.1262698572370123,0.21118671870819025,0.168037907457414,0.1262698572370123,True,True,COMPLETE,True,gaussian,768.541656446997,0.0014239382898229753,0.001331894531249991,6.795441949091139e-17
2001,A2,16,A,48,48,0,0,0,0,0,0,0,True,"{""error_norm"": 0, ""error_phys_norm"": 0, ""error_prior_norm"": 0, ""f_error_phys"": 0, ""f_error_prior"": 0, ""f_truth_phys"": 0, ""f_truth_prior"": 0, ""nrmse_phys"": 0, ""nrmse_prior"": 0, ""q_phys"": 0, ""q_prior"": 0, ""s_sep"": 0, ""truth_norm"": 0, ""truth_phys_norm"": 0, ""truth_prior_norm"": 0}",0.46886903727590984,1.302509165258716,2.882803879615522,0.5670332122968835,0.8450670475349485,0.5144152981700115,3.9884269175885634,0.4329667877031163,0.15493295246505165,0.13803560646426039,0.08841737709281988,0.10469460054062546,0.21118671870819025,0.19455818899822605,0.0812591169176019,True,True,COMPLETE,True,gaussian,,,,
2001,A2,16,B,48,48,0,0,0,0,0,0,0,True,"{""error_norm"": 0, ""error_phys_norm"": 0, ""error_prior_norm"": 0, ""f_error_phys"": 0, ""f_error_prior"": 0, ""f_truth_phys"": 0, ""f_truth_prior"": 0, ""nrmse_phys"": 0, ""nrmse_prior"": 0, ""q_phys"": 0, ""q_prior"": 0, ""s_sep"": 0, ""truth_norm"": 0, ""truth_phys_norm"": 0, ""truth_prior_norm"": 0}",0.4527770091453595,1.0000000000000002,2.311357191724572,0.4741603519463918,0.8450670475349485,0.6215379290114709,3.246331172484242,0.5258396480536084,0.15493295246505165,0.11838419852979742,0.08530488120476581,0.08125911691760192,0.21118671870819025,0.19455818899822605,0.0812591169176019,True,True,COMPLETE,True,gaussian,400.84234784283916,0.0029330370666684757,0.002850944010416665,5.302733183190989e-17
2001,A2,8,A,48,48,0,0,0,0,0,0,0,True,"{""error_norm"": 0, ""error_phys_norm"": 0, ""error_prior_norm"": 0, ""f_error_phys"": 0, ""f_error_prior"": 0, ""f_truth_phys"": 0, ""f_truth_prior"": 0, ""nrmse_phys"": 0, ""nrmse_prior"": 0, ""q_phys"": 0, ""q_prior"": 0, ""s_sep"": 0, ""truth_norm"": 0, ""truth_phys_norm"": 0, ""truth_prior_norm"": 0}",0.3125594080786675,1.0252470168854149,3.4120832420772236,0.8550836009815775,0.6289357367696397,0.23117033723762812,2.4691771191741805,0.14491639901842224,0.3710642632303603,0.13803560646426039,0.050636825647648376,0.12803486903978725,0.21118671870819025,0.168037907457414,0.1262698572370123,True,True,COMPLETE,True,gaussian,,,,
2001,A2,8,B,48,48,0,0,0,0,0,0,0,True,"{""error_norm"": 0, ""error_phys_norm"": 0, ""error_prior_norm"": 0, ""f_error_phys"": 0, ""f_error_prior"": 0, ""f_truth_phys"": 0, ""f_truth_prior"": 0, ""nrmse_phys"": 0, ""nrmse_prior"": 0, ""q_phys"": 0, ""q_prior"": 0, ""s_sep"": 0, ""truth_norm"": 0, ""truth_phys_norm"": 0, ""truth_prior_norm"": 0}",0.29804228704078517,1.0000000000000002,3.6098983949173213,0.8663784902712756,0.6289357367696397,0.2138594075168145,2.5046613777371785,0.13362150972872494,0.3710642632303603,0.13541790008278073,0.04799076704609508,0.1262698572370123,0.21118671870819025,0.168037907457414,0.1262698572370123,True,True,COMPLETE,True,gaussian,768.5416564469934,0.0014045722657177369,0.0013119427083334151,6.743828589765308e-17
2001,A3,16,A,48,48,0,0,0,0,0,0,0,True,"{""error_norm"": 0, ""error_phys_norm"": 0, ""error_prior_norm"": 0, ""f_error_phys"": 0, ""f_error_prior"": 0, ""f_truth_phys"": 0, ""f_truth_prior"": 0, ""nrmse_phys"": 0, ""nrmse_prior"": 0, ""q_phys"": 0, ""q_prior"": 0, ""s_sep"": 0, ""truth_norm"": 0, ""truth_phys_norm"": 0, ""truth_prior_norm"": 0}",0.46886903727590984,1.302509165258716,2.882803879615522,0.5670332122968835,0.8450670475349485,0.5144152981700115,3.9884269175885634,0.4329667877031163,0.15493295246505165,0.13803560646426039,0.08841737709281988,0.10469460054062546,0.21118671870819025,0.19455818899822605,0.0812591169176019,True,True,COMPLETE,True,gaussian,,,,
2001,A3,16,B,48,48,0,0,0,0,0,0,0,True,"{""error_norm"": 0, ""error_phys_norm"": 0, ""error_prior_norm"": 0, ""f_error_phys"": 0, ""f_error_prior"": 0, ""f_truth_phys"": 0, ""f_truth_prior"": 0, ""nrmse_phys"": 0, ""nrmse_prior"": 0, ""q_phys"": 0, ""q_prior"": 0, ""s_sep"": 0, ""truth_norm"": 0, ""truth_phys_norm"": 0, ""truth_prior_norm"": 0}",0.4527770090974979,1.0000000000000002,2.311357192238244,0.474160352013026,0.8450670475349485,0.6215379289282598,3.2463311728167557,0.5258396479869742,0.15493295246505165,0.11838419852469102,0.08530488119479031,0.08125911691760192,0.21118671870819025,0.19455818899822605,0.0812591169176019,True,True,COMPLETE,True,gaussian,400.8423478430108,0.0029129609992727032,0.002823964843749952,5.302111202214898e-17
2001,A3,8,A,48,48,0,0,0,0,0,0,0,True,"{""error_norm"": 0, ""error_phys_norm"": 0, ""error_prior_norm"": 0, ""f_error_phys"": 0, ""f_error_prior"": 0, ""f_truth_phys"": 0, ""f_truth_prior"": 0, ""nrmse_phys"": 0, ""nrmse_prior"": 0, ""q_phys"": 0, ""q_prior"": 0, ""s_sep"": 0, ""truth_norm"": 0, ""truth_phys_norm"": 0, ""truth_prior_norm"": 0}",0.3125594080786675,1.0252470168854149,3.4120832420772236,0.8550836009815775,0.6289357367696397,0.23117033723762812,2.4691771191741805,0.14491639901842224,0.3710642632303604,0.13803560646426039,0.050636825647648376,0.12803486903978725,0.21118671870819025,0.168037907457414,0.1262698572370123,True,True,COMPLETE,True,gaussian,,,,
2001,A3,8,B,48,48,0,0,0,0,0,0,0,True,"{""error_norm"": 0, ""error_phys_norm"": 0, ""error_prior_norm"": 0, ""f_error_phys"": 0, ""f_error_prior"": 0, ""f_truth_phys"": 0, ""f_truth_prior"": 0, ""nrmse_phys"": 0, ""nrmse_prior"": 0, ""q_phys"": 0, ""q_prior"": 0, ""s_sep"": 0, ""truth_norm"": 0, ""truth_phys_norm"": 0, ""truth_prior_norm"": 0}",0.29804228703397495,1.0000000000000002,3.6098983949800094,0.8663784902771036,0.6289357367696397,0.21385940750789292,2.5046613777539872,0.1336215097228968,0.3710642632303604,0.1354179000823252,0.047990767044989925,0.1262698572370123,0.21118671870819025,0.168037907457414,0.1262698572370123,True,True,COMPLETE,True,gaussian,768.5416564469983,0.001404374414164522,0.0013118763020833254,6.692426595900848e-17
2001,OFFLINE_FULL_J,16,A,48,48,0,0,0,0,0,0,0,True,"{""error_norm"": 0, ""error_phys_norm"": 0, ""error_prior_norm"": 0, ""f_error_phys"": 0, ""f_error_prior"": 0, ""f_truth_phys"": 0, ""f_truth_prior"": 0, ""nrmse_phys"": 0, ""nrmse_prior"": 0, ""q_phys"": 0, ""q_prior"": 0, ""s_sep"": 0, ""truth_norm"": 0, ""truth_phys_norm"": 0, ""truth_prior_norm"": 0}",0.46886903727590984,1.302509165258716,2.882803879615522,0.5670332122968835,0.8450670475349485,0.5144152981700115,3.988426917588564,0.4329667877031163,0.15493295246505165,0.13803560646426039,0.08841737709281988,0.10469460054062546,0.21118671870819025,0.19455818899822605,0.0812591169176019,True,True,COMPLETE,True,gaussian,,,,
2001,OFFLINE_FULL_J,16,B,48,48,0,0,0,0,0,0,0,True,"{""error_norm"": 0, ""error_phys_norm"": 0, ""error_prior_norm"": 0, ""f_error_phys"": 0, ""f_error_prior"": 0, ""f_truth_phys"": 0, ""f_truth_prior"": 0, ""nrmse_phys"": 0, ""nrmse_prior"": 0, ""q_phys"": 0, ""q_prior"": 0, ""s_sep"": 0, ""truth_norm"": 0, ""truth_phys_norm"": 0, ""truth_prior_norm"": 0}",0.4527770091605443,1.0000000000000002,2.3113571916032423,0.47416035192485845,0.8450670475349485,0.6215379290351837,3.246331172227448,0.5258396480751418,0.15493295246505165,0.1183841985327337,0.08530488120866937,0.08125911691760192,0.21118671870819025,0.19455818899822605,0.0812591169176019,True,True,COMPLETE,True,gaussian,400.84234784298854,0.002935085619204377,0.0028446536458331937,5.344364911018138e-17
2001,OFFLINE_FULL_J,8,A,48,48,0,0,0,0,0,0,0,True,"{""error_norm"": 0, ""error_phys_norm"": 0, ""error_prior_norm"": 0, ""f_error_phys"": 0, ""f_error_prior"": 0, ""f_truth_phys"": 0, ""f_truth_prior"": 0, ""nrmse_phys"": 0, ""nrmse_prior"": 0, ""q_phys"": 0, ""q_prior"": 0, ""s_sep"": 0, ""truth_norm"": 0, ""truth_phys_norm"": 0, ""truth_prior_norm"": 0}",0.3125594080786675,1.0252470168854149,3.4120832420772236,0.8550836009815775,0.6289357367696397,0.23117033723762812,2.4691771191741805,0.14491639901842224,0.3710642632303604,0.13803560646426039,0.050636825647648376,0.12803486903978725,0.21118671870819025,0.168037907457414,0.1262698572370123,True,True,COMPLETE,True,gaussian,,,,
2001,OFFLINE_FULL_J,8,B,48,48,0,0,0,0,0,0,0,True,"{""error_norm"": 0, ""error_phys_norm"": 0, ""error_prior_norm"": 0, ""f_error_phys"": 0, ""f_error_prior"": 0, ""f_truth_phys"": 0, ""f_truth_prior"": 0, ""nrmse_phys"": 0, ""nrmse_prior"": 0, ""q_phys"": 0, ""q_prior"": 0, ""s_sep"": 0, ""truth_norm"": 0, ""truth_phys_norm"": 0, ""truth_prior_norm"": 0}",0.2980422870256625,1.0,3.609898395047523,0.8663784902832369,0.6289357367696397,0.2138594074975798,2.5046613777689797,0.13362150971676356,0.3710642632303604,0.13541790008187116,0.047990767043826675,0.1262698572370123,0.21118671870819025,0.168037907457414,0.1262698572370123,True,True,COMPLETE,True,gaussian,768.5416564470003,0.0014039060391345022,0.0013120989583333003,6.798874514390546e-17
2001,RANDOM,16,A,48,48,0,0,0,0,0,0,0,True,"{""error_norm"": 0, ""error_phys_norm"": 0, ""error_prior_norm"": 0, ""f_error_phys"": 0, ""f_error_prior"": 0, ""f_truth_phys"": 0, ""f_truth_prior"": 0, ""nrmse_phys"": 0, ""nrmse_prior"": 0, ""q_phys"": 0, ""q_prior"": 0, ""s_sep"": 0, ""truth_norm"": 0, ""truth_phys_norm"": 0, ""truth_prior_norm"": 0}",0.5177556371219673,1.0397468173531599,2.0267100980867907,0.5252166035176925,0.7732256698812884,0.6142214414986527,2.506709101807935,0.4747833964823074,0.22677433011871154,0.13803560646426039,0.09383337423631027,0.10061272310777851,0.21118671870819025,0.18579340666713895,0.09885214261859919,True,True,COMPLETE,True,gaussian,,,,
2001,RANDOM,16,B,48,48,0,0,0,0,0,0,0,True,"{""error_norm"": 0, ""error_phys_norm"": 0, ""error_prior_norm"": 0, ""f_error_phys"": 0, ""f_error_prior"": 0, ""f_truth_phys"": 0, ""f_truth_prior"": 0, ""nrmse_phys"": 0, ""nrmse_prior"": 0, ""q_phys"": 0, ""q_prior"": 0, ""s_sep"": 0, ""truth_norm"": 0, ""truth_phys_norm"": 0, ""truth_prior_norm"": 0}",0.5995003305669593,0.9999999999999999,1.7143164438844958,0.4466199237359472,0.7732256698812884,0.7138714549417053,2.105421682209504,0.553380076264053,0.22677433011871154,0.14730672312918958,0.10845017461189653,0.09885214261859916,0.21118671870819025,0.18579340666713895,0.09885214261859919,True,True,COMPLETE,True,gaussian,675.488854785969,0.0037291730714438622,0.003644053385416816,1.0185669789017046e-16
2001,RANDOM,8,A,48,48,0,0,0,0,0,0,0,True,"{""error_norm"": 0, ""error_phys_norm"": 0, ""error_prior_norm"": 0, ""f_error_phys"": 0, ""f_error_prior"": 0, ""f_truth_phys"": 0, ""f_truth_prior"": 0, ""nrmse_phys"": 0, ""nrmse_prior"": 0, ""q_phys"": 0, ""q_prior"": 0, ""s_sep"": 0, ""truth_norm"": 0, ""truth_phys_norm"": 0, ""truth_prior_norm"": 0}",0.9821316898606903,0.6024461878556832,0.6287838715539228,0.6850986064993752,0.14698113930703854,2.3967196796042836,0.8069433835456366,0.31490139350062485,0.8530188606929615,0.13803560646426039,0.07604876304843715,0.11477879948994646,0.21118671870819025,0.07970211634897305,0.19511788193443946,True,True,COMPLETE,True,gaussian,,,,
2001,RANDOM,8,B,48,48,0,0,0,0,0,0,0,True,"{""error_norm"": 0, ""error_phys_norm"": 0, ""error_prior_norm"": 0, ""f_error_phys"": 0, ""f_error_prior"": 0, ""f_truth_phys"": 0, ""f_truth_prior"": 0, ""nrmse_phys"": 0, ""nrmse_prior"": 0, ""q_phys"": 0, ""q_prior"": 0, ""s_sep"": 0, ""truth_norm"": 0, ""truth_phys_norm"": 0, ""truth_prior_norm"": 0}",1.0731319554611136,1.0,0.9598915822607393,0.8387579507509199,0.14698113930703854,1.143907143872316,0.9848420224696052,0.1612420492490801,0.8530188606929615,0.21242869712902535,0.08301025488995604,0.19511788193443946,0.21118671870819025,0.07970211634897305,0.19511788193443946,True,True,COMPLETE,True,gaussian,3520.2453705950975,0.002304747233665694,0.002173110677083203,5.2028487970378036e-17
2003,A1,16,A,48,48,0,0,0,0,0,0,0,True,"{""error_norm"": 0, ""error_phys_norm"": 0, ""error_prior_norm"": 0, ""f_error_phys"": 0, ""f_error_prior"": 0, ""f_truth_phys"": 0, ""f_truth_prior"": 0, ""nrmse_phys"": 0, ""nrmse_prior"": 0, ""q_phys"": 0, ""q_prior"": 0, ""s_sep"": 0, ""truth_norm"": 0, ""truth_phys_norm"": 0, ""truth_prior_norm"": 0}",0.6536227088531482,2.0523792299117365,3.1415877356658886,0.44550105024005365,0.9242427103521401,0.5998708892040137,5.899154730374473,0.5544989497599458,0.07575728964785933,0.5922291062399684,0.4401775754112609,0.3955314584746424,0.7008595561058586,0.6738265670333927,0.1926139112031446,True,True,COMPLETE,True,gaussian,,,,
2003,A1,16,B,48,48,0,0,0,0,0,0,0,True,"{""error_norm"": 0, ""error_phys_norm"": 0, ""error_prior_norm"": 0, ""f_error_phys"": 0, ""f_error_prior"": 0, ""f_truth_phys"": 0, ""f_truth_prior"": 0, ""nrmse_phys"": 0, ""nrmse_prior"": 0, ""q_phys"": 0, ""q_prior"": 0, ""s_sep"": 0, ""truth_norm"": 0, ""truth_phys_norm"": 0, ""truth_prior_norm"": 0}",0.6761124934919437,0.9999999999999996,1.4795246376386808,0.15194858900394523,0.9242427103521401,0.9175414558100462,2.008968691493348,0.8480514109960549,0.07575728964785933,0.4945169283685811,0.45541492069190675,0.1926139112031445,0.7008595561058586,0.6738265670333927,0.1926139112031446,True,True,COMPLETE,True,gaussian,2062.2507655125933,0.0036981998729288534,0.0036086406249999418,3.40340609225709e-16
2003,A1,8,A,48,48,0,0,0,0,0,0,0,True,"{""error_norm"": 0, ""error_phys_norm"": 0, ""error_prior_norm"": 0, ""f_error_phys"": 0, ""f_error_prior"": 0, ""f_truth_phys"": 0, ""f_truth_prior"": 0, ""nrmse_phys"": 0, ""nrmse_prior"": 0, ""q_phys"": 0, ""q_prior"": 0, ""s_sep"": 0, ""truth_norm"": 0, ""truth_phys_norm"": 0, ""truth_prior_norm"": 0}",0.37335994316492765,1.7060077746980202,4.578571842585028,0.8451641842214351,0.7918219699026653,0.19560840181965988,4.087773823271574,0.15483581577856415,0.20817803009733424,0.5922291062399684,0.23272467361451143,0.5445123481135073,0.7008595561058586,0.6237576053211337,0.3192469627883147,True,True,COMPLETE,True,gaussian,,,,
2003,A1,8,B,48,48,0,0,0,0,0,0,0,True,"{""error_norm"": 0, ""error_phys_norm"": 0, ""error_prior_norm"": 0, ""f_error_phys"": 0, ""f_error_prior"": 0, ""f_truth_phys"": 0, ""f_truth_prior"": 0, ""nrmse_phys"": 0, ""nrmse_prior"": 0, ""q_phys"": 0, ""q_prior"": 0, ""s_sep"": 0, ""truth_norm"": 0, ""truth_phys_norm"": 0, ""truth_prior_norm"": 0}",0.3682713134125167,1.0000000000000002,2.7183539886863035,0.6590430117497267,0.7918219699026653,0.4304466145490471,3.182270039214764,0.34095698825027365,0.20817803009733424,0.3932922153147799,0.22959146310559195,0.31924696278831477,0.7008595561058586,0.6237576053211337,0.3192469627883147,True,True,COMPLETE,True,gaussian,2860.744471473025,0.002062625822266758,0.001971757812499947,3.3693834433319526e-16
2003,A2,16,A,48,48,0,0,0,0,0,0,0,True,"{""error_norm"": 0, ""error_phys_norm"": 0, ""error_prior_norm"": 0, ""f_error_phys"": 0, ""f_error_prior"": 0, ""f_truth_phys"": 0, ""f_truth_prior"": 0, ""nrmse_phys"": 0, ""nrmse_prior"": 0, ""q_phys"": 0, ""q_prior"": 0, ""s_sep"": 0, ""truth_norm"": 0, ""truth_phys_norm"": 0, ""truth_prior_norm"": 0}",0.6536227088531482,2.0523792299117365,3.141587735665888,0.44550105024005365,0.9242427103521401,0.5998708892040137,5.899154730374473,0.5544989497599458,0.07575728964785933,0.5922291062399684,0.4401775754112609,0.3955314584746424,0.7008595561058586,0.6738265670333927,0.1926139112031446,True,True,COMPLETE,True,gaussian,,,,
2003,A2,16,B,48,48,0,0,0,0,0,0,0,True,"{""error_norm"": 0, ""error_phys_norm"": 0, ""error_prior_norm"": 0, ""f_error_phys"": 0, ""f_error_prior"": 0, ""f_truth_phys"": 0, ""f_truth_prior"": 0, ""nrmse_phys"": 0, ""nrmse_prior"": 0, ""q_phys"": 0, ""q_prior"": 0, ""s_sep"": 0, ""truth_norm"": 0, ""truth_phys_norm"": 0, ""truth_prior_norm"": 0}",0.6761124932296941,0.9999999999999994,1.4795246382151097,0.1519485890993129,0.9242427103521401,0.9175414557074443,2.008968692843892,0.8480514109006873,0.07575728964785933,0.4945169282030278,0.45541492051306925,0.1926139112031445,0.7008595561058586,0.6738265670333927,0.1926139112031446,True,True,COMPLETE,True,gaussian,2062.2507655131403,0.003707991944471208,0.003621401041666611,3.4125262001032786e-16
2003,A2,8,A,48,48,0,0,0,0,0,0,0,True,"{""error_norm"": 0, ""error_phys_norm"": 0, ""error_prior_norm"": 0, ""f_error_phys"": 0, ""f_error_prior"": 0, ""f_truth_phys"": 0, ""f_truth_prior"": 0, ""nrmse_phys"": 0, ""nrmse_prior"": 0, ""q_phys"": 0, ""q_prior"": 0, ""s_sep"": 0, ""truth_norm"": 0, ""truth_phys_norm"": 0, ""truth_prior_norm"": 0}",0.37335994316492765,1.7060077746980202,4.578571842585028,0.8451641842214351,0.7918219699026653,0.19560840181965988,4.087773823271573,0.15483581577856415,0.20817803009733427,0.5922291062399684,0.23272467361451143,0.5445123481135073,0.7008595561058586,0.6237576053211337,0.3192469627883147,True,True,COMPLETE,True,gaussian,,,,
2003,A2,8,B,48,48,0,0,0,0,0,0,0,True,"{""error_norm"": 0, ""error_phys_norm"": 0, ""error_prior_norm"": 0, ""f_error_phys"": 0, ""f_error_prior"": 0, ""f_truth_phys"": 0, ""f_truth_prior"": 0, ""nrmse_phys"": 0, ""nrmse_prior"": 0, ""q_phys"": 0, ""q_prior"": 0, ""s_sep"": 0, ""truth_norm"": 0, ""truth_phys_norm"": 0, ""truth_prior_norm"": 0}",0.3682713134530324,1.0000000000000002,2.7183539883827326,0.6590430117013636,0.7918219699026653,0.4304466146110501,3.1822700389947234,0.3409569882986367,0.20817803009733427,0.39329221532888226,0.2295914631304716,0.31924696278831477,0.7008595561058586,0.6237576053211337,0.3192469627883147,True,True,COMPLETE,True,gaussian,2860.744471472692,0.002083641802641978,0.0019985429687500813,3.390217405643271e-16
2003,A3,16,A,48,48,0,0,0,0,0,0,0,True,"{""error_norm"": 0, ""error_phys_norm"": 0, ""error_prior_norm"": 0, ""f_error_phys"": 0, ""f_error_prior"": 0, ""f_truth_phys"": 0, ""f_truth_prior"": 0, ""nrmse_phys"": 0, ""nrmse_prior"": 0, ""q_phys"": 0, ""q_prior"": 0, ""s_sep"": 0, ""truth_norm"": 0, ""truth_phys_norm"": 0, ""truth_prior_norm"": 0}",0.6536227088531482,2.0523792299117365,3.1415877356658886,0.44550105024005365,0.9242427103521401,0.5998708892040137,5.899154730374473,0.5544989497599458,0.07575728964785933,0.5922291062399684,0.4401775754112609,0.3955314584746424,0.7008595561058586,0.6738265670333927,0.1926139112031446,True,True,COMPLETE,True,gaussian,,,,
2003,A3,16,B,48,48,0,0,0,0,0,0,0,True,"{""error_norm"": 0, ""error_phys_norm"": 0, ""error_prior_norm"": 0, ""f_error_phys"": 0, ""f_error_prior"": 0, ""f_truth_phys"": 0, ""f_truth_prior"": 0, ""nrmse_phys"": 0, ""nrmse_prior"": 0, ""q_phys"": 0, ""q_prior"": 0, ""s_sep"": 0, ""truth_norm"": 0, ""truth_phys_norm"": 0, ""truth_prior_norm"": 0}",0.6761124934469945,0.9999999999999994,1.479524637740959,0.1519485890174752,0.9242427103521401,0.9175414557959277,2.0089686917499106,0.8480514109825249,0.07575728964785933,0.4945169283379329,0.45541492065939376,0.1926139112031445,0.7008595561058586,0.6738265670333927,0.1926139112031446,True,True,COMPLETE,True,gaussian,2062.250765512168,0.003701818508886845,0.003614975260416533,3.453351365911877e-16
2003,A3,8,A,48,48,0,0,0,0,0,0,0,True,"{""error_norm"": 0, ""error_phys_norm"": 0, ""error_prior_norm"": 0, ""f_error_phys"": 0, ""f_error_prior"": 0, ""f_truth_phys"": 0, ""f_truth_prior"": 0, ""nrmse_phys"": 0, ""nrmse_prior"": 0, ""q_phys"": 0, ""q_prior"": 0, ""s_sep"": 0, ""truth_norm"": 0, ""truth_phys_norm"": 0, ""truth_prior_norm"": 0}",0.37335994316492765,1.7060077746980202,4.578571842585028,0.8451641842214351,0.7918219699026653,0.19560840181965988,4.087773823271574,0.15483581577856415,0.20817803009733427,0.5922291062399684,0.23272467361451143,0.5445123481135073,0.7008595561058586,0.6237576053211337,0.3192469627883147,True,True,COMPLETE,True,gaussian,,,,
2003,A3,8,B,48,48,0,0,0,0,0,0,0,True,"{""error_norm"": 0, ""error_phys_norm"": 0, ""error_prior_norm"": 0, ""f_error_phys"": 0, ""f_error_prior"": 0, ""f_truth_phys"": 0, ""f_truth_prior"": 0, ""nrmse_phys"": 0, ""nrmse_prior"": 0, ""q_phys"": 0, ""q_prior"": 0, ""s_sep"": 0, ""truth_norm"": 0, ""truth_phys_norm"": 0, ""truth_prior_norm"": 0}",0.36827131345097364,1.0000000000000002,2.7183539883995187,0.6590430117042166,0.7918219699026653,0.43044661460768574,3.1822700390116463,0.3409569882957837,0.20817803009733427,0.3932922153279855,0.22959146312903914,0.31924696278831477,0.7008595561058586,0.6237576053211337,0.3192469627883147,True,True,COMPLETE,True,gaussian,2860.7444714727294,0.0020618996273924495,0.0019711054687498175,3.385763423099847e-16
2003,OFFLINE_FULL_J,16,A,48,48,0,0,0,0,0,0,0,True,"{""error_norm"": 0, ""error_phys_norm"": 0, ""error_prior_norm"": 0, ""f_error_phys"": 0, ""f_error_prior"": 0, ""f_truth_phys"": 0, ""f_truth_prior"": 0, ""nrmse_phys"": 0, ""nrmse_prior"": 0, ""q_phys"": 0, ""q_prior"": 0, ""s_sep"": 0, ""truth_norm"": 0, ""truth_phys_norm"": 0, ""truth_prior_norm"": 0}",0.5944590533237208,1.508106600727988,2.546385209851246,0.5992798046615225,0.8106523092333281,0.4946481075731362,3.20467149034854,0.4007201953384769,0.18934769076667138,0.5922291062399684,0.3746583612841778,0.45851585531025063,0.7008595561058586,0.6310917407055067,0.30433042551316253,True,True,COMPLETE,True,gaussian,,,,
2003,OFFLINE_FULL_J,16,B,48,48,0,0,0,0,0,0,0,True,"{""error_norm"": 0, ""error_phys_norm"": 0, ""error_prior_norm"": 0, ""f_error_phys"": 0, ""f_error_prior"": 0, ""f_truth_phys"": 0, ""f_truth_prior"": 0, ""nrmse_phys"": 0, ""nrmse_prior"": 0, ""q_phys"": 0, ""q_prior"": 0, ""s_sep"": 0, ""truth_norm"": 0, ""truth_phys_norm"": 0, ""truth_prior_norm"": 0}",0.5801046104151476,1.0,1.727407689482848,0.40912105802655024,0.8106523092333281,0.7288224949005331,2.176230047843687,0.5908789419734497,0.18934769076667138,0.47583532785189364,0.36562692729663365,0.30433042551316253,0.7008595561058586,0.6310917407055067,0.30433042551316253,True,True,COMPLETE,True,gaussian,2232.0381448489966,0.0039575517436484615,0.0038684414062499874,2.6182396144786895e-16
2003,OFFLINE_FULL_J,8,A,48,48,0,0,0,0,0,0,0,True,"{""error_norm"": 0, ""error_phys_norm"": 0, ""error_prior_norm"": 0, ""f_error_phys"": 0, ""f_error_prior"": 0, ""f_truth_phys"": 0, ""f_truth_prior"": 0, ""nrmse_phys"": 0, ""nrmse_prior"": 0, ""q_phys"": 0, ""q_prior"": 0, ""s_sep"": 0, ""truth_norm"": 0, ""truth_phys_norm"": 0, ""truth_prior_norm"": 0}",0.37335994316492765,1.7060077746980202,4.578571842585028,0.8451641842214351,0.7918219699026653,0.19560840181965988,4.087773823271573,0.15483581577856415,0.20817803009733427,0.5922291062399684,0.23272467361451143,0.5445123481135073,0.7008595561058586,0.6237576053211337,0.3192469627883147,True,True,COMPLETE,True,gaussian,,,,
2003,OFFLINE_FULL_J,8,B,48,48,0,0,0,0,0,0,0,True,"{""error_norm"": 0, ""error_phys_norm"": 0, ""error_prior_norm"": 0, ""f_error_phys"": 0, ""f_error_prior"": 0, ""f_truth_phys"": 0, ""f_truth_prior"": 0, ""nrmse_phys"": 0, ""nrmse_prior"": 0, ""q_phys"": 0, ""q_prior"": 0, ""s_sep"": 0, ""truth_norm"": 0, ""truth_phys_norm"": 0, ""truth_prior_norm"": 0}",0.36827131345963265,1.0000000000000002,2.7183539883313244,0.6590430116932611,0.7918219699026653,0.43044661462130057,3.1822700389560374,0.34095698830673915,0.20817803009733427,0.39329221533122816,0.22959146313458131,0.31924696278831477,0.7008595561058586,0.6237576053211337,0.3192469627883147,True,True,COMPLETE,True,gaussian,2860.7444714728513,0.0020735935953932008,0.001984929687499882,3.344646755563332e-16
2003,RANDOM,16,A,48,48,0,0,0,0,0,0,0,True,"{""error_norm"": 0, ""error_phys_norm"": 0, ""error_prior_norm"": 0, ""f_error_phys"": 0, ""f_error_prior"": 0, ""f_truth_phys"": 0, ""f_truth_prior"": 0, ""nrmse_phys"": 0, ""nrmse_prior"": 0, ""q_phys"": 0, ""q_prior"": 0, ""s_sep"": 0, ""truth_norm"": 0, ""truth_phys_norm"": 0, ""truth_prior_norm"": 0}",0.643978614666948,1.567761680871242,2.447816203495338,0.5052688259111774,0.8527990240167195,0.5804328630240619,3.4642373623752882,0.4947311740888221,0.1472009759832801,0.5922291062399684,0.41667351222495513,0.4203713262510471,0.7008595561058586,0.6472620610288703,0.26853768476621315,True,True,COMPLETE,True,gaussian,,,,
2003,RANDOM,16,B,48,48,0,0,0,0,0,0,0,True,"{""error_norm"": 0, ""error_phys_norm"": 0, ""error_prior_norm"": 0, ""f_error_phys"": 0, ""f_error_prior"": 0, ""f_truth_phys"": 0, ""f_truth_prior"": 0, ""nrmse_phys"": 0, ""nrmse_prior"": 0, ""q_phys"": 0, ""q_prior"": 0, ""s_sep"": 0, ""truth_norm"": 0, ""truth_phys_norm"": 0, ""truth_prior_norm"": 0}",0.7575369425366493,1.0000000000000004,1.333612582153212,0.23417031064227642,0.8527990240167195,0.8981197305721276,1.5993465003347633,0.7658296893577238,0.1472009759832801,0.5586074918520209,0.48931496956759707,0.26853768476621326,0.7008595561058586,0.6472620610288703,0.26853768476621315,True,True,COMPLETE,True,gaussian,2901.7997785573666,0.004716070812662565,0.004625101562499988,3.4677585621307406e-16
2003,RANDOM,8,A,48,48,0,0,0,0,0,0,0,True,"{""error_norm"": 0, ""error_phys_norm"": 0, ""error_prior_norm"": 0, ""f_error_phys"": 0, ""f_error_prior"": 0, ""f_truth_phys"": 0, ""f_truth_prior"": 0, ""nrmse_phys"": 0, ""nrmse_prior"": 0, ""q_phys"": 0, ""q_prior"": 0, ""s_sep"": 0, ""truth_norm"": 0, ""truth_phys_norm"": 0, ""truth_prior_norm"": 0}",1.6535709767647708,0.7653025884050139,0.46734844563985173,0.769621733231724,0.061332480323294934,3.8402119482187795,0.8199857242604128,0.23037826676827547,0.9386675196767046,0.5922291062399684,0.28368544092916753,0.5196589153337211,0.7008595561058586,0.17298923158554524,0.6790202094439067,True,True,COMPLETE,True,gaussian,,,,
2003,RANDOM,8,B,48,48,0,0,0,0,0,0,0,True,"{""error_norm"": 0, ""error_phys_norm"": 0, ""error_prior_norm"": 0, ""f_error_phys"": 0, ""f_error_prior"": 0, ""f_truth_phys"": 0, ""f_truth_prior"": 0, ""nrmse_phys"": 0, ""nrmse_prior"": 0, ""q_phys"": 0, ""q_prior"": 0, ""s_sep"": 0, ""truth_norm"": 0, ""truth_phys_norm"": 0, ""truth_prior_norm"": 0}",1.698804869730931,1.0,0.5932352836731052,0.8431021501585626,0.061332480323294934,2.602345859242215,0.8982375836492839,0.15689784984143687,0.9386675196767046,0.7394284556368751,0.2921202628487231,0.6790202094439067,0.7008595561058586,0.17298923158554524,0.6790202094439067,True,True,COMPLETE,True,gaussian,13266.62106249862,0.0024400013997857664,0.002351598958333414,2.2729030981787453e-16
2009,A1,16,A,48,48,0,0,0,0,0,0,0,True,"{""error_norm"": 0, ""error_phys_norm"": 0, ""error_prior_norm"": 0, ""f_error_phys"": 0, ""f_error_prior"": 0, ""f_truth_phys"": 0, ""f_truth_prior"": 0, ""nrmse_phys"": 0, ""nrmse_prior"": 0, ""q_phys"": 0, ""q_prior"": 0, ""s_sep"": 0, ""truth_norm"": 0, ""truth_phys_norm"": 0, ""truth_prior_norm"": 0}",0.6013281524322912,2.166423221380064,3.657218749418542,0.8776326327216525,0.6368681365287816,0.19408362436370455,2.4484639570528066,0.12236736727834802,0.3631318634712188,0.33555946419457533,0.115556160368816,0.3147792433870557,0.24210921213634873,0.19339184623743197,0.1453604901859591,True,True,COMPLETE,True,shell,,,,
2009,A1,16,B,48,48,0,0,0,0,0,0,0,True,"{""error_norm"": 0, ""error_phys_norm"": 0, ""error_prior_norm"": 0, ""f_error_phys"": 0, ""f_error_prior"": 0, ""f_truth_phys"": 0, ""f_truth_prior"": 0, ""nrmse_phys"": 0, ""nrmse_prior"": 0, ""q_phys"": 0, ""q_prior"": 0, ""s_sep"": 0, ""truth_norm"": 0, ""truth_phys_norm"": 0, ""truth_prior_norm"": 0}",0.5329392295567982,1.0,1.8816002090876278,0.666617178540359,0.6368681365287816,0.5230161347846519,1.8482215833895397,0.33338282145964143,0.3631318634712188,0.17815086920342435,0.1028225653140844,0.14536049018595906,0.24210921213634873,0.19339184623743197,0.1453604901859591,True,True,COMPLETE,True,shell,1263.0066682964075,0.003618680453428169,0.0035222864583331626,4.9253235882555926e-17
2009,A1,8,A,48,48,0,0,0,0,0,0,0,True,"{""error_norm"": 0, ""error_phys_norm"": 0, ""error_prior_norm"": 0, ""f_error_phys"": 0, ""f_error_prior"": 0, ""f_truth_phys"": 0, ""f_truth_prior"": 0, ""nrmse_phys"": 0, ""nrmse_prior"": 0, ""q_phys"": 0, ""q_prior"": 0, ""s_sep"": 0, ""truth_norm"": 0, ""truth_phys_norm"": 0, ""truth_prior_norm"": 0}",0.34860699984557786,2.123404125825978,6.1233811074913085,0.9619297053402711,0.5910354324148291,0.06462958748273588,2.357874001249621,0.03807029465972938,0.4089645675851712,0.33555946419457533,0.06471627097996833,0.3292103991217061,0.24210921213634873,0.1861888364085316,0.15468027793609376,True,True,COMPLETE,True,shell,,,,
2009,A1,8,B,48,48,0,0,0,0,0,0,0,True,"{""error_norm"": 0, ""error_phys_norm"": 0, ""error_prior_norm"": 0, ""f_error_phys"": 0, ""f_error_prior"": 0, ""f_truth_phys"": 0, ""f_truth_prior"": 0, ""nrmse_phys"": 0, ""nrmse_prior"": 0, ""q_phys"": 0, ""q_prior"": 0, ""s_sep"": 0, ""truth_norm"": 0, ""truth_phys_norm"": 0, ""truth_prior_norm"": 0}",0.3399523996446647,1.0,2.9623458493928125,0.8569101007963855,0.5910354324148291,0.24251330937033677,2.1005802486567577,0.1430898992036147,0.4089645675851712,0.1670856467698694,0.063067654102772,0.15468027793609376,0.24210921213634873,0.1861888364085316,0.15468027793609376,True,True,COMPLETE,True,shell,1473.1610124123508,0.0022536364504048834,0.0021683020833333233,4.51247923115104e-17
2009,A2,16,A,48,48,0,0,0,0,0,0,0,True,"{""error_norm"": 0, ""error_phys_norm"": 0, ""error_prior_norm"": 0, ""f_error_phys"": 0, ""f_error_prior"": 0, ""f_truth_phys"": 0, ""f_truth_prior"": 0, ""nrmse_phys"": 0, ""nrmse_prior"": 0, ""q_phys"": 0, ""q_prior"": 0, ""s_sep"": 0, ""truth_norm"": 0, ""truth_phys_norm"": 0, ""truth_prior_norm"": 0}",0.6013281524322912,2.166423221380064,3.657218749418542,0.8776326327216525,0.6368681365287816,0.19408362436370455,2.4484639570528066,0.12236736727834802,0.3631318634712188,0.33555946419457533,0.115556160368816,0.3147792433870557,0.24210921213634873,0.19339184623743197,0.1453604901859591,True,True,COMPLETE,True,shell,,,,
2009,A2,16,B,48,48,0,0,0,0,0,0,0,True,"{""error_norm"": 0, ""error_phys_norm"": 0, ""error_prior_norm"": 0, ""f_error_phys"": 0, ""f_error_prior"": 0, ""f_truth_phys"": 0, ""f_truth_prior"": 0, ""nrmse_phys"": 0, ""nrmse_prior"": 0, ""q_phys"": 0, ""q_prior"": 0, ""s_sep"": 0, ""truth_norm"": 0, ""truth_phys_norm"": 0, ""truth_prior_norm"": 0}",0.53293922951456,1.0,1.8816002092360646,0.6666171785723584,0.6368681365287816,0.523016134729266,1.848221583464974,0.33338282142764203,0.3631318634712188,0.17815086919932568,0.10282256530634508,0.14536049018595906,0.24210921213634873,0.19339184623743197,0.1453604901859591,True,True,COMPLETE,True,shell,1263.0066682964382,0.0036389263082886223,0.003550372395833362,4.979141593897553e-17
2009,A2,8,A,48,48,0,0,0,0,0,0,0,True,"{""error_norm"": 0, ""error_phys_norm"": 0, ""error_prior_norm"": 0, ""f_error_phys"": 0, ""f_error_prior"": 0, ""f_truth_phys"": 0, ""f_truth_prior"": 0, ""nrmse_phys"": 0, ""nrmse_prior"": 0, ""q_phys"": 0, ""q_prior"": 0, ""s_sep"": 0, ""truth_norm"": 0, ""truth_phys_norm"": 0, ""truth_prior_norm"": 0}",0.34860699984557786,2.123404125825978,6.1233811074913085,0.9619297053402711,0.5910354324148291,0.06462958748273588,2.357874001249621,0.03807029465972938,0.4089645675851712,0.33555946419457533,0.06471627097996833,0.3292103991217061,0.24210921213634873,0.1861888364085316,0.15468027793609376,True,True,COMPLETE,True,shell,,,,
2009,A2,8,B,48,48,0,0,0,0,0,0,0,True,"{""error_norm"": 0, ""error_phys_norm"": 0, ""error_prior_norm"": 0, ""f_error_phys"": 0, ""f_error_prior"": 0, ""f_truth_phys"": 0, ""f_truth_prior"": 0, ""nrmse_phys"": 0, ""nrmse_prior"": 0, ""q_phys"": 0, ""q_prior"": 0, ""s_sep"": 0, ""truth_norm"": 0, ""truth_phys_norm"": 0, ""truth_prior_norm"": 0}",0.339952399583541,1.0,2.9623458499272615,0.8569101008385487,0.5910354324148291,0.24251330929700454,2.100580248756808,0.14308989916145146,0.4089645675851712,0.16708564676576845,0.06306765409165757,0.15468027793609376,0.24210921213634873,0.1861888364085316,0.15468027793609376,True,True,COMPLETE,True,shell,1473.161012412349,0.002223735114436446,0.0021368489583331687,4.4371771053505893e-17
2009,A3,16,A,48,48,0,0,0,0,0,0,0,True,"{""error_norm"": 0, ""error_phys_norm"": 0, ""error_prior_norm"": 0, ""f_error_phys"": 0, ""f_error_prior"": 0, ""f_truth_phys"": 0, ""f_truth_prior"": 0, ""nrmse_phys"": 0, ""nrmse_prior"": 0, ""q_phys"": 0, ""q_prior"": 0, ""s_sep"": 0, ""truth_norm"": 0, ""truth_phys_norm"": 0, ""truth_prior_norm"": 0}",0.6013281524322912,2.166423221380064,3.657218749418542,0.8776326327216525,0.6368681365287816,0.19408362436370455,2.4484639570528066,0.12236736727834802,0.3631318634712188,0.33555946419457533,0.115556160368816,0.3147792433870557,0.24210921213634873,0.19339184623743197,0.1453604901859591,True,True,COMPLETE,True,shell,,,,
2009,A3,16,B,48,48,0,0,0,0,0,0,0,True,"{""error_norm"": 0, ""error_phys_norm"": 0, ""error_prior_norm"": 0, ""f_error_phys"": 0, ""f_error_prior"": 0, ""f_truth_phys"": 0, ""f_truth_prior"": 0, ""nrmse_phys"": 0, ""nrmse_prior"": 0, ""q_phys"": 0, ""q_prior"": 0, ""s_sep"": 0, ""truth_norm"": 0, ""truth_phys_norm"": 0, ""truth_prior_norm"": 0}",0.5329392294647199,1.0,1.8816002094198383,0.6666171786167818,0.6368681365287816,0.5230161346636919,1.8482215835979872,0.33338282138321856,0.3631318634712188,0.17815086919342246,0.10282256529648315,0.14536049018595906,0.24210921213634873,0.19339184623743197,0.1453604901859591,True,True,COMPLETE,True,shell,1263.006668296469,0.003637787321868776,0.003549516927083237,5.0311263680171313e-17
2009,A3,8,A,48,48,0,0,0,0,0,0,0,True,"{""error_norm"": 0, ""error_phys_norm"": 0, ""error_prior_norm"": 0, ""f_error_phys"": 0, ""f_error_prior"": 0, ""f_truth_phys"": 0, ""f_truth_prior"": 0, ""nrmse_phys"": 0, ""nrmse_prior"": 0, ""q_phys"": 0, ""q_prior"": 0, ""s_sep"": 0, ""truth_norm"": 0, ""truth_phys_norm"": 0, ""truth_prior_norm"": 0}",0.34860699984557786,2.123404125825978,6.1233811074913085,0.9619297053402711,0.5910354324148291,0.06462958748273588,2.357874001249621,0.03807029465972938,0.4089645675851712,0.33555946419457533,0.06471627097996833,0.3292103991217061,0.24210921213634873,0.1861888364085316,0.15468027793609376,True,True,COMPLETE,True,shell,,,,
2009,A3,8,B,48,48,0,0,0,0,0,0,0,True,"{""error_norm"": 0, ""error_phys_norm"": 0, ""error_prior_norm"": 0, ""f_error_phys"": 0, ""f_error_prior"": 0, ""f_truth_phys"": 0, ""f_truth_prior"": 0, ""nrmse_phys"": 0, ""nrmse_prior"": 0, ""q_phys"": 0, ""q_prior"": 0, ""s_sep"": 0, ""truth_norm"": 0, ""truth_phys_norm"": 0, ""truth_prior_norm"": 0}",0.3399523996085738,1.0,2.962345849762512,0.8569101008238241,0.5910354324148291,0.24251330932619186,2.1005802487297505,0.14308989917617607,0.4089645675851712,0.16708564676717233,0.0630676540955464,0.15468027793609376,0.24210921213634873,0.1861888364085316,0.15468027793609376,True,True,COMPLETE,True,shell,1473.1610124122938,0.0022607815164974454,0.0021667330729163436,4.5667208934825397e-17
2009,OFFLINE_FULL_J,16,A,48,48,0,0,0,0,0,0,0,True,"{""error_norm"": 0, ""error_phys_norm"": 0, ""error_prior_norm"": 0, ""f_error_phys"": 0, ""f_error_prior"": 0, ""f_truth_phys"": 0, ""f_truth_prior"": 0, ""nrmse_phys"": 0, ""nrmse_prior"": 0, ""q_phys"": 0, ""q_prior"": 0, ""s_sep"": 0, ""truth_norm"": 0, ""truth_phys_norm"": 0, ""truth_prior_norm"": 0}",0.6013281524322912,2.166423221380064,3.657218749418542,0.8776326327216525,0.6368681365287816,0.19408362436370455,2.4484639570528066,0.12236736727834802,0.3631318634712188,0.33555946419457533,0.115556160368816,0.3147792433870557,0.24210921213634873,0.19339184623743197,0.1453604901859591,True,True,COMPLETE,True,shell,,,,
2009,OFFLINE_FULL_J,16,B,48,48,0,0,0,0,0,0,0,True,"{""error_norm"": 0, ""error_phys_norm"": 0, ""error_prior_norm"": 0, ""f_error_phys"": 0, ""f_error_prior"": 0, ""f_truth_phys"": 0, ""f_truth_prior"": 0, ""nrmse_phys"": 0, ""nrmse_prior"": 0, ""q_phys"": 0, ""q_prior"": 0, ""s_sep"": 0, ""truth_norm"": 0, ""truth_phys_norm"": 0, ""truth_prior_norm"": 0}",0.5329392294783539,1.0,1.8816002093726425,0.6666171786037053,0.6368681365287816,0.5230161346815916,1.8482215835552875,0.33338282139629505,0.3631318634712188,0.17815086919524392,0.10282256529929802,0.1453604901859591,0.24210921213634873,0.19339184623743197,0.1453604901859591,True,True,COMPLETE,True,shell,1263.0066682964555,0.003515470162293847,0.0034261888020829523,4.9481901660598984e-17
2009,OFFLINE_FULL_J,8,A,48,48,0,0,0,0,0,0,0,True,"{""error_norm"": 0, ""error_phys_norm"": 0, ""error_prior_norm"": 0, ""f_error_phys"": 0, ""f_error_prior"": 0, ""f_truth_phys"": 0, ""f_truth_prior"": 0, ""nrmse_phys"": 0, ""nrmse_prior"": 0, ""q_phys"": 0, ""q_prior"": 0, ""s_sep"": 0, ""truth_norm"": 0, ""truth_phys_norm"": 0, ""truth_prior_norm"": 0}",0.34860699984557786,2.123404125825978,6.1233811074913085,0.9619297053402711,0.5910354324148291,0.06462958748273588,2.3578740012496215,0.03807029465972938,0.4089645675851712,0.33555946419457533,0.06471627097996833,0.3292103991217061,0.24210921213634873,0.1861888364085316,0.15468027793609376,True,True,COMPLETE,True,shell,,,,
2009,OFFLINE_FULL_J,8,B,48,48,0,0,0,0,0,0,0,True,"{""error_norm"": 0, ""error_phys_norm"": 0, ""error_prior_norm"": 0, ""f_error_phys"": 0, ""f_error_prior"": 0, ""f_truth_phys"": 0, ""f_truth_prior"": 0, ""nrmse_phys"": 0, ""nrmse_prior"": 0, ""q_phys"": 0, ""q_prior"": 0, ""s_sep"": 0, ""truth_norm"": 0, ""truth_phys_norm"": 0, ""truth_prior_norm"": 0}",0.33995239941661753,1.0,2.9623458512515324,0.8569101009626675,0.5910354324148291,0.24251330908855115,2.1005802490637646,0.14308989903733269,0.4089645675851712,0.16708564675377882,0.06306765406135065,0.15468027793609376,0.24210921213634873,0.1861888364085316,0.15468027793609376,True,True,COMPLETE,True,shell,1473.1610124123033,0.0022062265198693845,0.002119520833333388,4.5418487812417824e-17
2009,RANDOM,16,A,48,48,0,0,0,0,0,0,0,True,"{""error_norm"": 0, ""error_phys_norm"": 0, ""error_prior_norm"": 0, ""f_error_phys"": 0, ""f_error_prior"": 0, ""f_truth_phys"": 0, ""f_truth_prior"": 0, ""nrmse_phys"": 0, ""nrmse_prior"": 0, ""q_phys"": 0, ""q_prior"": 0, ""s_sep"": 0, ""truth_norm"": 0, ""truth_phys_norm"": 0, ""truth_prior_norm"": 0}",0.9434682699404241,2.102102690552839,2.2585137913543134,0.6709029851199132,0.7109214730198964,0.4627824461555255,2.3243751984148475,0.32909701488008697,0.289078526980104,0.33555946419457533,0.19347745455213058,0.27367671036002533,0.24210921213634873,0.2041347589258059,0.13012205313680328,True,True,COMPLETE,True,shell,,,,
2009,RANDOM,16,B,48,48,0,0,0,0,0,0,0,True,"{""error_norm"": 0, ""error_phys_norm"": 0, ""error_prior_norm"": 0, ""f_error_phys"": 0, ""f_error_prior"": 0, ""f_truth_phys"": 0, ""f_truth_prior"": 0, ""nrmse_phys"": 0, ""nrmse_prior"": 0, ""q_phys"": 0, ""q_prior"": 0, ""s_sep"": 0, ""truth_norm"": 0, ""truth_phys_norm"": 0, ""truth_prior_norm"": 0}",0.663294031207478,1.0,1.573558571666835,0.4878350018950374,0.7109214730198964,0.7207693186611519,1.691967615159838,0.5121649981049624,0.289078526980104,0.18879289274828157,0.135669481163782,0.1301220531368033,0.24210921213634873,0.2041347589258059,0.13012205313680328,True,True,COMPLETE,True,shell,1464.2485121648886,0.004161061860258997,0.004072360677083081,6.642472800984978e-17
2009,RANDOM,8,A,48,48,0,0,0,0,0,0,0,True,"{""error_norm"": 0, ""error_phys_norm"": 0, ""error_prior_norm"": 0, ""f_error_phys"": 0, ""f_error_prior"": 0, ""f_truth_phys"": 0, ""f_truth_prior"": 0, ""nrmse_phys"": 0, ""nrmse_prior"": 0, ""q_phys"": 0, ""q_prior"": 0, ""s_sep"": 0, ""truth_norm"": 0, ""truth_phys_norm"": 0, ""truth_prior_norm"": 0}",0.701768445391106,1.9914505915293805,2.8589313639920615,0.8467011619827288,0.5915864936827694,0.2588709754273146,2.0756253302246743,0.15329883801727165,0.408413506317231,0.33555946419457533,0.1308667444070876,0.3087788423959222,0.24210921213634873,0.186202288126199,0.15468730229630293,True,True,COMPLETE,True,shell,,,,
2009,RANDOM,8,B,48,48,0,0,0,0,0,0,0,True,"{""error_norm"": 0, ""error_phys_norm"": 0, ""error_prior_norm"": 0, ""f_error_phys"": 0, ""f_error_prior"": 0, ""f_truth_phys"": 0, ""f_truth_prior"": 0, ""nrmse_phys"": 0, ""nrmse_prior"": 0, ""q_phys"": 0, ""q_prior"": 0, ""s_sep"": 0, ""truth_norm"": 0, ""truth_phys_norm"": 0, ""truth_prior_norm"": 0}",0.2915778855821362,1.0,3.5706821761129652,0.8874924866566128,0.5915864936827694,0.1895570041933867,2.175006994956646,0.11250751334338716,0.408413506317231,0.1644242317820949,0.05462207873116683,0.1546873022963029,0.24210921213634873,0.186202288126199,0.15468730229630293,True,True,COMPLETE,True,shell,1507.7337580645042,0.0023762031142950946,0.002279088541666465,5.2809924671229864e-17
2014,A1,16,A,48,48,0,0,0,0,0,0,0,True,"{""error_norm"": 0, ""error_phys_norm"": 0, ""error_prior_norm"": 0, ""f_error_phys"": 0, ""f_error_prior"": 0, ""f_truth_phys"": 0, ""f_truth_prior"": 0, ""nrmse_phys"": 0, ""nrmse_prior"": 0, ""q_phys"": 0, ""q_prior"": 0, ""s_sep"": 0, ""truth_norm"": 0, ""truth_phys_norm"": 0, ""truth_prior_norm"": 0}",0.37506907886981083,1.671361743779869,4.743732249788459,0.9258921402164043,0.6044514073958697,0.12578133902475247,2.8899923466990622,0.0741078597835957,0.3955485926041304,0.12227889139728289,0.03252049593502849,0.11778799579276171,0.12091550035108227,0.0939773716856138,0.0723562836048353,True,True,COMPLETE,True,asymmetric,,,,
2014,A1,16,B,48,48,0,0,0,0,0,0,0,True,"{""error_norm"": 0, ""error_phys_norm"": 0, ""error_prior_norm"": 0, ""f_error_phys"": 0, ""f_error_prior"": 0, ""f_truth_phys"": 0, ""f_truth_prior"": 0, ""nrmse_phys"": 0, ""nrmse_prior"": 0, ""q_phys"": 0, ""q_prior"": 0, ""s_sep"": 0, ""truth_norm"": 0, ""truth_phys_norm"": 0, ""truth_prior_norm"": 0}",0.37767791636587633,1.0000000000000002,2.833481874104286,0.8147505046880038,0.6044514073958697,0.30878844347031703,2.5064822984729713,0.18524949531199617,0.3955485926041304,0.07971212642107697,0.032761929801506016,0.0723562836048353,0.12091550035108227,0.0939773716856138,0.0723562836048353,True,True,COMPLETE,True,asymmetric,314.8013652094466,0.001030778203509423,0.0009316588541668133,1.8450074229054226e-17
2014,A1,8,A,48,48,0,0,0,0,0,0,0,True,"{""error_norm"": 0, ""error_phys_norm"": 0, ""error_prior_norm"": 0, ""f_error_phys"": 0, ""f_error_prior"": 0, ""f_truth_phys"": 0, ""f_truth_prior"": 0, ""nrmse_phys"": 0, ""nrmse_prior"": 0, ""q_phys"": 0, ""q_prior"": 0, ""s_sep"": 0, ""truth_norm"": 0, ""truth_phys_norm"": 0, ""truth_prior_norm"": 0}",0.3143397786708206,1.5306901700831208,5.200492177916316,0.955694898372771,0.5169087419634614,0.08951198742474946,2.3868738937070435,0.04430510162722903,0.48309125803653874,0.12227889139728289,0.025005872141967866,0.11962574947548975,0.12091550035108227,0.08656987016713959,0.0809209367203189,True,True,COMPLETE,True,asymmetric,,,,
2014,A1,8,B,48,48,0,0,0,0,0,0,0,True,"{""error_norm"": 0, ""error_phys_norm"": 0, ""error_prior_norm"": 0, ""f_error_phys"": 0, ""f_error_prior"": 0, ""f_truth_phys"": 0, ""f_truth_prior"": 0, ""nrmse_phys"": 0, ""nrmse_prior"": 0, ""q_phys"": 0, ""q_prior"": 0, ""s_sep"": 0, ""truth_norm"": 0, ""truth_phys_norm"": 0, ""truth_prior_norm"": 0}",0.3075289835528579,1.0000000000000002,3.5403100200679862,0.9062027121131656,0.5169087419634614,0.18599236847179348,2.237565551098885,0.09379728788683461,0.48309125803653874,0.08473257699692281,0.024446364318700207,0.08092093672031891,0.12091550035108227,0.08656987016713959,0.0809209367203189,True,True,COMPLETE,True,asymmetric,414.3456769244004,0.0007524717133454336,0.0006574127604167072,2.650768469411403e-17
2014,A2,16,A,48,48,0,0,0,0,0,0,0,True,"{""error_norm"": 0, ""error_phys_norm"": 0, ""error_prior_norm"": 0, ""f_error_phys"": 0, ""f_error_prior"": 0, ""f_truth_phys"": 0, ""f_truth_prior"": 0, ""nrmse_phys"": 0, ""nrmse_prior"": 0, ""q_phys"": 0, ""q_prior"": 0, ""s_sep"": 0, ""truth_norm"": 0, ""truth_phys_norm"": 0, ""truth_prior_norm"": 0}",0.37506907886981083,1.671361743779869,4.743732249788459,0.9258921402164043,0.6044514073958697,0.12578133902475247,2.8899923466990622,0.0741078597835957,0.3955485926041304,0.12227889139728289,0.03252049593502849,0.11778799579276171,0.12091550035108227,0.0939773716856138,0.0723562836048353,True,True,COMPLETE,True,asymmetric,,,,
2014,A2,16,B,48,48,0,0,0,0,0,0,0,True,"{""error_norm"": 0, ""error_phys_norm"": 0, ""error_prior_norm"": 0, ""f_error_phys"": 0, ""f_error_prior"": 0, ""f_truth_phys"": 0, ""f_truth_prior"": 0, ""nrmse_phys"": 0, ""nrmse_prior"": 0, ""q_phys"": 0, ""q_prior"": 0, ""s_sep"": 0, ""truth_norm"": 0, ""truth_phys_norm"": 0, ""truth_prior_norm"": 0}",0.37767791636587633,1.0,2.833481874104286,0.8147505046880038,0.6044514073958697,0.30878844347031703,2.5064822984729713,0.1852494953119962,0.3955485926041304,0.07971212642107697,0.032761929801506016,0.0723562836048353,0.12091550035108227,0.0939773716856138,0.0723562836048353,True,True,COMPLETE,True,asymmetric,314.8013652094466,0.0010222741804189657,0.0009213294270830804,1.855014547773313e-17
2014,A2,8,A,48,48,0,0,0,0,0,0,0,True,"{""error_norm"": 0, ""error_phys_norm"": 0, ""error_prior_norm"": 0, ""f_error_phys"": 0, ""f_error_prior"": 0, ""f_truth_phys"": 0, ""f_truth_prior"": 0, ""nrmse_phys"": 0, ""nrmse_prior"": 0, ""q_phys"": 0, ""q_prior"": 0, ""s_sep"": 0, ""truth_norm"": 0, ""truth_phys_norm"": 0, ""truth_prior_norm"": 0}",0.3143397786708206,1.5306901700831208,5.200492177916316,0.955694898372771,0.5169087419634614,0.08951198742474946,2.3868738937070435,0.04430510162722903,0.48309125803653874,0.12227889139728289,0.025005872141967866,0.11962574947548975,0.12091550035108227,0.08656987016713959,0.0809209367203189,True,True,COMPLETE,True,asymmetric,,,,
2014,A2,8,B,48,48,0,0,0,0,0,0,0,True,"{""error_norm"": 0, ""error_phys_norm"": 0, ""error_prior_norm"": 0, ""f_error_phys"": 0, ""f_error_prior"": 0, ""f_truth_phys"": 0, ""f_truth_prior"": 0, ""nrmse_phys"": 0, ""nrmse_prior"": 0, ""q_phys"": 0, ""q_prior"": 0, ""s_sep"": 0, ""truth_norm"": 0, ""truth_phys_norm"": 0, ""truth_prior_norm"": 0}",0.3075289835528579,1.0000000000000002,3.5403100200679867,0.9062027121131654,0.5169087419634614,0.18599236847179348,2.237565551098885,0.09379728788683461,0.48309125803653874,0.08473257699692281,0.024446364318700207,0.08092093672031891,0.12091550035108227,0.08656987016713959,0.0809209367203189,True,True,COMPLETE,True,asymmetric,414.3456769244004,0.000781555455811637,0.0006711640624998035,2.636713066123945e-17
2014,A3,16,A,48,48,0,0,0,0,0,0,0,True,"{""error_norm"": 0, ""error_phys_norm"": 0, ""error_prior_norm"": 0, ""f_error_phys"": 0, ""f_error_prior"": 0, ""f_truth_phys"": 0, ""f_truth_prior"": 0, ""nrmse_phys"": 0, ""nrmse_prior"": 0, ""q_phys"": 0, ""q_prior"": 0, ""s_sep"": 0, ""truth_norm"": 0, ""truth_phys_norm"": 0, ""truth_prior_norm"": 0}",0.3750690788698108,1.671361743779869,4.743732249788459,0.9258921402164043,0.6044514073958697,0.12578133902475247,2.8899923466990622,0.0741078597835957,0.3955485926041304,0.12227889139728289,0.03252049593502849,0.11778799579276171,0.12091550035108227,0.0939773716856138,0.0723562836048353,True,True,COMPLETE,True,asymmetric,,,,
2014,A3,16,B,48,48,0,0,0,0,0,0,0,True,"{""error_norm"": 0, ""error_phys_norm"": 0, ""error_prior_norm"": 0, ""f_error_phys"": 0, ""f_error_prior"": 0, ""f_truth_phys"": 0, ""f_truth_prior"": 0, ""nrmse_phys"": 0, ""nrmse_prior"": 0, ""q_phys"": 0, ""q_prior"": 0, ""s_sep"": 0, ""truth_norm"": 0, ""truth_phys_norm"": 0, ""truth_prior_norm"": 0}",0.37767791636587633,1.0,2.833481874104286,0.8147505046880038,0.6044514073958697,0.30878844347031703,2.5064822984729713,0.1852494953119962,0.3955485926041304,0.07971212642107697,0.032761929801506016,0.0723562836048353,0.12091550035108227,0.0939773716856138,0.0723562836048353,True,True,COMPLETE,True,asymmetric,314.8013652094466,0.0010524812877671745,0.0009486210937499814,1.8716158316323e-17
2014,A3,8,A,48,48,0,0,0,0,0,0,0,True,"{""error_norm"": 0, ""error_phys_norm"": 0, ""error_prior_norm"": 0, ""f_error_phys"": 0, ""f_error_prior"": 0, ""f_truth_phys"": 0, ""f_truth_prior"": 0, ""nrmse_phys"": 0, ""nrmse_prior"": 0, ""q_phys"": 0, ""q_prior"": 0, ""s_sep"": 0, ""truth_norm"": 0, ""truth_phys_norm"": 0, ""truth_prior_norm"": 0}",0.3143397786708205,1.5306901700831208,5.200492177916316,0.955694898372771,0.5169087419634614,0.08951198742474946,2.3868738937070435,0.04430510162722903,0.48309125803653874,0.12227889139728289,0.025005872141967866,0.11962574947548975,0.12091550035108227,0.08656987016713959,0.0809209367203189,True,True,COMPLETE,True,asymmetric,,,,
2014,A3,8,B,48,48,0,0,0,0,0,0,0,True,"{""error_norm"": 0, ""error_phys_norm"": 0, ""error_prior_norm"": 0, ""f_error_phys"": 0, ""f_error_prior"": 0, ""f_truth_phys"": 0, ""f_truth_prior"": 0, ""nrmse_phys"": 0, ""nrmse_prior"": 0, ""q_phys"": 0, ""q_prior"": 0, ""s_sep"": 0, ""truth_norm"": 0, ""truth_phys_norm"": 0, ""truth_prior_norm"": 0}",0.30752898355285785,1.0000000000000002,3.5403100200679867,0.9062027121131656,0.5169087419634614,0.18599236847179348,2.237565551098885,0.09379728788683461,0.48309125803653874,0.08473257699692281,0.024446364318700207,0.08092093672031891,0.12091550035108227,0.08656987016713959,0.0809209367203189,True,True,COMPLETE,True,asymmetric,414.3456769244004,0.0007628473283034509,0.0006671627604170338,2.6525827598268593e-17
2014,OFFLINE_FULL_J,16,A,48,48,0,0,0,0,0,0,0,True,"{""error_norm"": 0, ""error_phys_norm"": 0, ""error_prior_norm"": 0, ""f_error_phys"": 0, ""f_error_prior"": 0, ""f_truth_phys"": 0, ""f_truth_prior"": 0, ""nrmse_phys"": 0, ""nrmse_prior"": 0, ""q_phys"": 0, ""q_prior"": 0, ""s_sep"": 0, ""truth_norm"": 0, ""truth_phys_norm"": 0, ""truth_prior_norm"": 0}",0.6314800139635418,1.6876668281916691,2.8875196667128358,0.7647239786226123,0.6721365128194369,0.35642188877595476,2.972531439469735,0.2352760213773877,0.3278634871805631,0.12227889139728289,0.05800904426614373,0.10724920041480847,0.12091550035108227,0.09903965179198275,0.06566414572064469,True,True,COMPLETE,True,asymmetric,,,,
2014,OFFLINE_FULL_J,16,B,48,48,0,0,0,0,0,0,0,True,"{""error_norm"": 0, ""error_phys_norm"": 0, ""error_prior_norm"": 0, ""f_error_phys"": 0, ""f_error_prior"": 0, ""f_truth_phys"": 0, ""f_truth_prior"": 0, ""nrmse_phys"": 0, ""nrmse_prior"": 0, ""q_phys"": 0, ""q_prior"": 0, ""s_sep"": 0, ""truth_norm"": 0, ""truth_phys_norm"": 0, ""truth_prior_norm"": 0}",0.6279874721164879,1.0000000000000002,1.7344749183502464,0.546552023772959,0.6721365128194369,0.6813418774816125,2.0419717575430467,0.4534479762270411,0.3278634871805631,0.08804663993691365,0.05746952511690296,0.0656641457206447,0.12091550035108227,0.09903965179198275,0.06566414572064469,True,True,COMPLETE,True,asymmetric,311.619412787843,0.0014847991790816195,0.0013860247395832508,1.8004884459571277e-17
2014,OFFLINE_FULL_J,8,A,48,48,0,0,0,0,0,0,0,True,"{""error_norm"": 0, ""error_phys_norm"": 0, ""error_prior_norm"": 0, ""f_error_phys"": 0, ""f_error_prior"": 0, ""f_truth_phys"": 0, ""f_truth_prior"": 0, ""nrmse_phys"": 0, ""nrmse_prior"": 0, ""q_phys"": 0, ""q_prior"": 0, ""s_sep"": 0, ""truth_norm"": 0, ""truth_phys_norm"": 0, ""truth_prior_norm"": 0}",0.3143397786708205,1.5306901700831208,5.200492177916316,0.955694898372771,0.5169087419634614,0.08951198742474946,2.3868738937070435,0.04430510162722903,0.48309125803653874,0.12227889139728289,0.025005872141967866,0.11962574947548975,0.12091550035108227,0.08656987016713959,0.0809209367203189,True,True,COMPLETE,True,asymmetric,,,,
2014,OFFLINE_FULL_J,8,B,48,48,0,0,0,0,0,0,0,True,"{""error_norm"": 0, ""error_phys_norm"": 0, ""error_prior_norm"": 0, ""f_error_phys"": 0, ""f_error_prior"": 0, ""f_truth_phys"": 0, ""f_truth_prior"": 0, ""nrmse_phys"": 0, ""nrmse_prior"": 0, ""q_phys"": 0, ""q_prior"": 0, ""s_sep"": 0, ""truth_norm"": 0, ""truth_phys_norm"": 0, ""truth_prior_norm"": 0}",0.3075289835528579,1.0000000000000002,3.5403100200679867,0.9062027121131656,0.5169087419634614,0.18599236847179348,2.237565551098885,0.09379728788683461,0.48309125803653874,0.08473257699692281,0.024446364318700207,0.08092093672031891,0.12091550035108227,0.08656987016713959,0.0809209367203189,True,True,COMPLETE,True,asymmetric,414.3456769244004,0.0007639307975561375,0.0006722213541667706,2.6396542986099604e-17
2014,RANDOM,16,A,48,48,0,0,0,0,0,0,0,True,"{""error_norm"": 0, ""error_phys_norm"": 0, ""error_prior_norm"": 0, ""f_error_phys"": 0, ""f_error_prior"": 0, ""f_truth_phys"": 0, ""f_truth_prior"": 0, ""nrmse_phys"": 0, ""nrmse_prior"": 0, ""q_phys"": 0, ""q_prior"": 0, ""s_sep"": 0, ""truth_norm"": 0, ""truth_phys_norm"": 0, ""truth_prior_norm"": 0}",1.877505795135823,0.7219181829507382,0.39821783501277563,0.37442216583540877,0.2284031409534145,3.38375389240071,0.4800415709205465,0.6255778341645911,0.7715968590465855,0.12227889139728289,0.09699544935076874,0.0729205077267436,0.12091550035108227,0.055502510078069785,0.10538039758487006,True,True,COMPLETE,True,asymmetric,,,,
2014,RANDOM,16,B,48,48,0,0,0,0,0,0,0,True,"{""error_norm"": 0, ""error_phys_norm"": 0, ""error_prior_norm"": 0, ""f_error_phys"": 0, ""f_error_prior"": 0, ""f_truth_phys"": 0, ""f_truth_prior"": 0, ""nrmse_phys"": 0, ""nrmse_prior"": 0, ""q_phys"": 0, ""q_prior"": 0, ""s_sep"": 0, ""truth_norm"": 0, ""truth_phys_norm"": 0, ""truth_prior_norm"": 0}",2.0298772172356467,1.0,0.5219044121797572,0.49306053095356245,0.2284031409534145,2.5461578482670375,0.6327774077916056,0.5069394690464374,0.7715968590465855,0.15126025000916676,0.10496079327262746,0.10538039758487006,0.12091550035108227,0.055502510078069785,0.10538039758487006,True,True,COMPLETE,True,asymmetric,1375.725163791324,0.00258289003589122,0.002487903645833104,2.363418050787197e-17
2014,RANDOM,8,A,48,48,0,0,0,0,0,0,0,True,"{""error_norm"": 0, ""error_phys_norm"": 0, ""error_prior_norm"": 0, ""f_error_phys"": 0, ""f_error_prior"": 0, ""f_truth_phys"": 0, ""f_truth_prior"": 0, ""nrmse_phys"": 0, ""nrmse_prior"": 0, ""q_phys"": 0, ""q_prior"": 0, ""s_sep"": 0, ""truth_norm"": 0, ""truth_phys_norm"": 0, ""truth_prior_norm"": 0}",1.4366746144860285,1.0170148100911678,0.7135340345982316,0.855116162330907,0.07716826382119109,1.9062481766753105,0.9264023044834223,0.14488383766909294,0.922831736178809,0.12227889139728289,0.04549735320796599,0.11325273575601769,0.12091550035108227,0.03312602588457563,0.11619499534656981,True,True,COMPLETE,True,asymmetric,,,,
2014,RANDOM,8,B,48,48,0,0,0,0,0,0,0,True,"{""error_norm"": 0, ""error_phys_norm"": 0, ""error_prior_norm"": 0, ""f_error_phys"": 0, ""f_error_prior"": 0, ""f_truth_phys"": 0, ""f_truth_prior"": 0, ""nrmse_phys"": 0, ""nrmse_prior"": 0, ""q_phys"": 0, ""q_prior"": 0, ""s_sep"": 0, ""truth_norm"": 0, ""truth_phys_norm"": 0, ""truth_prior_norm"": 0}",1.5083220057761217,1.0000000000000002,0.708908673650631,0.8388579790159655,0.07716826382119109,2.110119188276478,0.9090414400101787,0.1611420209840345,0.922831736178809,0.1260850795694165,0.047391761890677626,0.11619499534656984,0.12091550035108227,0.03312602588457563,0.11619499534656981,True,True,COMPLETE,True,asymmetric,1379.2537029948965,0.0006541414758203246,0.0005587486979171571,1.9042961483219587e-17
