scene,method,k,test,expected_condition_count,observed_condition_count,missing_condition_count,unexpected_condition_count,inferred_unknown_condition_count,missing_noise_draw_count,excess_noise_draw_count,duplicate_noise_draw_count,failed_replicate_count,structurally_complete,undefined_condition_counts,data_residual,solve_wall_seconds,solve_process_cpu_seconds,prior_coefficient_norm,metrics_complete,complete
2001,A1,16,B,48,48,0,0,0,0,0,0,0,True,"{""data_residual"": 0, ""prior_coefficient_norm"": 0, ""solve_process_cpu_seconds"": 0, ""solve_wall_seconds"": 0}",400.8423478427408,0.0029707210602509804,0.002886136718749956,5.2709445326137734e-17,True,True
2001,A1,8,B,48,48,0,0,0,0,0,0,0,True,"{""data_residual"": 0, ""prior_coefficient_norm"": 0, ""solve_process_cpu_seconds"": 0, ""solve_wall_seconds"": 0}",768.541656446997,0.0014239382898229753,0.001331894531249991,6.795441949091139e-17,True,True
2001,A2,16,B,48,48,0,0,0,0,0,0,0,True,"{""data_residual"": 0, ""prior_coefficient_norm"": 0, ""solve_process_cpu_seconds"": 0, ""solve_wall_seconds"": 0}",400.84234784283916,0.0029330370666684757,0.002850944010416665,5.302733183190989e-17,True,True
2001,A2,8,B,48,48,0,0,0,0,0,0,0,True,"{""data_residual"": 0, ""prior_coefficient_norm"": 0, ""solve_process_cpu_seconds"": 0, ""solve_wall_seconds"": 0}",768.5416564469934,0.0014045722657177369,0.0013119427083334151,6.743828589765308e-17,True,True
2001,A3,16,B,48,48,0,0,0,0,0,0,0,True,"{""data_residual"": 0, ""prior_coefficient_norm"": 0, ""solve_process_cpu_seconds"": 0, ""solve_wall_seconds"": 0}",400.8423478430108,0.0029129609992727032,0.002823964843749952,5.302111202214898e-17,True,True
2001,A3,8,B,48,48,0,0,0,0,0,0,0,True,"{""data_residual"": 0, ""prior_coefficient_norm"": 0, ""solve_process_cpu_seconds"": 0, ""solve_wall_seconds"": 0}",768.5416564469983,0.001404374414164522,0.0013118763020833254,6.692426595900848e-17,True,True
2001,OFFLINE_FULL_J,16,B,48,48,0,0,0,0,0,0,0,True,"{""data_residual"": 0, ""prior_coefficient_norm"": 0, ""solve_process_cpu_seconds"": 0, ""solve_wall_seconds"": 0}",400.84234784298854,0.002935085619204377,0.0028446536458331937,5.344364911018138e-17,True,True
2001,OFFLINE_FULL_J,8,B,48,48,0,0,0,0,0,0,0,True,"{""data_residual"": 0, ""prior_coefficient_norm"": 0, ""solve_process_cpu_seconds"": 0, ""solve_wall_seconds"": 0}",768.5416564470003,0.0014039060391345022,0.0013120989583333003,6.798874514390546e-17,True,True
2001,RANDOM,16,B,48,48,0,0,0,0,0,0,0,True,"{""data_residual"": 0, ""prior_coefficient_norm"": 0, ""solve_process_cpu_seconds"": 0, ""solve_wall_seconds"": 0}",675.488854785969,0.0037291730714438622,0.003644053385416816,1.0185669789017046e-16,True,True
2001,RANDOM,8,B,48,48,0,0,0,0,0,0,0,True,"{""data_residual"": 0, ""prior_coefficient_norm"": 0, ""solve_process_cpu_seconds"": 0, ""solve_wall_seconds"": 0}",3520.2453705950975,0.002304747233665694,0.002173110677083203,5.2028487970378036e-17,True,True
2003,A1,16,B,48,48,0,0,0,0,0,0,0,True,"{""data_residual"": 0, ""prior_coefficient_norm"": 0, ""solve_process_cpu_seconds"": 0, ""solve_wall_seconds"": 0}",2062.2507655125933,0.0036981998729288534,0.0036086406249999418,3.40340609225709e-16,True,True
2003,A1,8,B,48,48,0,0,0,0,0,0,0,True,"{""data_residual"": 0, ""prior_coefficient_norm"": 0, ""solve_process_cpu_seconds"": 0, ""solve_wall_seconds"": 0}",2860.744471473025,0.002062625822266758,0.001971757812499947,3.3693834433319526e-16,True,True
2003,A2,16,B,48,48,0,0,0,0,0,0,0,True,"{""data_residual"": 0, ""prior_coefficient_norm"": 0, ""solve_process_cpu_seconds"": 0, ""solve_wall_seconds"": 0}",2062.2507655131403,0.003707991944471208,0.003621401041666611,3.4125262001032786e-16,True,True
2003,A2,8,B,48,48,0,0,0,0,0,0,0,True,"{""data_residual"": 0, ""prior_coefficient_norm"": 0, ""solve_process_cpu_seconds"": 0, ""solve_wall_seconds"": 0}",2860.744471472692,0.002083641802641978,0.0019985429687500813,3.390217405643271e-16,True,True
2003,A3,16,B,48,48,0,0,0,0,0,0,0,True,"{""data_residual"": 0, ""prior_coefficient_norm"": 0, ""solve_process_cpu_seconds"": 0, ""solve_wall_seconds"": 0}",2062.250765512168,0.003701818508886845,0.003614975260416533,3.453351365911877e-16,True,True
2003,A3,8,B,48,48,0,0,0,0,0,0,0,True,"{""data_residual"": 0, ""prior_coefficient_norm"": 0, ""solve_process_cpu_seconds"": 0, ""solve_wall_seconds"": 0}",2860.7444714727294,0.0020618996273924495,0.0019711054687498175,3.385763423099847e-16,True,True
2003,OFFLINE_FULL_J,16,B,48,48,0,0,0,0,0,0,0,True,"{""data_residual"": 0, ""prior_coefficient_norm"": 0, ""solve_process_cpu_seconds"": 0, ""solve_wall_seconds"": 0}",2232.0381448489966,0.0039575517436484615,0.0038684414062499874,2.6182396144786895e-16,True,True
2003,OFFLINE_FULL_J,8,B,48,48,0,0,0,0,0,0,0,True,"{""data_residual"": 0, ""prior_coefficient_norm"": 0, ""solve_process_cpu_seconds"": 0, ""solve_wall_seconds"": 0}",2860.7444714728513,0.0020735935953932008,0.001984929687499882,3.344646755563332e-16,True,True
2003,RANDOM,16,B,48,48,0,0,0,0,0,0,0,True,"{""data_residual"": 0, ""prior_coefficient_norm"": 0, ""solve_process_cpu_seconds"": 0, ""solve_wall_seconds"": 0}",2901.7997785573666,0.004716070812662565,0.004625101562499988,3.4677585621307406e-16,True,True
2003,RANDOM,8,B,48,48,0,0,0,0,0,0,0,True,"{""data_residual"": 0, ""prior_coefficient_norm"": 0, ""solve_process_cpu_seconds"": 0, ""solve_wall_seconds"": 0}",13266.62106249862,0.0024400013997857664,0.002351598958333414,2.2729030981787453e-16,True,True
2009,A1,16,B,48,48,0,0,0,0,0,0,0,True,"{""data_residual"": 0, ""prior_coefficient_norm"": 0, ""solve_process_cpu_seconds"": 0, ""solve_wall_seconds"": 0}",1263.0066682964075,0.003618680453428169,0.0035222864583331626,4.9253235882555926e-17,True,True
2009,A1,8,B,48,48,0,0,0,0,0,0,0,True,"{""data_residual"": 0, ""prior_coefficient_norm"": 0, ""solve_process_cpu_seconds"": 0, ""solve_wall_seconds"": 0}",1473.1610124123508,0.0022536364504048834,0.0021683020833333233,4.51247923115104e-17,True,True
2009,A2,16,B,48,48,0,0,0,0,0,0,0,True,"{""data_residual"": 0, ""prior_coefficient_norm"": 0, ""solve_process_cpu_seconds"": 0, ""solve_wall_seconds"": 0}",1263.0066682964382,0.0036389263082886223,0.003550372395833362,4.979141593897553e-17,True,True
2009,A2,8,B,48,48,0,0,0,0,0,0,0,True,"{""data_residual"": 0, ""prior_coefficient_norm"": 0, ""solve_process_cpu_seconds"": 0, ""solve_wall_seconds"": 0}",1473.161012412349,0.002223735114436446,0.0021368489583331687,4.4371771053505893e-17,True,True
2009,A3,16,B,48,48,0,0,0,0,0,0,0,True,"{""data_residual"": 0, ""prior_coefficient_norm"": 0, ""solve_process_cpu_seconds"": 0, ""solve_wall_seconds"": 0}",1263.006668296469,0.003637787321868776,0.003549516927083237,5.0311263680171313e-17,True,True
2009,A3,8,B,48,48,0,0,0,0,0,0,0,True,"{""data_residual"": 0, ""prior_coefficient_norm"": 0, ""solve_process_cpu_seconds"": 0, ""solve_wall_seconds"": 0}",1473.1610124122938,0.0022607815164974454,0.0021667330729163436,4.5667208934825397e-17,True,True
2009,OFFLINE_FULL_J,16,B,48,48,0,0,0,0,0,0,0,True,"{""data_residual"": 0, ""prior_coefficient_norm"": 0, ""solve_process_cpu_seconds"": 0, ""solve_wall_seconds"": 0}",1263.0066682964555,0.003515470162293847,0.0034261888020829523,4.9481901660598984e-17,True,True
2009,OFFLINE_FULL_J,8,B,48,48,0,0,0,0,0,0,0,True,"{""data_residual"": 0, ""prior_coefficient_norm"": 0, ""solve_process_cpu_seconds"": 0, ""solve_wall_seconds"": 0}",1473.1610124123033,0.0022062265198693845,0.002119520833333388,4.5418487812417824e-17,True,True
2009,RANDOM,16,B,48,48,0,0,0,0,0,0,0,True,"{""data_residual"": 0, ""prior_coefficient_norm"": 0, ""solve_process_cpu_seconds"": 0, ""solve_wall_seconds"": 0}",1464.2485121648886,0.004161061860258997,0.004072360677083081,6.642472800984978e-17,True,True
2009,RANDOM,8,B,48,48,0,0,0,0,0,0,0,True,"{""data_residual"": 0, ""prior_coefficient_norm"": 0, ""solve_process_cpu_seconds"": 0, ""solve_wall_seconds"": 0}",1507.7337580645042,0.0023762031142950946,0.002279088541666465,5.2809924671229864e-17,True,True
2014,A1,16,B,48,48,0,0,0,0,0,0,0,True,"{""data_residual"": 0, ""prior_coefficient_norm"": 0, ""solve_process_cpu_seconds"": 0, ""solve_wall_seconds"": 0}",314.8013652094466,0.001030778203509423,0.0009316588541668133,1.8450074229054226e-17,True,True
2014,A1,8,B,48,48,0,0,0,0,0,0,0,True,"{""data_residual"": 0, ""prior_coefficient_norm"": 0, ""solve_process_cpu_seconds"": 0, ""solve_wall_seconds"": 0}",414.3456769244004,0.0007524717133454336,0.0006574127604167072,2.650768469411403e-17,True,True
2014,A2,16,B,48,48,0,0,0,0,0,0,0,True,"{""data_residual"": 0, ""prior_coefficient_norm"": 0, ""solve_process_cpu_seconds"": 0, ""solve_wall_seconds"": 0}",314.8013652094466,0.0010222741804189657,0.0009213294270830804,1.855014547773313e-17,True,True
2014,A2,8,B,48,48,0,0,0,0,0,0,0,True,"{""data_residual"": 0, ""prior_coefficient_norm"": 0, ""solve_process_cpu_seconds"": 0, ""solve_wall_seconds"": 0}",414.3456769244004,0.000781555455811637,0.0006711640624998035,2.636713066123945e-17,True,True
2014,A3,16,B,48,48,0,0,0,0,0,0,0,True,"{""data_residual"": 0, ""prior_coefficient_norm"": 0, ""solve_process_cpu_seconds"": 0, ""solve_wall_seconds"": 0}",314.8013652094466,0.0010524812877671745,0.0009486210937499814,1.8716158316323e-17,True,True
2014,A3,8,B,48,48,0,0,0,0,0,0,0,True,"{""data_residual"": 0, ""prior_coefficient_norm"": 0, ""solve_process_cpu_seconds"": 0, ""solve_wall_seconds"": 0}",414.3456769244004,0.0007628473283034509,0.0006671627604170338,2.6525827598268593e-17,True,True
2014,OFFLINE_FULL_J,16,B,48,48,0,0,0,0,0,0,0,True,"{""data_residual"": 0, ""prior_coefficient_norm"": 0, ""solve_process_cpu_seconds"": 0, ""solve_wall_seconds"": 0}",311.619412787843,0.0014847991790816195,0.0013860247395832508,1.8004884459571277e-17,True,True
2014,OFFLINE_FULL_J,8,B,48,48,0,0,0,0,0,0,0,True,"{""data_residual"": 0, ""prior_coefficient_norm"": 0, ""solve_process_cpu_seconds"": 0, ""solve_wall_seconds"": 0}",414.3456769244004,0.0007639307975561375,0.0006722213541667706,2.6396542986099604e-17,True,True
2014,RANDOM,16,B,48,48,0,0,0,0,0,0,0,True,"{""data_residual"": 0, ""prior_coefficient_norm"": 0, ""solve_process_cpu_seconds"": 0, ""solve_wall_seconds"": 0}",1375.725163791324,0.00258289003589122,0.002487903645833104,2.363418050787197e-17,True,True
2014,RANDOM,8,B,48,48,0,0,0,0,0,0,0,True,"{""data_residual"": 0, ""prior_coefficient_norm"": 0, ""solve_process_cpu_seconds"": 0, ""solve_wall_seconds"": 0}",1379.2537029948965,0.0006541414758203246,0.0005587486979171571,1.9042961483219587e-17,True,True
