method,k,test,scene_clusters,status,information_scope,equal_scene_mean_nrmse_phys,median_scene_nrmse_phys,equal_scene_mean_nrmse_prior,median_scene_nrmse_prior,equal_scene_mean_s_sep,median_scene_s_sep,equal_scene_mean_f_error_prior,median_scene_f_error_prior,equal_scene_mean_f_truth_phys,median_scene_f_truth_phys,equal_scene_mean_q_phys,median_scene_q_phys,equal_scene_mean_q_prior,median_scene_q_prior,equal_scene_mean_f_error_phys,median_scene_f_error_phys,equal_scene_mean_f_truth_prior,median_scene_f_truth_prior,equal_scene_mean_error_norm,median_scene_error_norm,equal_scene_mean_error_phys_norm,median_scene_error_phys_norm,equal_scene_mean_error_prior_norm,median_scene_error_prior_norm,equal_scene_mean_truth_norm,median_scene_truth_norm,equal_scene_mean_truth_phys_norm,median_scene_truth_phys_norm,equal_scene_mean_truth_prior_norm,median_scene_truth_prior_norm
RANDOM,16,A,4,COMPLETE,ONLINE_LEGAL,0.9956770792162906,0.7937234423036861,1.3578823429319948,1.303754249112201,1.7828144819873046,2.142611944720552,0.518952645096048,0.515242714714435,0.6413373269678296,0.7420735714505924,1.2602976607697376,0.5973271522613572,2.193840808379654,2.415542150111391,0.4810473549039519,0.4847572852855647,0.35866267303217025,0.2579264285494078,0.29702576707402173,0.23679753532941786,0.2002449475910412,0.14523645195144966,0.21689531686139862,0.18714471673390193,0.31876774682537,0.2266479654222695,0.2731731841749713,0.19496408279647243,0.15072306952662143,0.11775122536083667
A1,16,A,4,COMPLETE,ONLINE_LEGAL,0.52472224435779,0.5350985948541005,1.7981683400825963,1.8618704868458027,3.606335653622103,3.399403242542215,0.7040147588687485,0.7223329225092681,0.752657325452935,0.740967592031865,0.3585377876906205,0.354249461266858,3.8065094879287265,3.439209632143813,0.2959852411312515,0.27766707749073216,0.24734267454706504,0.2590324079681352,0.29702576707402173,0.23679753532941786,0.1691679022019813,0.10198676873081794,0.23319832454877132,0.21628361958990872,0.31876774682537,0.2266479654222695,0.2889384934886661,0.19397501761782898,0.12289745047788524,0.1133098035517805
A2,16,A,4,COMPLETE,ONLINE_LEGAL,0.52472224435779,0.5350985948541005,1.7981683400825963,1.8618704868458027,3.6063356536221027,3.399403242542215,0.7040147588687485,0.7223329225092681,0.752657325452935,0.740967592031865,0.3585377876906205,0.354249461266858,3.8065094879287265,3.439209632143813,0.2959852411312515,0.27766707749073216,0.24734267454706504,0.2590324079681352,0.29702576707402173,0.23679753532941786,0.1691679022019813,0.10198676873081794,0.23319832454877132,0.21628361958990872,0.31876774682537,0.2266479654222695,0.2889384934886661,0.193975017617829,0.12289745047788524,0.1133098035517805
A3,16,A,4,COMPLETE,ONLINE_LEGAL,0.52472224435779,0.5350985948541005,1.7981683400825963,1.8618704868458027,3.606335653622103,3.399403242542215,0.7040147588687485,0.7223329225092681,0.752657325452935,0.740967592031865,0.3585377876906205,0.354249461266858,3.8065094879287265,3.439209632143813,0.2959852411312515,0.27766707749073216,0.24734267454706504,0.2590324079681352,0.29702576707402173,0.23679753532941786,0.1691679022019813,0.10198676873081794,0.23319832454877132,0.21628361958990872,0.31876774682537,0.2266479654222695,0.2889384934886661,0.193975017617829,0.12289745047788524,0.1133098035517805
OFFLINE_FULL_J,16,A,4,COMPLETE,OFFLINE_ORACLE_DIAGNOSTIC,0.5740340642488659,0.597893602878006,1.666176453889609,1.5978867144598285,2.9934818763995366,2.885161773164179,0.7021674070756677,0.6820018916420674,0.7411810015291238,0.7413944110263825,0.38989222972070176,0.4255349981745455,3.1535234511149115,3.0886014649091376,0.29783259292433223,0.3179981083579323,0.25881899847087625,0.25860558897361724,0.29702576707402173,0.23679753532941786,0.15916023575298935,0.10198676873081794,0.2463097249131851,0.21101422190093208,0.31876774682537,0.2266479654222695,0.27952035693328686,0.193975017617829,0.14915354458434205,0.1133098035517805
RANDOM,8,A,4,COMPLETE,ONLINE_LEGAL,1.193536431625649,1.2094031521733595,1.0940535444703112,0.8911586992480909,1.167149428946017,0.6711589530760772,0.7891344160111838,0.8081614476072264,0.2192670942835735,0.11207470156411481,2.100512694981422,2.151483928139797,1.1572391856285367,0.8731940143719176,0.21086558398881622,0.19183855239277356,0.7807329057164265,0.8879252984358852,0.29702576707402173,0.23679753532941786,0.13402457539816456,0.10345775372776236,0.26411732324390186,0.21177882094293432,0.31876774682537,0.2266479654222695,0.11800491548632323,0.12634567396725915,0.28625509725530474,0.17490259211537118
A1,8,A,4,COMPLETE,ONLINE_LEGAL,0.3372165324399984,0.33147338925819925,1.5963372718731335,1.6183489723905704,4.828632092517469,4.889532010250672,0.9044680972290137,0.9053892496771743,0.6321754702626489,0.6099855845922344,0.14523007849119332,0.14256019462220468,2.825424709350605,2.428025506440612,0.09553190277098621,0.09461075032282563,0.36782452973735114,0.3900144154077658,0.29702576707402173,0.23679753532941786,0.093270910596024,0.057676548313808355,0.2803458414376226,0.22862263408074668,0.31876774682537,0.2266479654222695,0.2661385548385547,0.1771133719329728,0.1702795086704349,0.14047506758655304
A2,8,A,4,COMPLETE,ONLINE_LEGAL,0.3372165324399984,0.33147338925819925,1.5963372718731335,1.6183489723905704,4.828632092517469,4.889532010250672,0.9044680972290137,0.9053892496771743,0.6321754702626489,0.6099855845922344,0.14523007849119332,0.14256019462220468,2.825424709350605,2.428025506440612,0.09553190277098621,0.09461075032282563,0.36782452973735114,0.3900144154077657,0.29702576707402173,0.23679753532941786,0.093270910596024,0.057676548313808355,0.2803458414376226,0.22862263408074668,0.31876774682537,0.2266479654222695,0.2661385548385547,0.1771133719329728,0.1702795086704349,0.14047506758655304
A3,8,A,4,COMPLETE,ONLINE_LEGAL,0.3372165324399984,0.3314733892581992,1.5963372718731335,1.6183489723905704,4.828632092517469,4.889532010250672,0.9044680972290137,0.9053892496771743,0.6321754702626489,0.6099855845922344,0.14523007849119332,0.14256019462220468,2.825424709350605,2.428025506440612,0.09553190277098621,0.09461075032282563,0.36782452973735114,0.3900144154077658,0.29702576707402173,0.23679753532941786,0.093270910596024,0.057676548313808355,0.2803458414376226,0.22862263408074668,0.31876774682537,0.2266479654222695,0.2661385548385547,0.1771133719329728,0.1702795086704349,0.14047506758655304
OFFLINE_FULL_J,8,A,4,COMPLETE,OFFLINE_ORACLE_DIAGNOSTIC,0.3372165324399984,0.3314733892581992,1.5963372718731335,1.6183489723905704,4.828632092517469,4.889532010250672,0.9044680972290137,0.9053892496771743,0.6321754702626489,0.6099855845922344,0.14523007849119332,0.14256019462220468,2.825424709350605,2.428025506440612,0.09553190277098621,0.09461075032282563,0.36782452973735114,0.3900144154077658,0.29702576707402173,0.23679753532941786,0.093270910596024,0.057676548313808355,0.2803458414376226,0.22862263408074668,0.31876774682537,0.2266479654222695,0.2661385548385547,0.1771133719329728,0.1702795086704349,0.14047506758655304
RANDOM,16,B,4,COMPLETE,ONLINE_LEGAL,1.0125521303866833,0.7104154868720636,1.0,1.0,1.285848002471075,1.4535855769100237,0.41542144180670587,0.4672274628154923,0.6413373269678296,0.7420735714505924,1.2197295881105057,0.8094445246166397,1.5073783013739277,1.6456570577473006,0.5845785581932942,0.5327725371845077,0.35866267303217025,0.2579264285494078,0.2614918394346647,0.17002657137872418,0.20959885465397574,0.12205982788783926,0.15072306952662146,0.11775122536083668,0.31876774682537,0.2266479654222695,0.2731731841749713,0.19496408279647243,0.15072306952662143,0.11775122536083667
A1,16,B,4,COMPLETE,ONLINE_LEGAL,0.5098766621155448,0.4928581193021796,1.0,1.0,2.1264909781626584,2.0964787004538334,0.5268691560651046,0.5703887652842349,0.752657325452935,0.740967592031865,0.5927209907457355,0.5722770318512893,2.402500936588489,2.2577254949831596,0.47313084393489546,0.42961123471576546,0.24734267454706504,0.2590324079681352,0.2176910306272107,0.1482675338595924,0.16907607424908538,0.09406372325146437,0.1228974504778852,0.1133098035517805,0.31876774682537,0.2266479654222695,0.2889384934886661,0.19397501761782898,0.12289745047788524,0.1133098035517805
A2,16,B,4,COMPLETE,ONLINE_LEGAL,0.5098766620638725,0.4928581193299597,0.9999999999999999,1.0,2.126490978320008,2.0964787004803185,0.5268691560765167,0.5703887652593751,0.752657325452935,0.740967592031865,0.5927209907296245,0.5722770318703685,2.4025009368165198,2.2577254956584314,0.4731308439234834,0.42961123474062524,0.24734267454706504,0.2590324079681352,0.21769103058830697,0.14826753386456154,0.16907607420642154,0.09406372325555545,0.1228974504778852,0.1133098035517805,0.31876774682537,0.2266479654222695,0.2889384934886661,0.193975017617829,0.12289745047788524,0.1133098035517805
A3,16,B,4,COMPLETE,ONLINE_LEGAL,0.5098766620937722,0.4928581192811089,0.9999999999999999,1.0,2.126490978375832,2.0964787008290413,0.5268691560838217,0.5703887653149039,0.752657325452935,0.740967592031865,0.5927209907145491,0.5722770317959758,2.402500936659406,2.257725495111441,0.47313084391617843,0.42961123468509643,0.24734267454706504,0.2590324079681352,0.21769103061928086,0.14826753385905675,0.16907607423804333,0.09406372324563672,0.1228974504778852,0.1133098035517805,0.31876774682537,0.2266479654222695,0.2889384934886661,0.193975017617829,0.12289745047788524,0.1133098035517805
OFFLINE_FULL_J,16,B,4,COMPLETE,OFFLINE_ORACLE_DIAGNOSTIC,0.5484520802926334,0.5565219199467508,1.0,1.0,1.9137100022022446,1.8080375638614443,0.5241126530820183,0.5103561878489087,0.7411810015291238,0.7413944110263825,0.6386796090247302,0.6514399032583981,2.3281886402923675,2.109100902693367,0.4758873469179819,0.48964381215109143,0.25881899847087625,0.25860558897361724,0.21510425887919624,0.1482675338639888,0.152805974730376,0.0940637232539837,0.14915354458434205,0.1133098035517805,0.31876774682537,0.2266479654222695,0.27952035693328686,0.193975017617829,0.14915354458434205,0.1133098035517805
RANDOM,8,B,4,COMPLETE,ONLINE_LEGAL,1.1429591791375755,1.2907269806186177,1.0,1.0,1.4581794289243601,0.8344001279556852,0.8520526416455152,0.840980064587264,0.2192670942835735,0.11207470156411481,1.511482298896099,1.6270131660743972,1.2417820102714283,0.946941731239892,0.14794735835448466,0.15901993541273568,0.7807329057164265,0.8879252984358852,0.310591616029353,0.1884264644555601,0.1192860895901309,0.06881616681056144,0.28625509725530474,0.17490259211537118,0.31876774682537,0.2266479654222695,0.11800491548632323,0.12634567396725915,0.28625509725530474,0.17490259211537118
A1,8,B,4,COMPLETE,ONLINE_LEGAL,0.3284487459132823,0.3237406915987613,1.0000000000000002,1.0000000000000002,3.207727063260906,3.2513279347303996,0.8221335787321471,0.861644295532848,0.6321754702626489,0.6099855845922344,0.2682029249777528,0.22818635844508528,2.506269304175488,2.3711134644152145,0.17786642126785324,0.13835570446715234,0.36782452973735114,0.3900144154077658,0.19513208479112668,0.151251773426402,0.09127406214338275,0.055529210574619424,0.17027950867043493,0.14047506758655304,0.31876774682537,0.2266479654222695,0.2661385548385547,0.1771133719329728,0.1702795086704349,0.14047506758655304
A2,8,B,4,COMPLETE,ONLINE_LEGAL,0.3284487459075541,0.32374069156819946,1.0000000000000002,1.0000000000000002,3.2077270633238255,3.251327934997624,0.8221335787310883,0.8616442955549122,0.6321754702626489,0.6099855845922344,0.26820292497416565,0.22818635840690954,2.506269304146899,2.371113464418032,0.17786642126891192,0.1383557044450882,0.36782452973735114,0.3900144154077657,0.19513208479358857,0.1512517734242746,0.09127406214673112,0.05552921056887633,0.17027950867043493,0.14047506758655304,0.31876774682537,0.2266479654222695,0.2661385548385547,0.1771133719329728,0.1702795086704349,0.14047506758655304
A3,8,B,4,COMPLETE,ONLINE_LEGAL,0.32844874591159506,0.32374069158071583,1.0000000000000002,1.0000000000000002,3.2077270633025066,3.251327934915249,0.8221335787295775,0.8616442955504638,0.6321754702626489,0.6099855845922344,0.268202924978391,0.22818635841704238,2.5062693041485673,2.3711134644264362,0.1778664212704228,0.13835570444953643,0.36782452973735114,0.3900144154077658,0.19513208479360145,0.15125177342474877,0.09127406214706893,0.05552921057026816,0.17027950867043493,0.14047506758655304,0.31876774682537,0.2266479654222695,0.2661385548385547,0.1771133719329728,0.1702795086704349,0.14047506758655304
OFFLINE_FULL_J,8,B,4,COMPLETE,OFFLINE_ORACLE_DIAGNOSTIC,0.32844874586369266,0.3237406914847377,1.0,1.0,3.2077270636745916,3.2513279356597593,0.8221335787630828,0.8616442956229522,0.6321754702626489,0.6099855845922344,0.26820292491980624,0.2281863582930655,2.5062693042219166,2.3711134644339324,0.1778664212369175,0.13835570437704814,0.36782452973735114,0.3900144154077658,0.19513208479095023,0.15125177341782498,0.09127406213961473,0.055529210552588665,0.17027950867043493,0.14047506758655304,0.31876774682537,0.2266479654222695,0.2661385548385547,0.1771133719329728,0.1702795086704349,0.14047506758655304
