scene,k,first,second,indices_first,indices_second,same_selected_index_set,same_selected_index_order,projector_frobenius_distance,selected_index_jaccard
2001,16,A1,A2,"[0, 1, 2, 3, 5, 4, 7, 6, 9, 8, 11, 10, 12, 13, 14, 15]","[1, 0, 2, 3, 5, 4, 6, 7, 8, 9, 10, 11, 12, 13, 14, 15]",True,False,3.5009400195460194e-16,1.0
2001,16,A2,A3,"[1, 0, 2, 3, 5, 4, 6, 7, 8, 9, 10, 11, 12, 13, 14, 15]","[1, 0, 2, 3, 6, 7, 5, 4, 8, 9, 11, 10, 13, 12, 14, 15]",True,False,3.630695385368456e-16,1.0
2001,8,A1,A2,"[0, 1, 2, 3, 5, 4, 7, 6]","[1, 0, 2, 3, 5, 4, 6, 7]",True,False,2.1712052054544017e-16,1.0
2001,8,A2,A3,"[1, 0, 2, 3, 5, 4, 6, 7]","[1, 0, 2, 3, 6, 7, 5, 4]",True,False,2.763605408480183e-16,1.0
2003,16,A1,A2,"[0, 1, 2, 3, 5, 4, 7, 6, 8, 9, 11, 10, 13, 12, 15, 14]","[1, 0, 2, 3, 4, 5, 6, 7, 8, 9, 10, 11, 12, 13, 14, 15]",True,False,3.6218547742711946e-16,1.0
2003,16,A2,A3,"[1, 0, 2, 3, 4, 5, 6, 7, 8, 9, 10, 11, 12, 13, 14, 15]","[1, 0, 3, 2, 6, 7, 4, 5, 9, 8, 10, 11, 12, 13, 14, 15]",True,False,3.982314576450942e-16,1.0
2003,8,A1,A2,"[0, 1, 2, 3, 5, 4, 7, 6]","[1, 0, 2, 3, 4, 5, 6, 7]",True,False,1.978271449405892e-16,1.0
2003,8,A2,A3,"[1, 0, 2, 3, 4, 5, 6, 7]","[1, 0, 3, 2, 6, 7, 4, 5]",True,False,2.9505766431695205e-16,1.0
2014,16,A1,A2,"[1, 0, 3, 2, 4, 5, 6, 7, 9, 8, 10, 11, 13, 12, 14, 15]","[0, 1, 2, 3, 5, 4, 6, 7, 8, 9, 11, 10, 12, 13, 15, 14]",True,False,4.3209881248156883e-16,1.0
2014,16,A2,A3,"[0, 1, 2, 3, 5, 4, 6, 7, 8, 9, 11, 10, 12, 13, 15, 14]","[1, 0, 7, 6, 2, 3, 5, 4, 8, 9, 10, 11, 13, 12, 15, 14]",True,False,4.401107221921024e-16,1.0
2014,8,A1,A2,"[1, 0, 3, 2, 4, 5, 6, 7]","[0, 1, 2, 3, 5, 4, 6, 7]",True,False,2.368186200906888e-16,1.0
2014,8,A2,A3,"[0, 1, 2, 3, 5, 4, 6, 7]","[1, 0, 7, 6, 2, 3, 5, 4]",True,False,3.299312474470917e-16,1.0
2009,16,A1,A2,"[0, 1, 2, 3, 4, 5, 6, 7, 9, 8, 11, 10, 12, 13, 14, 15]","[0, 1, 2, 3, 5, 4, 6, 7, 8, 9, 10, 11, 12, 13, 15, 14]",True,False,3.5316542923594824e-16,1.0
2009,16,A2,A3,"[0, 1, 2, 3, 5, 4, 6, 7, 8, 9, 10, 11, 12, 13, 15, 14]","[0, 1, 7, 6, 2, 3, 4, 5, 8, 9, 10, 11, 12, 13, 15, 14]",True,False,3.558974511911822e-16,1.0
2009,8,A1,A2,"[0, 1, 2, 3, 4, 5, 6, 7]","[0, 1, 2, 3, 5, 4, 6, 7]",True,False,1.3898486218064914e-16,1.0
2009,8,A2,A3,"[0, 1, 2, 3, 5, 4, 6, 7]","[0, 1, 7, 6, 2, 3, 4, 5]",True,False,3.083857390156758e-16,1.0
