scene_id,evidence_scope,method,rows_with_pairs,rows_in_scene_scope,spearman,MAE,spearman_status,sampling_unit,scope_note
2001,deployable,A0,528,528,0.2400527929233813,0.04451705833071199,RECORDED_DESCRIPTIVE,scene; directions/amplitudes/noise draws are correlated observations,pooled within this scene and evidence scope; no p-value or independent-draw CI
2001,deployable,A1,528,528,0.29517861484145197,0.042143622393321215,RECORDED_DESCRIPTIVE,scene; directions/amplitudes/noise draws are correlated observations,pooled within this scene and evidence scope; no p-value or independent-draw CI
2001,deployable,A2,528,528,0.267023090936382,180.98372190793853,RECORDED_DESCRIPTIVE,scene; directions/amplitudes/noise draws are correlated observations,pooled within this scene and evidence scope; no p-value or independent-draw CI
2001,deployable,A3,528,528,0.2531351657993552,36.435059351403744,RECORDED_DESCRIPTIVE,scene; directions/amplitudes/noise draws are correlated observations,pooled within this scene and evidence scope; no p-value or independent-draw CI
2003,deployable,A0,528,528,-0.5333844721436616,0.15151570666211062,RECORDED_DESCRIPTIVE,scene; directions/amplitudes/noise draws are correlated observations,pooled within this scene and evidence scope; no p-value or independent-draw CI
2003,deployable,A1,528,528,-0.27473459330210687,0.13235540525783765,RECORDED_DESCRIPTIVE,scene; directions/amplitudes/noise draws are correlated observations,pooled within this scene and evidence scope; no p-value or independent-draw CI
2003,deployable,A2,528,528,-0.38419960470299747,188.48087289270978,RECORDED_DESCRIPTIVE,scene; directions/amplitudes/noise draws are correlated observations,pooled within this scene and evidence scope; no p-value or independent-draw CI
2003,deployable,A3,528,528,-0.19391888157557063,39.25637278793451,RECORDED_DESCRIPTIVE,scene; directions/amplitudes/noise draws are correlated observations,pooled within this scene and evidence scope; no p-value or independent-draw CI
2009,deployable,A0,528,528,0.631098922611997,0.03926794689017914,RECORDED_DESCRIPTIVE,scene; directions/amplitudes/noise draws are correlated observations,pooled within this scene and evidence scope; no p-value or independent-draw CI
2009,deployable,A1,528,528,0.7425577918450943,0.030058366809377554,RECORDED_DESCRIPTIVE,scene; directions/amplitudes/noise draws are correlated observations,pooled within this scene and evidence scope; no p-value or independent-draw CI
2009,deployable,A2,528,528,0.7339438935167951,144.74121364656162,RECORDED_DESCRIPTIVE,scene; directions/amplitudes/noise draws are correlated observations,pooled within this scene and evidence scope; no p-value or independent-draw CI
2009,deployable,A3,528,528,0.7862496952828765,30.705914125828652,RECORDED_DESCRIPTIVE,scene; directions/amplitudes/noise draws are correlated observations,pooled within this scene and evidence scope; no p-value or independent-draw CI
2014,deployable,A0,528,528,0.8916629503409725,0.034321442805304136,RECORDED_DESCRIPTIVE,scene; directions/amplitudes/noise draws are correlated observations,pooled within this scene and evidence scope; no p-value or independent-draw CI
2014,deployable,A1,528,528,0.9453092637154595,0.030855953799815396,RECORDED_DESCRIPTIVE,scene; directions/amplitudes/noise draws are correlated observations,pooled within this scene and evidence scope; no p-value or independent-draw CI
2014,deployable,A2,528,528,0.9473986440382752,176.8228113219948,RECORDED_DESCRIPTIVE,scene; directions/amplitudes/noise draws are correlated observations,pooled within this scene and evidence scope; no p-value or independent-draw CI
2014,deployable,A3,528,528,0.9473986440382752,35.408992666211574,RECORDED_DESCRIPTIVE,scene; directions/amplitudes/noise draws are correlated observations,pooled within this scene and evidence scope; no p-value or independent-draw CI
