scene_id,family,split_rank,status,actual_current_rank,sigma_min,sigma_max,regularization,noise_gain,nuisance_leakage,attribution_error,orthogonality,nuisance_rank,full_model_certified,certificate_type
2001,gaussian,4,TANGENT_CANDIDATE,32,12225.327443072552,19992.568950610013,39970.2813244895,8.177553054613035e-05,1.9665536501848895e-16,0.00040368445363775195,1.0128420408323855e-15,28,False,empirical_indicator
2001,gaussian,8,TANGENT_CANDIDATE,32,9881.671951156322,19992.56895061002,39970.2813244895,0.00010115604321002629,2.488183149443779e-16,0.0008457652539800698,1.17252630242171e-15,24,False,empirical_indicator
2001,gaussian,16,TANGENT_CANDIDATE,32,4783.67658023285,19992.568950610017,39970.2813244895,0.0002086797357376572,1.5437300518758186e-16,0.0039924118842653,1.271326234894548e-15,16,False,empirical_indicator
2003,gaussian,4,TANGENT_CANDIDATE,32,11915.256535333341,20080.169877008244,40321.32222895093,8.390218635864959e-05,2.2359455401826104e-16,0.00042570360926145166,1.263383226180413e-15,28,False,empirical_indicator
2003,gaussian,8,TANGENT_CANDIDATE,32,10615.29381631129,20080.169877008244,40321.32222895093,9.417000793878562e-05,2.37099507500241e-16,0.0008015227747419518,1.6793722576300176e-15,24,False,empirical_indicator
2003,gaussian,16,TANGENT_CANDIDATE,32,3054.2011878778826,20080.169877008244,40321.32222895093,0.00032600866745121894,1.2802584481659074e-16,0.006831691536403702,1.7444291619851823e-15,16,False,empirical_indicator
2014,asymmetric,4,TANGENT_CANDIDATE,32,11920.85701870043,20127.193240914563,40510.390775711654,8.386267947853766e-05,2.0875740806939264e-16,0.0004271219433365184,1.3155608986603728e-15,28,False,empirical_indicator
2014,asymmetric,8,TANGENT_CANDIDATE,32,10575.328825163926,20127.19324091456,40510.390775711654,9.452546795247715e-05,2.60403713497372e-16,0.0008007980501784985,1.1029286008593433e-15,24,False,empirical_indicator
2014,asymmetric,16,TANGENT_CANDIDATE,32,2435.6085258678045,20127.19324091456,40510.390775711654,0.00040779024873817724,1.3005681623576478e-16,0.010072892788263869,1.1168649975048419e-15,16,False,empirical_indicator
2009,shell,4,TANGENT_CANDIDATE,32,11890.606012277669,20111.148829048663,40445.830722414605,8.407595164470741e-05,2.090058299960311e-16,0.00042845019092565477,1.2672964638580007e-15,28,False,empirical_indicator
2009,shell,8,TANGENT_CANDIDATE,32,10544.237711507463,20111.148829048656,40445.830722414605,9.480404139370506e-05,2.1716492684258034e-16,0.0008022604847162544,1.927409857493682e-15,24,False,empirical_indicator
2009,shell,16,TANGENT_CANDIDATE,32,2471.8087720783406,20111.14882904866,40445.830722414605,0.0004019015376639651,1.2000645437869613e-16,0.009814879068093831,1.515655724806811e-15,16,False,empirical_indicator
