parent_id,iteration,arm,metric,value,status,assessable
2001,17,BASE_G,b_dual,0.0014793288265069569,OK,True
2001,17,PRIMAL_G,b_dual,0.0014819226038327268,OK,True
2001,17,DUAL_G,b_dual,5.150523360258243e-17,OK,True
2001,17,BOTH_G,b_dual,8.861646121897879e-17,OK,True
2001,17,RANDOM_G,b_dual,0.0014867575401701627,OK,True
2001,17,BOTH_PG,b_dual,2.222631872327066e-17,OK,True
2001,17,RANDOM_PG,b_dual,0.0013465474188834549,OK,True
2001,17,BASE_G,b_primal,0.002051753125091949,OK,True
2001,17,PRIMAL_G,b_primal,8.221854206363922e-18,OK,True
2001,17,DUAL_G,b_primal,0.0016734707314648726,OK,True
2001,17,BOTH_G,b_primal,8.916229038391361e-18,OK,True
2001,17,RANDOM_G,b_primal,0.0020982718603836463,OK,True
2001,17,BOTH_PG,b_primal,3.209600850005702e-17,OK,True
2001,17,RANDOM_PG,b_primal,0.002534593912907887,OK,True
2001,17,BASE_G,b_solver,0.0023790424007670502,OK,True
2001,17,PRIMAL_G,b_solver,0.0014819226038327307,OK,True
2001,17,DUAL_G,b_solver,0.0016734707316816125,OK,True
2001,17,BOTH_G,b_solver,8.585983691258413e-17,OK,True
2001,17,RANDOM_G,b_solver,0.002432713540573269,OK,True
2001,17,BOTH_PG,b_solver,4.9714303043467497e-17,OK,True
2001,17,RANDOM_PG,b_solver,0.002600329639696386,OK,True
2005,17,BASE_G,b_dual,0.002529593750914805,OK,True
2005,17,PRIMAL_G,b_dual,0.002546913094197922,OK,True
2005,17,DUAL_G,b_dual,1.2966881838743352e-16,OK,True
2005,17,BOTH_G,b_dual,8.916971343814481e-17,OK,True
2005,17,RANDOM_G,b_dual,0.0026190933392221854,OK,True
2005,17,BOTH_PG,b_dual,3.5692054871759006e-17,OK,True
2005,17,RANDOM_PG,b_dual,0.00261182196351449,OK,True
2005,17,BASE_G,b_primal,0.008349822765545413,OK,True
2005,17,PRIMAL_G,b_primal,1.3386481894696294e-17,OK,True
2005,17,DUAL_G,b_primal,0.007063543375482137,OK,True
2005,17,BOTH_G,b_primal,1.4805148493841345e-17,OK,True
2005,17,RANDOM_G,b_primal,0.008279309263919468,OK,True
2005,17,BOTH_PG,b_primal,4.520969426619757e-17,OK,True
2005,17,RANDOM_PG,b_primal,0.008404797025642001,OK,True
2005,17,BASE_G,b_solver,0.008566212371524266,OK,True
2005,17,PRIMAL_G,b_solver,0.0025469130941979073,OK,True
2005,17,DUAL_G,b_solver,0.007063543375482161,OK,True
2005,17,BOTH_G,b_solver,1.1978065167663573e-16,OK,True
2005,17,RANDOM_G,b_solver,0.008505957866407845,OK,True
2005,17,BOTH_PG,b_solver,1.1374715629662224e-16,OK,True
2005,17,RANDOM_PG,b_solver,0.00872645961742505,OK,True
2003,17,BASE_G,b_dual,0.004951115530979267,OK,True
2003,17,PRIMAL_G,b_dual,0.005171135731930599,OK,True
2003,17,DUAL_G,b_dual,4.579725383317587e-17,OK,True
2003,17,BOTH_G,b_dual,5.88537953029092e-17,OK,True
2003,17,RANDOM_G,b_dual,0.005081677263359617,OK,True
2003,17,BOTH_PG,b_dual,9.727281533270882e-17,OK,True
2003,17,RANDOM_PG,b_dual,0.004496971079841228,OK,True
2003,17,BASE_G,b_primal,0.003697464358087374,OK,True
2003,17,PRIMAL_G,b_primal,2.0927459052698148e-17,OK,True
2003,17,DUAL_G,b_primal,0.0032026139594274698,OK,True
2003,17,BOTH_G,b_primal,1.8055866764613765e-17,OK,True
2003,17,RANDOM_G,b_primal,0.003850400136115567,OK,True
2003,17,BOTH_PG,b_primal,2.0306699606963232e-16,OK,True
2003,17,RANDOM_PG,b_primal,0.005777122135528409,OK,True
2003,17,BASE_G,b_solver,0.0061900721967033225,OK,True
2003,17,PRIMAL_G,b_solver,0.005171135731917443,OK,True
2003,17,DUAL_G,b_solver,0.0032026139594416286,OK,True
2003,17,BOTH_G,b_solver,1.5649171414114487e-13,OK,True
2003,17,RANDOM_G,b_solver,0.006622166929350097,OK,True
2003,17,BOTH_PG,b_solver,1.0698118447166236e-13,OK,True
2003,17,RANDOM_PG,b_solver,0.007497631197262386,OK,True
2007,17,BASE_G,b_dual,0.0013169795602106732,OK,True
2007,17,PRIMAL_G,b_dual,0.0011842942211701553,OK,True
2007,17,DUAL_G,b_dual,4.275335170209666e-17,OK,True
2007,17,BOTH_G,b_dual,6.84480206031877e-17,OK,True
2007,17,RANDOM_G,b_dual,0.0013463329382170496,OK,True
2007,17,BOTH_PG,b_dual,1.4645656586685253e-17,OK,True
2007,17,RANDOM_PG,b_dual,0.0010868026923931465,OK,True
2007,17,BASE_G,b_primal,0.006905580199806259,OK,True
2007,17,PRIMAL_G,b_primal,1.0996860700571486e-17,OK,True
2007,17,DUAL_G,b_primal,0.005787425849394663,OK,True
2007,17,BOTH_G,b_primal,1.0989140739341754e-17,OK,True
2007,17,RANDOM_G,b_primal,0.006792147432242843,OK,True
2007,17,BOTH_PG,b_primal,3.4856229659000134e-17,OK,True
2007,17,RANDOM_PG,b_primal,0.010693787103382677,OK,True
2007,17,BASE_G,b_solver,0.007108329118189756,OK,True
2007,17,PRIMAL_G,b_solver,0.0011842942211701601,OK,True
2007,17,DUAL_G,b_solver,0.005787425849394659,OK,True
2007,17,BOTH_G,b_solver,7.56993056793053e-17,OK,True
2007,17,RANDOM_G,b_solver,0.0069439927239127236,OK,True
2007,17,BOTH_PG,b_solver,4.982985728938552e-17,OK,True
2007,17,RANDOM_PG,b_solver,0.010749259496524515,OK,True
2013,17,BASE_G,b_dual,0.0013661432216259403,OK,True
2013,17,PRIMAL_G,b_dual,0.0012888909304967808,OK,True
2013,17,DUAL_G,b_dual,9.656718611734851e-17,OK,True
2013,17,BOTH_G,b_dual,1.5406274844893654e-16,OK,True
2013,17,RANDOM_G,b_dual,0.0014849876043607358,OK,True
2013,17,BOTH_PG,b_dual,3.705898502265763e-17,OK,True
2013,17,RANDOM_PG,b_dual,0.0013333524742196556,OK,True
2013,17,BASE_G,b_primal,0.008196229698519282,OK,True
2013,17,PRIMAL_G,b_primal,2.6523466692714162e-17,OK,True
2013,17,DUAL_G,b_primal,0.00788033157682691,OK,True
2013,17,BOTH_G,b_primal,2.608984419709531e-17,OK,True
2013,17,RANDOM_G,b_primal,0.008277708142223957,OK,True
2013,17,BOTH_PG,b_primal,1.0781231274237245e-16,OK,True
2013,17,RANDOM_PG,b_primal,0.021497870112112294,OK,True
2013,17,BASE_G,b_solver,0.008590084410722173,OK,True
2013,17,PRIMAL_G,b_solver,0.0012888909304967862,OK,True
2013,17,DUAL_G,b_solver,0.007880331576826936,OK,True
2013,17,BOTH_G,b_solver,1.584097445776769e-16,OK,True
2013,17,RANDOM_G,b_solver,0.008644216540021394,OK,True
2013,17,BOTH_PG,b_solver,1.3720302415201063e-16,OK,True
2013,17,RANDOM_PG,b_solver,0.021738721853392148,OK,True
