iteration,parent_object_id,degree,display_class,plotted_H_step_error,raw_row_count,display_reason,row_ids,source_lines
0,2001,0,valid,0.02184201409527977,1,unique recorded OK row with a nonzero verified reference,"[""20261005T082521_71339a28_2001_0_mixed_0""]",[5]
0,2001,1,valid,0.0189766164774007,1,unique recorded OK row with a nonzero verified reference,"[""20261005T082521_71339a28_2001_0_mixed_1""]",[6]
0,2001,2,valid,0.015046647107439859,1,unique recorded OK row with a nonzero verified reference,"[""20261005T082521_71339a28_2001_0_mixed_2""]",[7]
0,2001,3,valid,0.01324707023497228,1,unique recorded OK row with a nonzero verified reference,"[""20261005T082521_71339a28_2001_0_mixed_3""]",[8]
0,2001,4,valid,0.01252823105569006,1,unique recorded OK row with a nonzero verified reference,"[""20261005T082521_71339a28_2001_0_mixed_4""]",[9]
0,2001,5,valid,0.010753279187618132,1,unique recorded OK row with a nonzero verified reference,"[""20261005T082521_71339a28_2001_0_mixed_5""]",[10]
0,2005,0,valid,0.042679128569347066,1,unique recorded OK row with a nonzero verified reference,"[""20261005T082521_71339a28_2005_0_mixed_0""]",[160]
0,2005,1,valid,0.03892938141680048,1,unique recorded OK row with a nonzero verified reference,"[""20261005T082521_71339a28_2005_0_mixed_1""]",[161]
0,2005,2,valid,0.025927825574341458,1,unique recorded OK row with a nonzero verified reference,"[""20261005T082521_71339a28_2005_0_mixed_2""]",[162]
0,2005,3,valid,0.022500067147404556,1,unique recorded OK row with a nonzero verified reference,"[""20261005T082521_71339a28_2005_0_mixed_3""]",[163]
0,2005,4,valid,0.019218896174259235,1,unique recorded OK row with a nonzero verified reference,"[""20261005T082521_71339a28_2005_0_mixed_4""]",[164]
0,2005,5,valid,0.015698558399226025,1,unique recorded OK row with a nonzero verified reference,"[""20261005T082521_71339a28_2005_0_mixed_5""]",[165]
0,2003,0,valid,0.02528990331352254,1,unique recorded OK row with a nonzero verified reference,"[""20261005T082521_71339a28_2003_0_mixed_0""]",[315]
0,2003,1,valid,0.021403472892629682,1,unique recorded OK row with a nonzero verified reference,"[""20261005T082521_71339a28_2003_0_mixed_1""]",[316]
0,2003,2,valid,0.01465045213455076,1,unique recorded OK row with a nonzero verified reference,"[""20261005T082521_71339a28_2003_0_mixed_2""]",[317]
0,2003,3,valid,0.011104197092219891,1,unique recorded OK row with a nonzero verified reference,"[""20261005T082521_71339a28_2003_0_mixed_3""]",[318]
0,2003,4,valid,0.00864587705616746,1,unique recorded OK row with a nonzero verified reference,"[""20261005T082521_71339a28_2003_0_mixed_4""]",[319]
0,2003,5,valid,0.007749060194090609,1,unique recorded OK row with a nonzero verified reference,"[""20261005T082521_71339a28_2003_0_mixed_5""]",[320]
0,2007,0,valid,0.0346370100980737,1,unique recorded OK row with a nonzero verified reference,"[""20261005T082521_71339a28_2007_0_mixed_0""]",[470]
0,2007,1,valid,0.03412885697832624,1,unique recorded OK row with a nonzero verified reference,"[""20261005T082521_71339a28_2007_0_mixed_1""]",[471]
0,2007,2,valid,0.02588842864149726,1,unique recorded OK row with a nonzero verified reference,"[""20261005T082521_71339a28_2007_0_mixed_2""]",[472]
0,2007,3,valid,0.023192654030187557,1,unique recorded OK row with a nonzero verified reference,"[""20261005T082521_71339a28_2007_0_mixed_3""]",[473]
0,2007,4,valid,0.021068590620346894,1,unique recorded OK row with a nonzero verified reference,"[""20261005T082521_71339a28_2007_0_mixed_4""]",[474]
0,2007,5,valid,0.017614966915235498,1,unique recorded OK row with a nonzero verified reference,"[""20261005T082521_71339a28_2007_0_mixed_5""]",[475]
0,2010,0,invalid,,1,recorded status=FAILED,"[""20261005T082521_71339a28_2010_0_mixed_0""]",[625]
0,2010,1,invalid,,1,recorded status=FAILED,"[""20261005T082521_71339a28_2010_0_mixed_1""]",[626]
0,2010,2,invalid,,1,recorded status=FAILED,"[""20261005T082521_71339a28_2010_0_mixed_2""]",[627]
0,2010,3,invalid,,1,recorded status=FAILED,"[""20261005T082521_71339a28_2010_0_mixed_3""]",[628]
0,2010,4,invalid,,1,recorded status=FAILED,"[""20261005T082521_71339a28_2010_0_mixed_4""]",[629]
0,2010,5,invalid,,1,recorded status=FAILED,"[""20261005T082521_71339a28_2010_0_mixed_5""]",[630]
0,2013,0,valid,0.03561526362200619,1,unique recorded OK row with a nonzero verified reference,"[""20261005T082521_71339a28_2013_0_mixed_0""]",[780]
0,2013,1,valid,0.03129914976410251,1,unique recorded OK row with a nonzero verified reference,"[""20261005T082521_71339a28_2013_0_mixed_1""]",[781]
0,2013,2,valid,0.02479721974644194,1,unique recorded OK row with a nonzero verified reference,"[""20261005T082521_71339a28_2013_0_mixed_2""]",[782]
0,2013,3,valid,0.022439041606178572,1,unique recorded OK row with a nonzero verified reference,"[""20261005T082521_71339a28_2013_0_mixed_3""]",[783]
0,2013,4,valid,0.019393330568491712,1,unique recorded OK row with a nonzero verified reference,"[""20261005T082521_71339a28_2013_0_mixed_4""]",[784]
0,2013,5,valid,0.013250694592937639,1,unique recorded OK row with a nonzero verified reference,"[""20261005T082521_71339a28_2013_0_mixed_5""]",[785]
17,2001,0,valid,4.127244585045161,1,unique recorded OK row with a nonzero verified reference,"[""20261005T082521_71339a28_2001_17_mixed_0""]",[82]
17,2001,1,valid,3.114818326985325,1,unique recorded OK row with a nonzero verified reference,"[""20261005T082521_71339a28_2001_17_mixed_1""]",[83]
17,2001,2,valid,2.8026709651761883,1,unique recorded OK row with a nonzero verified reference,"[""20261005T082521_71339a28_2001_17_mixed_2""]",[84]
17,2001,3,valid,2.695060239644571,1,unique recorded OK row with a nonzero verified reference,"[""20261005T082521_71339a28_2001_17_mixed_3""]",[85]
17,2001,4,valid,2.570417102294003,1,unique recorded OK row with a nonzero verified reference,"[""20261005T082521_71339a28_2001_17_mixed_4""]",[86]
17,2001,5,valid,2.463268976322091,1,unique recorded OK row with a nonzero verified reference,"[""20261005T082521_71339a28_2001_17_mixed_5""]",[87]
17,2005,0,valid,6.573211883535582,1,unique recorded OK row with a nonzero verified reference,"[""20261005T082521_71339a28_2005_17_mixed_0""]",[237]
17,2005,1,valid,5.113195435982987,1,unique recorded OK row with a nonzero verified reference,"[""20261005T082521_71339a28_2005_17_mixed_1""]",[238]
17,2005,2,valid,4.704389368516216,1,unique recorded OK row with a nonzero verified reference,"[""20261005T082521_71339a28_2005_17_mixed_2""]",[239]
17,2005,3,valid,4.49688065497439,1,unique recorded OK row with a nonzero verified reference,"[""20261005T082521_71339a28_2005_17_mixed_3""]",[240]
17,2005,4,valid,4.506540168453662,1,unique recorded OK row with a nonzero verified reference,"[""20261005T082521_71339a28_2005_17_mixed_4""]",[241]
17,2005,5,valid,4.416471394074735,1,unique recorded OK row with a nonzero verified reference,"[""20261005T082521_71339a28_2005_17_mixed_5""]",[242]
17,2003,0,valid,2.042183396575713,1,unique recorded OK row with a nonzero verified reference,"[""20261005T082521_71339a28_2003_17_mixed_0""]",[392]
17,2003,1,valid,1.6388538718032895,1,unique recorded OK row with a nonzero verified reference,"[""20261005T082521_71339a28_2003_17_mixed_1""]",[393]
17,2003,2,valid,1.5379191321935968,1,unique recorded OK row with a nonzero verified reference,"[""20261005T082521_71339a28_2003_17_mixed_2""]",[394]
17,2003,3,valid,1.4615655132883139,1,unique recorded OK row with a nonzero verified reference,"[""20261005T082521_71339a28_2003_17_mixed_3""]",[395]
17,2003,4,valid,1.4640025085404833,1,unique recorded OK row with a nonzero verified reference,"[""20261005T082521_71339a28_2003_17_mixed_4""]",[396]
17,2003,5,valid,1.436782475603188,1,unique recorded OK row with a nonzero verified reference,"[""20261005T082521_71339a28_2003_17_mixed_5""]",[397]
17,2007,0,valid,3.986573787496384,1,unique recorded OK row with a nonzero verified reference,"[""20261005T082521_71339a28_2007_17_mixed_0""]",[547]
17,2007,1,valid,3.7404473350119374,1,unique recorded OK row with a nonzero verified reference,"[""20261005T082521_71339a28_2007_17_mixed_1""]",[548]
17,2007,2,valid,3.4071804040050346,1,unique recorded OK row with a nonzero verified reference,"[""20261005T082521_71339a28_2007_17_mixed_2""]",[549]
17,2007,3,valid,3.3645175889607017,1,unique recorded OK row with a nonzero verified reference,"[""20261005T082521_71339a28_2007_17_mixed_3""]",[550]
17,2007,4,valid,3.134082213753716,1,unique recorded OK row with a nonzero verified reference,"[""20261005T082521_71339a28_2007_17_mixed_4""]",[551]
17,2007,5,valid,3.0905374536062165,1,unique recorded OK row with a nonzero verified reference,"[""20261005T082521_71339a28_2007_17_mixed_5""]",[552]
17,2010,0,invalid,,1,recorded status=FAILED,"[""20261005T082521_71339a28_2010_17_mixed_0""]",[702]
17,2010,1,invalid,,1,recorded status=FAILED,"[""20261005T082521_71339a28_2010_17_mixed_1""]",[703]
17,2010,2,invalid,,1,recorded status=FAILED,"[""20261005T082521_71339a28_2010_17_mixed_2""]",[704]
17,2010,3,invalid,,1,recorded status=FAILED,"[""20261005T082521_71339a28_2010_17_mixed_3""]",[705]
17,2010,4,invalid,,1,recorded status=FAILED,"[""20261005T082521_71339a28_2010_17_mixed_4""]",[706]
17,2010,5,invalid,,1,recorded status=FAILED,"[""20261005T082521_71339a28_2010_17_mixed_5""]",[707]
17,2013,0,valid,2.4264466222701397,1,unique recorded OK row with a nonzero verified reference,"[""20261005T082521_71339a28_2013_17_mixed_0""]",[857]
17,2013,1,valid,1.7057155726304543,1,unique recorded OK row with a nonzero verified reference,"[""20261005T082521_71339a28_2013_17_mixed_1""]",[858]
17,2013,2,valid,1.65691350547777,1,unique recorded OK row with a nonzero verified reference,"[""20261005T082521_71339a28_2013_17_mixed_2""]",[859]
17,2013,3,valid,1.5649374280612458,1,unique recorded OK row with a nonzero verified reference,"[""20261005T082521_71339a28_2013_17_mixed_3""]",[860]
17,2013,4,valid,1.5118750141777877,1,unique recorded OK row with a nonzero verified reference,"[""20261005T082521_71339a28_2013_17_mixed_4""]",[861]
17,2013,5,valid,1.500354338228488,1,unique recorded OK row with a nonzero verified reference,"[""20261005T082521_71339a28_2013_17_mixed_5""]",[862]
