scene_id,direction_id,amplitude_level,noise_level,intervention,draws,status,empirical_signed_coefficient_SD,empirical_gain_per_white_noise_SD,regularized_linear_witness_gain,interpretation
2001,0,0,1.0,nominal,16,RECORDED,5.713250034797596e-05,5.713250034797596e-05,5.001358317028547e-05,"constrained estimator SD across 16 paired proper-Gaussian noise draws; empirical, not a linear identity"
2001,0,0,1.0,source_amplitude_5pct_receiver_gain_3pct,16,RECORDED,5.7173427760838696e-05,5.7173427760838696e-05,5.001358317028547e-05,"constrained estimator SD across 16 paired proper-Gaussian noise draws; empirical, not a linear identity"
2001,0,0,3.0,nominal,16,RECORDED,0.00017141679069266743,5.7138930230889145e-05,5.0013583170285476e-05,"constrained estimator SD across 16 paired proper-Gaussian noise draws; empirical, not a linear identity"
2001,0,0,3.0,source_amplitude_5pct_receiver_gain_3pct,16,RECORDED,0.000171521509400824,5.7173836466941335e-05,5.0013583170285476e-05,"constrained estimator SD across 16 paired proper-Gaussian noise draws; empirical, not a linear identity"
2001,0,1,1.0,nominal,16,RECORDED,5.250286273023571e-05,5.250286273023571e-05,5.001358317028547e-05,"constrained estimator SD across 16 paired proper-Gaussian noise draws; empirical, not a linear identity"
2001,0,1,1.0,source_amplitude_5pct_receiver_gain_3pct,16,RECORDED,5.229418310902535e-05,5.229418310902535e-05,5.001358317028547e-05,"constrained estimator SD across 16 paired proper-Gaussian noise draws; empirical, not a linear identity"
2001,0,1,3.0,nominal,16,RECORDED,0.0001575080785860507,5.25026928620169e-05,5.0013583170285476e-05,"constrained estimator SD across 16 paired proper-Gaussian noise draws; empirical, not a linear identity"
2001,0,1,3.0,source_amplitude_5pct_receiver_gain_3pct,16,RECORDED,0.0001568776766297558,5.229255887658526e-05,5.0013583170285476e-05,"constrained estimator SD across 16 paired proper-Gaussian noise draws; empirical, not a linear identity"
2001,1,0,1.0,nominal,16,RECORDED,0.002388701577474537,0.002388701577474537,0.0023557795175763742,"constrained estimator SD across 16 paired proper-Gaussian noise draws; empirical, not a linear identity"
2001,1,0,1.0,source_amplitude_5pct_receiver_gain_3pct,16,RECORDED,0.0024426676120412236,0.0024426676120412236,0.0023557795175763742,"constrained estimator SD across 16 paired proper-Gaussian noise draws; empirical, not a linear identity"
2001,1,0,3.0,nominal,16,RECORDED,0.007274467183845893,0.0024248223946152976,0.0023557795175763742,"constrained estimator SD across 16 paired proper-Gaussian noise draws; empirical, not a linear identity"
2001,1,0,3.0,source_amplitude_5pct_receiver_gain_3pct,16,RECORDED,0.007383559789416263,0.0024611865964720876,0.0023557795175763742,"constrained estimator SD across 16 paired proper-Gaussian noise draws; empirical, not a linear identity"
2001,1,1,1.0,nominal,16,RECORDED,0.0017005636032150961,0.0017005636032150961,0.0023557795175763742,"constrained estimator SD across 16 paired proper-Gaussian noise draws; empirical, not a linear identity"
2001,1,1,1.0,source_amplitude_5pct_receiver_gain_3pct,16,RECORDED,0.0016664826940612474,0.0016664826940612474,0.0023557795175763742,"constrained estimator SD across 16 paired proper-Gaussian noise draws; empirical, not a linear identity"
2001,1,1,3.0,nominal,16,RECORDED,0.005079904717567012,0.0016933015725223374,0.0023557795175763742,"constrained estimator SD across 16 paired proper-Gaussian noise draws; empirical, not a linear identity"
2001,1,1,3.0,source_amplitude_5pct_receiver_gain_3pct,16,RECORDED,0.004870633549374047,0.0016235445164580157,0.0023557795175763742,"constrained estimator SD across 16 paired proper-Gaussian noise draws; empirical, not a linear identity"
2001,2,0,1.0,nominal,16,RECORDED,0.0006656550079053041,0.0006656550079053041,0.0005811576133690657,"constrained estimator SD across 16 paired proper-Gaussian noise draws; empirical, not a linear identity"
2001,2,0,1.0,source_amplitude_5pct_receiver_gain_3pct,16,RECORDED,0.0006688375967601735,0.0006688375967601735,0.0005811576133690657,"constrained estimator SD across 16 paired proper-Gaussian noise draws; empirical, not a linear identity"
2001,2,0,3.0,nominal,16,RECORDED,0.00207214941822936,0.00069071647274312,0.0005811576133690657,"constrained estimator SD across 16 paired proper-Gaussian noise draws; empirical, not a linear identity"
2001,2,0,3.0,source_amplitude_5pct_receiver_gain_3pct,16,RECORDED,0.0020065125992195496,0.0006688375330731832,0.0005811576133690657,"constrained estimator SD across 16 paired proper-Gaussian noise draws; empirical, not a linear identity"
2001,2,1,1.0,nominal,16,RECORDED,0.00055652168258528,0.00055652168258528,0.0005811576133690657,"constrained estimator SD across 16 paired proper-Gaussian noise draws; empirical, not a linear identity"
2001,2,1,1.0,source_amplitude_5pct_receiver_gain_3pct,16,RECORDED,0.0005584023402045348,0.0005584023402045348,0.0005811576133690657,"constrained estimator SD across 16 paired proper-Gaussian noise draws; empirical, not a linear identity"
2001,2,1,3.0,nominal,16,RECORDED,0.001651635449378836,0.0005505451497929453,0.0005811576133690657,"constrained estimator SD across 16 paired proper-Gaussian noise draws; empirical, not a linear identity"
2001,2,1,3.0,source_amplitude_5pct_receiver_gain_3pct,16,RECORDED,0.0016831305162064991,0.0005610435054021664,0.0005811576133690657,"constrained estimator SD across 16 paired proper-Gaussian noise draws; empirical, not a linear identity"
2001,3,0,1.0,nominal,16,RECORDED,0.0006348333912657173,0.0006348333912657173,0.0005350408163278022,"constrained estimator SD across 16 paired proper-Gaussian noise draws; empirical, not a linear identity"
2001,3,0,1.0,source_amplitude_5pct_receiver_gain_3pct,16,RECORDED,0.0006634751648226746,0.0006634751648226746,0.0005350408163278022,"constrained estimator SD across 16 paired proper-Gaussian noise draws; empirical, not a linear identity"
2001,3,0,3.0,nominal,16,RECORDED,0.0019062069502291602,0.0006354023167430534,0.0005350408163278022,"constrained estimator SD across 16 paired proper-Gaussian noise draws; empirical, not a linear identity"
2001,3,0,3.0,source_amplitude_5pct_receiver_gain_3pct,16,RECORDED,0.002010509151424345,0.0006701697171414483,0.0005350408163278022,"constrained estimator SD across 16 paired proper-Gaussian noise draws; empirical, not a linear identity"
2001,3,1,1.0,nominal,16,RECORDED,0.0004967909861287875,0.0004967909861287875,0.0005350408163278022,"constrained estimator SD across 16 paired proper-Gaussian noise draws; empirical, not a linear identity"
2001,3,1,1.0,source_amplitude_5pct_receiver_gain_3pct,16,RECORDED,0.0004923922503676023,0.0004923922503676023,0.0005350408163278022,"constrained estimator SD across 16 paired proper-Gaussian noise draws; empirical, not a linear identity"
2001,3,1,3.0,nominal,16,RECORDED,0.0014850865510765631,0.0004950288503588544,0.0005350408163278022,"constrained estimator SD across 16 paired proper-Gaussian noise draws; empirical, not a linear identity"
2001,3,1,3.0,source_amplitude_5pct_receiver_gain_3pct,16,RECORDED,0.0015040924922149175,0.0005013641640716392,0.0005350408163278022,"constrained estimator SD across 16 paired proper-Gaussian noise draws; empirical, not a linear identity"
2003,0,0,1.0,nominal,16,RECORDED,7.132047481893557e-05,7.132047481893557e-05,4.979539596145965e-05,"constrained estimator SD across 16 paired proper-Gaussian noise draws; empirical, not a linear identity"
2003,0,0,1.0,source_amplitude_5pct_receiver_gain_3pct,16,RECORDED,7.132051983147782e-05,7.132051983147782e-05,4.979539596145965e-05,"constrained estimator SD across 16 paired proper-Gaussian noise draws; empirical, not a linear identity"
2003,0,0,3.0,nominal,16,RECORDED,0.00021396153733702287,7.132051244567429e-05,4.979539596145965e-05,"constrained estimator SD across 16 paired proper-Gaussian noise draws; empirical, not a linear identity"
2003,0,0,3.0,source_amplitude_5pct_receiver_gain_3pct,16,RECORDED,0.00021396155218091921,7.132051739363973e-05,4.979539596145965e-05,"constrained estimator SD across 16 paired proper-Gaussian noise draws; empirical, not a linear identity"
2003,0,1,1.0,nominal,16,RECORDED,2.5876212172155924e-05,2.5876212172155924e-05,4.979539596145965e-05,"constrained estimator SD across 16 paired proper-Gaussian noise draws; empirical, not a linear identity"
2003,0,1,1.0,source_amplitude_5pct_receiver_gain_3pct,16,RECORDED,2.5876410140591937e-05,2.5876410140591937e-05,4.979539596145965e-05,"constrained estimator SD across 16 paired proper-Gaussian noise draws; empirical, not a linear identity"
2003,0,1,3.0,nominal,16,RECORDED,7.762941282308396e-05,2.5876470941027987e-05,4.979539596145965e-05,"constrained estimator SD across 16 paired proper-Gaussian noise draws; empirical, not a linear identity"
2003,0,1,3.0,source_amplitude_5pct_receiver_gain_3pct,16,RECORDED,7.762939007528143e-05,2.5876463358427142e-05,4.979539596145965e-05,"constrained estimator SD across 16 paired proper-Gaussian noise draws; empirical, not a linear identity"
2003,1,0,1.0,nominal,16,RECORDED,0.001201839933286091,0.001201839933286091,0.002461640983724536,"constrained estimator SD across 16 paired proper-Gaussian noise draws; empirical, not a linear identity"
2003,1,0,1.0,source_amplitude_5pct_receiver_gain_3pct,16,RECORDED,0.0012018319701140342,0.0012018319701140342,0.002461640983724536,"constrained estimator SD across 16 paired proper-Gaussian noise draws; empirical, not a linear identity"
2003,1,0,3.0,nominal,16,RECORDED,0.0036054658369284905,0.0012018219456428302,0.002461640983724536,"constrained estimator SD across 16 paired proper-Gaussian noise draws; empirical, not a linear identity"
2003,1,0,3.0,source_amplitude_5pct_receiver_gain_3pct,16,RECORDED,0.0036054955633046857,0.0012018318544348952,0.002461640983724536,"constrained estimator SD across 16 paired proper-Gaussian noise draws; empirical, not a linear identity"
2003,1,1,1.0,nominal,16,RECORDED,0.0010506277878639479,0.0010506277878639479,0.002461640983724536,"constrained estimator SD across 16 paired proper-Gaussian noise draws; empirical, not a linear identity"
2003,1,1,1.0,source_amplitude_5pct_receiver_gain_3pct,16,RECORDED,0.0010506306646315784,0.0010506306646315784,0.002461640983724536,"constrained estimator SD across 16 paired proper-Gaussian noise draws; empirical, not a linear identity"
2003,1,1,3.0,nominal,16,RECORDED,0.0031518674616479994,0.0010506224872159997,0.002461640983724536,"constrained estimator SD across 16 paired proper-Gaussian noise draws; empirical, not a linear identity"
2003,1,1,3.0,source_amplitude_5pct_receiver_gain_3pct,16,RECORDED,0.0031518764715097953,0.001050625490503265,0.002461640983724536,"constrained estimator SD across 16 paired proper-Gaussian noise draws; empirical, not a linear identity"
2003,2,0,1.0,nominal,16,RECORDED,0.0005627872232295497,0.0005627872232295497,0.0006466288399962395,"constrained estimator SD across 16 paired proper-Gaussian noise draws; empirical, not a linear identity"
2003,2,0,1.0,source_amplitude_5pct_receiver_gain_3pct,16,RECORDED,0.0005627839609560818,0.0005627839609560818,0.0006466288399962395,"constrained estimator SD across 16 paired proper-Gaussian noise draws; empirical, not a linear identity"
2003,2,0,3.0,nominal,16,RECORDED,0.001688349044430066,0.000562783014810022,0.0006466288399962395,"constrained estimator SD across 16 paired proper-Gaussian noise draws; empirical, not a linear identity"
2003,2,0,3.0,source_amplitude_5pct_receiver_gain_3pct,16,RECORDED,0.0016883475863130452,0.0005627825287710151,0.0006466288399962395,"constrained estimator SD across 16 paired proper-Gaussian noise draws; empirical, not a linear identity"
2003,2,1,1.0,nominal,16,RECORDED,0.00037512428610303336,0.00037512428610303336,0.0006466288399962395,"constrained estimator SD across 16 paired proper-Gaussian noise draws; empirical, not a linear identity"
2003,2,1,1.0,source_amplitude_5pct_receiver_gain_3pct,16,RECORDED,0.0003755364852146954,0.0003755364852146954,0.0006466288399962395,"constrained estimator SD across 16 paired proper-Gaussian noise draws; empirical, not a linear identity"
2003,2,1,3.0,nominal,16,RECORDED,0.0011266234565606445,0.0003755411521868815,0.0006466288399962395,"constrained estimator SD across 16 paired proper-Gaussian noise draws; empirical, not a linear identity"
2003,2,1,3.0,source_amplitude_5pct_receiver_gain_3pct,16,RECORDED,0.0011266099782521238,0.0003755366594173746,0.0006466288399962395,"constrained estimator SD across 16 paired proper-Gaussian noise draws; empirical, not a linear identity"
2003,3,0,1.0,nominal,16,RECORDED,0.0005472901355937332,0.0005472901355937332,0.0005865927854357316,"constrained estimator SD across 16 paired proper-Gaussian noise draws; empirical, not a linear identity"
2003,3,0,1.0,source_amplitude_5pct_receiver_gain_3pct,16,RECORDED,0.0005472877381084024,0.0005472877381084024,0.0005865927854357316,"constrained estimator SD across 16 paired proper-Gaussian noise draws; empirical, not a linear identity"
2003,3,0,3.0,nominal,16,RECORDED,0.0016418776727044997,0.0005472925575681666,0.0005865927854357316,"constrained estimator SD across 16 paired proper-Gaussian noise draws; empirical, not a linear identity"
2003,3,0,3.0,source_amplitude_5pct_receiver_gain_3pct,16,RECORDED,0.0016418783882197717,0.0005472927960732572,0.0005865927854357316,"constrained estimator SD across 16 paired proper-Gaussian noise draws; empirical, not a linear identity"
2003,3,1,1.0,nominal,16,RECORDED,0.0006021975462329002,0.0006021975462329002,0.0005865927854357316,"constrained estimator SD across 16 paired proper-Gaussian noise draws; empirical, not a linear identity"
2003,3,1,1.0,source_amplitude_5pct_receiver_gain_3pct,16,RECORDED,0.0006021973817654748,0.0006021973817654748,0.0005865927854357316,"constrained estimator SD across 16 paired proper-Gaussian noise draws; empirical, not a linear identity"
2003,3,1,3.0,nominal,16,RECORDED,0.0018065922905725973,0.0006021974301908657,0.0005865927854357316,"constrained estimator SD across 16 paired proper-Gaussian noise draws; empirical, not a linear identity"
2003,3,1,3.0,source_amplitude_5pct_receiver_gain_3pct,16,RECORDED,0.0018065932369226315,0.0006021977456408771,0.0005865927854357316,"constrained estimator SD across 16 paired proper-Gaussian noise draws; empirical, not a linear identity"
2009,0,0,1.0,nominal,16,RECORDED,4.2538638957232466e-05,4.2538638957232466e-05,4.971869178128396e-05,"constrained estimator SD across 16 paired proper-Gaussian noise draws; empirical, not a linear identity"
2009,0,0,1.0,source_amplitude_5pct_receiver_gain_3pct,16,RECORDED,4.2538641761631465e-05,4.2538641761631465e-05,4.971869178128396e-05,"constrained estimator SD across 16 paired proper-Gaussian noise draws; empirical, not a linear identity"
2009,0,0,3.0,nominal,16,RECORDED,0.0001276159068890829,4.2538635629694304e-05,4.971869178128396e-05,"constrained estimator SD across 16 paired proper-Gaussian noise draws; empirical, not a linear identity"
2009,0,0,3.0,source_amplitude_5pct_receiver_gain_3pct,16,RECORDED,0.00012761592376391034,4.253864125463678e-05,4.971869178128396e-05,"constrained estimator SD across 16 paired proper-Gaussian noise draws; empirical, not a linear identity"
2009,0,1,1.0,nominal,16,RECORDED,4.0665337568210544e-05,4.0665337568210544e-05,4.971869178128396e-05,"constrained estimator SD across 16 paired proper-Gaussian noise draws; empirical, not a linear identity"
2009,0,1,1.0,source_amplitude_5pct_receiver_gain_3pct,16,RECORDED,4.0666615726323246e-05,4.0666615726323246e-05,4.971869178128396e-05,"constrained estimator SD across 16 paired proper-Gaussian noise draws; empirical, not a linear identity"
2009,0,1,3.0,nominal,16,RECORDED,0.00012199601065590025,4.0665336885300083e-05,4.971869178128396e-05,"constrained estimator SD across 16 paired proper-Gaussian noise draws; empirical, not a linear identity"
2009,0,1,3.0,source_amplitude_5pct_receiver_gain_3pct,16,RECORDED,0.00012199991688308177,4.0666638961027256e-05,4.971869178128396e-05,"constrained estimator SD across 16 paired proper-Gaussian noise draws; empirical, not a linear identity"
2009,1,0,1.0,nominal,16,RECORDED,0.0016863729381958658,0.0016863729381958658,0.002305292336002826,"constrained estimator SD across 16 paired proper-Gaussian noise draws; empirical, not a linear identity"
2009,1,0,1.0,source_amplitude_5pct_receiver_gain_3pct,16,RECORDED,0.0016863667298297426,0.0016863667298297426,0.002305292336002826,"constrained estimator SD across 16 paired proper-Gaussian noise draws; empirical, not a linear identity"
2009,1,0,3.0,nominal,16,RECORDED,0.005059120565740627,0.0016863735219135425,0.002305292336002826,"constrained estimator SD across 16 paired proper-Gaussian noise draws; empirical, not a linear identity"
2009,1,0,3.0,source_amplitude_5pct_receiver_gain_3pct,16,RECORDED,0.005059125278469518,0.0016863750928231725,0.002305292336002826,"constrained estimator SD across 16 paired proper-Gaussian noise draws; empirical, not a linear identity"
2009,1,1,1.0,nominal,16,RECORDED,0.0014062677596584625,0.0014062677596584625,0.002305292336002826,"constrained estimator SD across 16 paired proper-Gaussian noise draws; empirical, not a linear identity"
2009,1,1,1.0,source_amplitude_5pct_receiver_gain_3pct,16,RECORDED,0.0014062757579066433,0.0014062757579066433,0.002305292336002826,"constrained estimator SD across 16 paired proper-Gaussian noise draws; empirical, not a linear identity"
2009,1,1,3.0,nominal,16,RECORDED,0.004218705889452464,0.0014062352964841545,0.002305292336002826,"constrained estimator SD across 16 paired proper-Gaussian noise draws; empirical, not a linear identity"
2009,1,1,3.0,source_amplitude_5pct_receiver_gain_3pct,16,RECORDED,0.00421881720650565,0.00140627240216855,0.002305292336002826,"constrained estimator SD across 16 paired proper-Gaussian noise draws; empirical, not a linear identity"
2009,2,0,1.0,nominal,16,RECORDED,0.00010701510756512699,0.00010701510756512699,9.480404139370499e-05,"constrained estimator SD across 16 paired proper-Gaussian noise draws; empirical, not a linear identity"
2009,2,0,1.0,source_amplitude_5pct_receiver_gain_3pct,16,RECORDED,0.00010701509396968814,0.00010701509396968814,9.480404139370499e-05,"constrained estimator SD across 16 paired proper-Gaussian noise draws; empirical, not a linear identity"
2009,2,0,3.0,nominal,16,RECORDED,0.0003210453152257189,0.00010701510507523964,9.4804041393705e-05,"constrained estimator SD across 16 paired proper-Gaussian noise draws; empirical, not a linear identity"
2009,2,0,3.0,source_amplitude_5pct_receiver_gain_3pct,16,RECORDED,0.00032090162652717087,0.00010696720884239029,9.4804041393705e-05,"constrained estimator SD across 16 paired proper-Gaussian noise draws; empirical, not a linear identity"
2009,2,1,1.0,nominal,16,RECORDED,7.243829714305136e-05,7.243829714305136e-05,9.480404139370499e-05,"constrained estimator SD across 16 paired proper-Gaussian noise draws; empirical, not a linear identity"
2009,2,1,1.0,source_amplitude_5pct_receiver_gain_3pct,16,RECORDED,7.243828838660988e-05,7.243828838660988e-05,9.480404139370499e-05,"constrained estimator SD across 16 paired proper-Gaussian noise draws; empirical, not a linear identity"
2009,2,1,3.0,nominal,16,RECORDED,0.00021765356555840054,7.255118851946685e-05,9.4804041393705e-05,"constrained estimator SD across 16 paired proper-Gaussian noise draws; empirical, not a linear identity"
2009,2,1,3.0,source_amplitude_5pct_receiver_gain_3pct,16,RECORDED,0.00021762696334993266,7.254232111664422e-05,9.4804041393705e-05,"constrained estimator SD across 16 paired proper-Gaussian noise draws; empirical, not a linear identity"
2009,3,0,1.0,nominal,16,RECORDED,0.00021623077426219926,0.00021623077426219926,0.0006600940751916232,"constrained estimator SD across 16 paired proper-Gaussian noise draws; empirical, not a linear identity"
2009,3,0,1.0,source_amplitude_5pct_receiver_gain_3pct,16,RECORDED,0.00022261662870491574,0.00022261662870491574,0.0006600940751916232,"constrained estimator SD across 16 paired proper-Gaussian noise draws; empirical, not a linear identity"
2009,3,0,3.0,nominal,16,RECORDED,0.0006534371334577485,0.0002178123778192495,0.0006600940751916232,"constrained estimator SD across 16 paired proper-Gaussian noise draws; empirical, not a linear identity"
2009,3,0,3.0,source_amplitude_5pct_receiver_gain_3pct,16,RECORDED,0.0006678497898560919,0.0002226165966186973,0.0006600940751916232,"constrained estimator SD across 16 paired proper-Gaussian noise draws; empirical, not a linear identity"
2009,3,1,1.0,nominal,16,RECORDED,0.00016254126912707275,0.00016254126912707275,0.0006600940751916232,"constrained estimator SD across 16 paired proper-Gaussian noise draws; empirical, not a linear identity"
2009,3,1,1.0,source_amplitude_5pct_receiver_gain_3pct,16,RECORDED,0.00016719128824847727,0.00016719128824847727,0.0006600940751916232,"constrained estimator SD across 16 paired proper-Gaussian noise draws; empirical, not a linear identity"
2009,3,1,3.0,nominal,16,RECORDED,0.00048762402468253844,0.00016254134156084614,0.0006600940751916232,"constrained estimator SD across 16 paired proper-Gaussian noise draws; empirical, not a linear identity"
2009,3,1,3.0,source_amplitude_5pct_receiver_gain_3pct,16,RECORDED,0.0005013712049595777,0.00016712373498652588,0.0006600940751916232,"constrained estimator SD across 16 paired proper-Gaussian noise draws; empirical, not a linear identity"
2014,0,0,1.0,nominal,16,RECORDED,6.698696510107474e-05,6.698696510107474e-05,4.967905847728454e-05,"constrained estimator SD across 16 paired proper-Gaussian noise draws; empirical, not a linear identity"
2014,0,0,1.0,source_amplitude_5pct_receiver_gain_3pct,16,RECORDED,6.690390276577814e-05,6.690390276577814e-05,4.967905847728454e-05,"constrained estimator SD across 16 paired proper-Gaussian noise draws; empirical, not a linear identity"
2014,0,0,3.0,nominal,16,RECORDED,0.00020125449647919667,6.708483215973222e-05,4.967905847728454e-05,"constrained estimator SD across 16 paired proper-Gaussian noise draws; empirical, not a linear identity"
2014,0,0,3.0,source_amplitude_5pct_receiver_gain_3pct,16,RECORDED,0.000201155127884469,6.7051709294823e-05,4.967905847728454e-05,"constrained estimator SD across 16 paired proper-Gaussian noise draws; empirical, not a linear identity"
2014,0,1,1.0,nominal,16,RECORDED,5.2412573975552565e-05,5.2412573975552565e-05,4.967905847728454e-05,"constrained estimator SD across 16 paired proper-Gaussian noise draws; empirical, not a linear identity"
2014,0,1,1.0,source_amplitude_5pct_receiver_gain_3pct,16,RECORDED,5.1984561547302035e-05,5.1984561547302035e-05,4.967905847728454e-05,"constrained estimator SD across 16 paired proper-Gaussian noise draws; empirical, not a linear identity"
2014,0,1,3.0,nominal,16,RECORDED,0.0001572852827956033,5.2428427598534434e-05,4.967905847728454e-05,"constrained estimator SD across 16 paired proper-Gaussian noise draws; empirical, not a linear identity"
2014,0,1,3.0,source_amplitude_5pct_receiver_gain_3pct,16,RECORDED,0.00015595364758807842,5.198454919602614e-05,4.967905847728454e-05,"constrained estimator SD across 16 paired proper-Gaussian noise draws; empirical, not a linear identity"
2014,1,0,1.0,nominal,16,RECORDED,0.0023627284715329057,0.0023627284715329057,0.002431054043274105,"constrained estimator SD across 16 paired proper-Gaussian noise draws; empirical, not a linear identity"
2014,1,0,1.0,source_amplitude_5pct_receiver_gain_3pct,16,RECORDED,0.0020354483163547658,0.0020354483163547658,0.002431054043274105,"constrained estimator SD across 16 paired proper-Gaussian noise draws; empirical, not a linear identity"
2014,1,0,3.0,nominal,16,RECORDED,0.0070729883623075526,0.002357662787435851,0.002431054043274105,"constrained estimator SD across 16 paired proper-Gaussian noise draws; empirical, not a linear identity"
2014,1,0,3.0,source_amplitude_5pct_receiver_gain_3pct,16,RECORDED,0.006106345918056399,0.002035448639352133,0.002431054043274105,"constrained estimator SD across 16 paired proper-Gaussian noise draws; empirical, not a linear identity"
2014,1,1,1.0,nominal,16,RECORDED,0.0014272239341613798,0.0014272239341613798,0.002431054043274105,"constrained estimator SD across 16 paired proper-Gaussian noise draws; empirical, not a linear identity"
2014,1,1,1.0,source_amplitude_5pct_receiver_gain_3pct,16,RECORDED,0.0015036656166745618,0.0015036656166745618,0.002431054043274105,"constrained estimator SD across 16 paired proper-Gaussian noise draws; empirical, not a linear identity"
2014,1,1,3.0,nominal,16,RECORDED,0.00425870770646746,0.0014195692354891532,0.002431054043274105,"constrained estimator SD across 16 paired proper-Gaussian noise draws; empirical, not a linear identity"
2014,1,1,3.0,source_amplitude_5pct_receiver_gain_3pct,16,RECORDED,0.004450433456973516,0.001483477818991172,0.002431054043274105,"constrained estimator SD across 16 paired proper-Gaussian noise draws; empirical, not a linear identity"
2014,2,0,1.0,nominal,16,RECORDED,6.963362562653172e-05,6.963362562653172e-05,9.452546795247708e-05,"constrained estimator SD across 16 paired proper-Gaussian noise draws; empirical, not a linear identity"
2014,2,0,1.0,source_amplitude_5pct_receiver_gain_3pct,16,RECORDED,6.9597359038525e-05,6.9597359038525e-05,9.452546795247708e-05,"constrained estimator SD across 16 paired proper-Gaussian noise draws; empirical, not a linear identity"
2014,2,0,3.0,nominal,16,RECORDED,0.00020890649631057586,6.963549877019196e-05,9.452546795247708e-05,"constrained estimator SD across 16 paired proper-Gaussian noise draws; empirical, not a linear identity"
2014,2,0,3.0,source_amplitude_5pct_receiver_gain_3pct,16,RECORDED,0.00020879206460317127,6.959735486772375e-05,9.452546795247708e-05,"constrained estimator SD across 16 paired proper-Gaussian noise draws; empirical, not a linear identity"
2014,2,1,1.0,nominal,16,RECORDED,7.49227463579165e-05,7.49227463579165e-05,9.452546795247708e-05,"constrained estimator SD across 16 paired proper-Gaussian noise draws; empirical, not a linear identity"
2014,2,1,1.0,source_amplitude_5pct_receiver_gain_3pct,16,RECORDED,7.493214461610103e-05,7.493214461610103e-05,9.452546795247708e-05,"constrained estimator SD across 16 paired proper-Gaussian noise draws; empirical, not a linear identity"
2014,2,1,3.0,nominal,16,RECORDED,0.0002247882959509687,7.492943198365623e-05,9.452546795247708e-05,"constrained estimator SD across 16 paired proper-Gaussian noise draws; empirical, not a linear identity"
2014,2,1,3.0,source_amplitude_5pct_receiver_gain_3pct,16,RECORDED,0.0002247915369093644,7.493051230312146e-05,9.452546795247708e-05,"constrained estimator SD across 16 paired proper-Gaussian noise draws; empirical, not a linear identity"
2014,3,0,1.0,nominal,16,RECORDED,0.0006106167216486594,0.0006106167216486594,0.0007189418871557193,"constrained estimator SD across 16 paired proper-Gaussian noise draws; empirical, not a linear identity"
2014,3,0,1.0,source_amplitude_5pct_receiver_gain_3pct,16,RECORDED,0.0005754143927228253,0.0005754143927228253,0.0007189418871557193,"constrained estimator SD across 16 paired proper-Gaussian noise draws; empirical, not a linear identity"
2014,3,0,3.0,nominal,16,RECORDED,0.0018226051401756612,0.0006075350467252203,0.0007189418871557193,"constrained estimator SD across 16 paired proper-Gaussian noise draws; empirical, not a linear identity"
2014,3,0,3.0,source_amplitude_5pct_receiver_gain_3pct,16,RECORDED,0.0017292710932825183,0.0005764236977608394,0.0007189418871557193,"constrained estimator SD across 16 paired proper-Gaussian noise draws; empirical, not a linear identity"
2014,3,1,1.0,nominal,16,RECORDED,0.0008048344124189137,0.0008048344124189137,0.0007189418871557193,"constrained estimator SD across 16 paired proper-Gaussian noise draws; empirical, not a linear identity"
2014,3,1,1.0,source_amplitude_5pct_receiver_gain_3pct,16,RECORDED,0.0007629247140448743,0.0007629247140448743,0.0007189418871557193,"constrained estimator SD across 16 paired proper-Gaussian noise draws; empirical, not a linear identity"
2014,3,1,3.0,nominal,16,RECORDED,0.0024016935136155224,0.0008005645045385075,0.0007189418871557193,"constrained estimator SD across 16 paired proper-Gaussian noise draws; empirical, not a linear identity"
2014,3,1,3.0,source_amplitude_5pct_receiver_gain_3pct,16,RECORDED,0.0022445544026758316,0.0007481848008919438,0.0007189418871557193,"constrained estimator SD across 16 paired proper-Gaussian noise draws; empirical, not a linear identity"
