parent_id,iteration,method,status,actual_rank,relative_H_step_error,absolute_H_step_error,full_quadratic_gap,full_stationarity_defect_norm,full_KKT_relative,material_cosine,H_angle_degrees,material_norm_ratio,H_norm_ratio,full_objective_slope,truth_one_step_error,oracle_material_span_capture,oracle_qM_source_capture,oracle_finalZ_source_capture,reference_tangent_error,basis_construction_wall_seconds
2001,17,FIXED-DEEP,OK,56,2.6950602397728516,0.0019223089295761185,1.8569251930397514e-06,0.0008543560849317698,1.7941935968038532,0.24390560661157273,88.50313754757957,0.4990342967936929,2.528927046208223,-2.4466509423758347e-08,0.3260340142691139,0.055534283053704586,0.05207233812191832,0.16966164822830906,3.0785483831931066,3.607066100004886
2001,17,WIDE-M,OK,56,2.095953194387738,0.0014949831109840879,1.1174872510638285e-06,0.0008573063798748122,1.8304673276526178,0.11096491674123354,83.46621235157868,0.3911312664931235,1.9593155256577746,-1.1357338265663827e-07,0.3256512191980531,0.24034764727451272,0.182175012980678,0.30308431437733246,4.873626125378405,3.8430472999971244
2001,17,CHEAP-TASK,OK,56,2.351696438402246,0.0016773974089625582,1.4108504737790955e-06,0.000819239777746364,1.7320237756176555,0.48258211412347773,83.58505176156677,0.49730591488427733,2.2431501014951705,-1.2363343089768817e-07,0.32871601609985485,0.054752576423981056,0.05579752217556949,0.17586647699711913,3.1391562458023152,5.791030700005649
2001,17,ORACLE-M,OK,56,2.6756457094896877,0.0019084611036996933,1.8211118921673252e-06,0.0008560288762305842,1.8084099336550257,0.19811161167658012,84.80877259841373,0.5452965194985641,2.5738782967769627,-1.1862837766367973e-07,0.3275926618932753,0.9999999999999981,0.38797245691968696,0.4863956723929139,3.968526160876121,3.844961000002513
2001,17,PROTECTED-ORACLE,OK,56,3.661016534307273,0.002611297762983524,3.409438003481377e-06,0.0011919635438971375,2.5320951011461656,0.6765419036292252,72.43773735197118,1.1920778485095298,3.836440065173659,-5.890903710666197e-07,0.34315997759729516,0.9999999999999999,1.000000000000001,1.0,0.00028740990479476886,3.9377185000048485
2001,17,PROTECTED-RANDOM,OK,56,2.132165564246776,0.0015208123525401167,1.156435105819303e-06,0.000759097722339658,1.617853282559437,0.5802975318588546,81.6139990242133,0.3829072472877119,2.0345974367606012,-1.5110918556051033e-07,0.32640740492884174,0.08369316345439913,0.028440653718945788,0.11943571421062661,3.0436489608419532,4.013165800002753
2005,17,FIXED-DEEP,OK,56,4.496880654974365,0.00349656835616589,6.144856432107491e-06,0.0019571850478526717,4.238113588958404,-0.0270172482627169,86.86613737160071,0.4320776476732281,4.439292576487454,-1.4596241764607986e-07,0.6576796596924135,0.071861793509222,0.050898083022459316,0.4008501757374221,11.415353249028538,3.8665795999913826
2005,17,WIDE-M,OK,56,3.9050978652307977,0.0030364251735684133,4.6584056147995385e-06,0.001957371959018275,4.231685848876867,0.012732433879282419,87.45069676198163,0.38427161557474293,3.81963040700112,-8.534408474862769e-08,0.6573903683565161,0.29955954110648714,0.24461895768243208,0.5263706262925789,10.969024719205812,3.807936899997003
2005,17,CHEAP-TASK,OK,56,3.233544616049214,0.0025142561366892037,3.1936362587919786e-06,0.0014583018110593743,3.1578254335400087,0.08938444010816451,87.57607584005184,0.33532964004003823,3.117613874147035,-7.791736989150036e-08,0.6603091275898816,0.06649539320830396,0.05767315829749166,0.41199519597142364,11.4064192526534,5.996061499987263
2005,17,ORACLE-M,OK,56,3.868886215206416,0.0030082686536795104,4.56126321952071e-06,0.0019404398976463069,4.201853426069562,0.0074757981682461935,86.99097082882349,0.35071057610876283,3.790278246724186,-1.1496361823261169e-07,0.6595498778492226,0.9999999999999993,0.5540099262658594,0.6435255791669522,7.6397887686245465,3.817186499996751
2005,17,PROTECTED-ORACLE,OK,56,4.782921229587236,0.0037189804009828934,6.9436404860517355e-06,0.002230115980641262,4.8291217291276265,0.8960939248785147,76.86650855680678,0.9713013863017173,4.909951066018258,-6.773684323830498e-07,0.6822969330557231,0.9999999999999988,1.0,1.0000000000000004,0.0005068243729022708,3.954650399995444
2005,17,PROTECTED-RANDOM,OK,56,5.365688792964564,0.004172113756623767,8.733717656491612e-06,0.0023306213944343053,5.046757440389328,-0.1444715598244382,86.71890916389991,0.4064622148892868,5.329225820072571,-1.8505335698901068e-07,0.658506880147647,0.13039721027524598,0.018687612940793914,0.3659579268868009,9.899809873011902,3.927662900001451
2003,17,FIXED-DEEP,OK,56,1.4615655132883103,0.005308969979498256,1.4338393079709567e-05,0.0013363092109683636,0.864088779577542,-0.1650262847510606,64.16264968851874,0.6392602942130756,1.5873868426253506,-9.732692664545896e-06,0.21517763465559012,0.026274566922833302,0.037375187898454634,0.13519697918941254,1.2275533825010727,3.6731948999949964
2003,17,WIDE-M,OK,56,1.3654864098180952,0.004959973597644069,1.2473515314200695e-05,0.001360248624857193,0.860754596923269,0.35071988664699644,64.04572016703025,0.49805334429176173,1.4653181327690727,-9.139223575778928e-06,0.2157193912573826,0.3935884302657398,0.23400996481889133,0.3076229105346151,1.8117221002138748,3.881592099991394
2003,17,CHEAP-TASK,OK,56,1.3499260830141333,0.004903452485779876,1.2321815764482067e-05,0.0012435485385778374,0.811813951675939,-0.16440898391667888,63.177796831094845,0.5624509537541545,1.4640920919142177,-9.267229086178224e-06,0.21576898354886218,0.02431677200785943,0.04375510645564097,0.1398146430657787,1.4191511329547044,5.778819299994211
2003,17,ORACLE-M,OK,56,1.5323825666154884,0.005566204846312163,1.576941679620568e-05,0.0014690789483603871,0.9419300967231261,-0.1673751093682166,66.12847842262813,0.6089559494879957,1.634308189957728,-9.298930030422314e-06,0.21599219284589344,1.0000000000000016,0.40759371200813405,0.48568888397199,1.607820352390592,3.9094856000010623
2003,17,PROTECTED-ORACLE,OK,56,1.740121637429967,0.00632079332044878,2.1505935953897398e-05,0.0018057999888958886,1.2015983458312982,0.8292171625388635,62.83537924676802,1.3075144424517184,1.9520284863610657,-1.1079504961026869e-05,0.2612617574824632,1.0000000000000029,1.0,0.9999999999999996,0.0031314059934599834,4.131917599996086
2003,17,PROTECTED-RANDOM,OK,56,1.4799172680423511,0.005375630634921849,1.4981816049209162e-05,0.0014254898800077536,0.9363399548402821,0.011666127538427027,64.39967579798986,0.6524006830605839,1.6054866180247782,-9.47051882586753e-06,0.213018112897289,0.12308789401953918,0.055922995274319244,0.1375288557835929,1.3182812703901017,3.9559949999966193
2007,17,FIXED-DEEP,OK,56,3.364517588960701,0.0019505120982416567,1.9079140206503057e-06,0.0011456984698437129,4.297101867576946,-0.1178956527864593,89.43929101906808,0.2943702054207169,3.2222733181985728,-1.6038806490481757e-08,0.6849754664616412,0.05565295520244779,0.022831740196472338,0.35638407134118144,12.790818791769377,3.666757300008612
2007,17,WIDE-M,OK,56,2.490325701975419,0.001443716753392172,1.0436759642408575e-06,0.0008934315859309052,3.350939743316262,0.08128526284340415,87.80817730569335,0.2059010193908974,2.3192942491673527,-3.9400757745765866e-08,0.6876121315406647,0.14592588706959395,0.17660508162752675,0.49756196450799345,12.264876275952602,3.9772542000137037
2007,17,CHEAP-TASK,OK,56,3.0119350668459566,0.0017461093995398199,1.5352105880492033e-06,0.0010063102903021912,3.7743070638903093,-0.11445979613167027,88.79326180278754,0.26400498130615263,2.862221093140372,-2.0603355681380203e-08,0.6854275718807926,0.055524182813775656,0.024519367357927823,0.3671682475803476,12.763903275557903,5.6693408000064665
2007,17,ORACLE-M,OK,56,3.127749645930834,0.0018132505963637004,1.6603115715651012e-06,0.0012489142585294971,4.684227075473586,0.20366835108793868,87.01722102161165,0.263688712759051,3.0160745287923665,-4.748022939260932e-08,0.6869480137923195,1.0,0.3858102329170562,0.5625758011627506,11.34834833679872,3.636656500006211
2007,17,PROTECTED-ORACLE,OK,56,3.803798487549441,0.00220517645488973,2.443165155580905e-06,0.0014690671379630736,5.509941147951586,0.7928658178714921,77.4485912565037,0.8202179202309183,3.8937416231465036,-2.8372946559113104e-07,0.6997308541894776,1.000000000000001,1.0000000000000018,1.000000000000001,0.00048676306806630734,3.9551708000071812
2007,17,PROTECTED-RANDOM,OK,56,3.5678300309261908,0.002068378439341464,2.1547304289511974e-06,0.0011561097431268496,4.336150799775418,-0.23328404642475292,89.13475773764334,0.3382623527632568,3.439956831399433,-1.2928758970050725e-08,0.6840444378181606,0.06372515327447845,0.010520075949162051,0.30276771727984225,14.62779239806559,3.9194386000090162
2013,17,FIXED-DEEP,OK,56,1.5649374280612418,0.0020113552450519937,2.1614056208716382e-06,0.0009817890527131208,2.1262767274561507,-0.35861906455057363,90.34881118787426,0.1548114624034282,1.1976837965847662,5.545716203794088e-08,0.8037005548366112,0.06888177315993378,0.012292727385864373,0.18973041050470174,6.836001138015935,3.8850487999952747
2013,17,WIDE-M,OK,56,1.4856917171199662,0.0019095037118906492,1.9460100830407354e-06,0.000934422913689655,2.023695099766647,0.23246319378396446,85.53768515243924,0.11533099045655751,1.1793174451452613,-1.2388002056741788e-07,0.8042551037353718,0.4223087885782139,0.1442518977142637,0.31070653205667514,10.160053115613804,3.8791408999968553
2013,17,CHEAP-TASK,OK,56,1.586349312740721,0.0020388751354861265,2.2618657589917587e-06,0.0014077705290660271,3.0488318292813275,-0.5299982880243103,92.47745609771052,0.19192754850190802,1.1889963549156028,1.7304266122881876e-07,0.8028743012439666,0.04552945093290284,0.01454732455186532,0.20610536887994002,7.064082495206972,5.965305499994429
2013,17,ORACLE-M,OK,56,1.5714906616809428,0.0020197778698654127,2.219596384887274e-06,0.001079778173386919,2.338493380572031,-0.22673797586997357,88.97817230810723,0.14958879903722366,1.2302280197310287,4.8385918105574174e-08,0.8031089859383613,0.9999999999999982,0.33989362831164105,0.46232505411092556,7.984559454125103,3.842904900004214
2013,17,PROTECTED-ORACLE,OK,56,1.7238589579939894,0.0022156111130823995,2.5018696768300087e-06,0.001487588585391247,3.21993750834009,0.9667297172506706,57.74896327338777,0.9969043146362584,2.035778443290987,-1.8423590918454559e-06,0.8338350514149024,0.9999999999999989,0.9999999999999998,0.9999999999999998,0.00013750670040845093,3.7519730999993044
2013,17,PROTECTED-RANDOM,OK,56,1.799113503465651,0.0023123329513069155,2.7584820757000323e-06,0.0013497062256358024,2.923081010672725,0.40555413345664704,86.50928784501096,0.12129656916474506,1.55772226403881,-1.6685160645478527e-07,0.804866527585498,0.09265384815890158,0.03855700798897839,0.2162529811622661,7.482907008717397,4.010541400006332
